loan_id,defaulted_12m,grade,purpose,home_ownership,emp_length,annual_inc,dti,fico_range_low
77757,0,B,other,OWN,< 1 year,20000.0,10.0,710.0
146564,0,C,other,MORTGAGE,4 years,109000.0,24.01,765.0
152911,0,F,debt_consolidation,MORTGAGE,2 years,120000.0,19.02,665.0
167669,0,E,debt_consolidation,MORTGAGE,1 year,30000.0,13.16,645.0
169271,0,F,small_business,MORTGAGE,10+ years,72000.0,28.4,690.0
204428,0,D,debt_consolidation,RENT,6 years,39996.0,9.48,660.0
257100,0,F,debt_consolidation,RENT,6 years,36000.0,26.03,665.0
264101,0,G,debt_consolidation,MORTGAGE,< 1 year,101100.0,29.7,660.0
280733,0,G,debt_consolidation,RENT,2 years,47216.0,23.53,640.0
285386,0,A,other,MORTGAGE,10+ years,54080.0,10.78,730.0
345503,0,D,other,RENT,1 year,50000.0,18.01,670.0
351026,0,E,car,RENT,6 years,48000.0,19.4,650.0
351734,0,F,credit_card,MORTGAGE,1 year,45000.0,22.83,650.0
352645,0,E,educational,MORTGAGE,1 year,42450.0,23.89,660.0
361677,0,A,home_improvement,MORTGAGE,5 years,120000.0,6.46,725.0
381265,0,F,debt_consolidation,RENT,2 years,38376.0,10.76,670.0
388497,0,E,debt_consolidation,MORTGAGE,5 years,80000.0,16.3,660.0
412736,0,D,credit_card,MORTGAGE,1 year,82000.0,13.21,695.0
415990,0,B,debt_consolidation,MORTGAGE,2 years,45000.0,22.37,710.0
421971,0,F,credit_card,RENT,3 years,73700.0,21.85,670.0
423396,0,C,other,RENT,2 years,42000.0,19.63,670.0
464677,0,D,debt_consolidation,RENT,10+ years,39000.0,13.91,665.0
479215,0,A,credit_card,RENT,2 years,42000.0,19.77,735.0
486412,0,A,other,RENT,1 year,100000.0,5.59,760.0
488783,0,B,debt_consolidation,RENT,3 years,35976.0,20.68,735.0
502326,0,C,credit_card,RENT,9 years,75000.0,23.54,705.0
515798,0,F,car,MORTGAGE,3 years,57000.0,3.64,660.0
519950,0,B,debt_consolidation,MORTGAGE,3 years,67000.0,23.21,730.0
528810,0,E,debt_consolidation,MORTGAGE,10+ years,29880.0,14.14,680.0
532621,0,G,debt_consolidation,MORTGAGE,4 years,136000.0,22.93,665.0
534128,0,C,debt_consolidation,RENT,< 1 year,60000.0,22.92,690.0
538862,0,B,debt_consolidation,MORTGAGE,4 years,62000.0,11.61,755.0
548792,0,D,debt_consolidation,RENT,4 years,60000.0,6.34,660.0
550558,0,F,small_business,MORTGAGE,1 year,125000.0,22.8,685.0
581087,0,E,debt_consolidation,RENT,3 years,150000.0,8.34,690.0
589786,0,A,debt_consolidation,OWN,2 years,23004.0,24.05,725.0
590102,0,G,debt_consolidation,MORTGAGE,3 years,126000.0,9.39,665.0
603999,0,E,home_improvement,MORTGAGE,5 years,72000.0,4.2,680.0
622808,0,C,debt_consolidation,MORTGAGE,3 years,52800.0,17.34,715.0
630959,0,A,home_improvement,MORTGAGE,6 years,75000.0,15.79,760.0
631347,0,A,credit_card,RENT,2 years,60000.0,5.44,745.0
661258,0,G,small_business,MORTGAGE,10+ years,180000.0,17.95,680.0
665860,0,B,debt_consolidation,RENT,6 years,44100.0,19.73,690.0
667962,0,A,credit_card,MORTGAGE,4 years,52000.0,18.88,730.0
669574,0,D,debt_consolidation,RENT,< 1 year,50000.0,22.27,685.0
674749,0,G,debt_consolidation,RENT,6 years,145000.0,12.03,665.0
679729,0,A,debt_consolidation,MORTGAGE,8 years,75000.0,18.67,695.0
686310,0,D,car,RENT,2 years,60000.0,11.72,690.0
696566,0,F,debt_consolidation,MORTGAGE,6 years,80000.0,17.09,680.0
708241,0,D,small_business,OWN,5 years,150000.0,23.79,665.0
716187,0,F,debt_consolidation,RENT,2 years,50004.0,2.95,660.0
716589,0,F,credit_card,RENT,< 1 year,55000.0,24.72,675.0
716791,0,E,major_purchase,MORTGAGE,4 years,100008.0,14.13,675.0
719204,0,F,medical,RENT,7 years,60000.0,22.6,665.0
739407,0,F,major_purchase,MORTGAGE,< 1 year,90996.0,18.63,680.0
747991,0,D,car,RENT,5 years,14000.0,3.0,695.0
748740,0,F,debt_consolidation,RENT,10+ years,65499.0,24.97,665.0
758995,0,B,debt_consolidation,MORTGAGE,3 years,70000.0,11.01,705.0
759277,0,E,small_business,RENT,2 years,95100.0,22.03,690.0
761524,0,E,debt_consolidation,RENT,6 years,52400.0,14.66,700.0
768638,0,D,other,RENT,2 years,34200.0,15.89,680.0
769653,0,F,credit_card,RENT,3 years,42500.0,19.26,680.0
771753,0,A,other,MORTGAGE,,66000.0,2.96,790.0
787086,0,G,debt_consolidation,RENT,9 years,85000.0,13.68,660.0
796979,0,E,debt_consolidation,MORTGAGE,< 1 year,61000.0,13.5,690.0
799595,0,F,debt_consolidation,RENT,4 years,78000.0,9.72,660.0
828539,0,G,debt_consolidation,RENT,10+ years,58000.0,23.07,660.0
832885,0,D,other,RENT,4 years,31000.0,24.04,700.0
841266,0,F,credit_card,RENT,5 years,42744.0,20.58,660.0
853204,0,E,debt_consolidation,OWN,2 years,63000.0,14.67,670.0
856521,0,B,major_purchase,RENT,3 years,24240.0,0.0,775.0
878197,0,A,wedding,RENT,10+ years,80000.0,7.44,735.0
981989,0,F,debt_consolidation,RENT,< 1 year,77000.0,23.47,675.0
993768,0,D,debt_consolidation,RENT,10+ years,250000.0,16.42,660.0
1006327,0,C,car,RENT,1 year,37200.0,18.16,705.0
1032493,0,E,credit_card,MORTGAGE,6 years,41000.0,24.91,665.0
1038542,0,C,debt_consolidation,MORTGAGE,1 year,27600.0,6.74,705.0
1038701,0,B,debt_consolidation,RENT,10+ years,92000.0,8.27,685.0
1038943,0,F,major_purchase,MORTGAGE,5 years,82000.0,20.9,675.0
1042060,0,F,credit_card,OWN,2 years,56000.0,21.9,675.0
1045401,0,B,debt_consolidation,RENT,10+ years,45000.0,15.81,740.0
1045795,0,C,home_improvement,MORTGAGE,3 years,48000.0,19.15,695.0
1047748,0,F,debt_consolidation,MORTGAGE,10+ years,115000.0,17.24,665.0
1051513,0,E,debt_consolidation,RENT,5 years,45000.0,24.53,685.0
1064698,0,E,debt_consolidation,RENT,10+ years,60000.0,20.48,700.0
1067223,0,B,debt_consolidation,MORTGAGE,10+ years,48000.0,11.93,695.0
1076751,0,C,credit_card,RENT,2 years,67000.0,18.88,690.0
1082215,0,E,debt_consolidation,RENT,< 1 year,45760.0,4.67,665.0
1100379,0,G,house,RENT,4 years,69000.0,17.08,660.0
1100464,0,D,debt_consolidation,MORTGAGE,10+ years,475000.0,17.17,705.0
1106661,0,E,debt_consolidation,MORTGAGE,3 years,90000.0,10.61,700.0
1113592,0,A,credit_card,MORTGAGE,4 years,60000.0,26.65,730.0
1119494,0,B,debt_consolidation,RENT,7 years,40000.0,18.84,695.0
1119853,0,G,home_improvement,MORTGAGE,,53136.0,3.36,660.0
1122759,0,C,credit_card,RENT,2 years,45573.0,24.88,670.0
1133113,0,G,debt_consolidation,RENT,< 1 year,65000.0,24.38,660.0
1145764,0,A,small_business,RENT,4 years,89500.0,16.06,765.0
1148022,0,B,credit_card,MORTGAGE,2 years,55000.0,5.04,725.0
1149580,0,A,debt_consolidation,RENT,5 years,75000.0,24.13,735.0
1172473,0,A,debt_consolidation,MORTGAGE,8 years,62250.0,26.74,725.0
1182417,0,A,credit_card,RENT,10+ years,76900.0,16.02,735.0
1197293,0,C,other,OWN,10+ years,80000.0,15.33,730.0
1198440,0,A,debt_consolidation,OWN,< 1 year,51000.0,22.0,725.0
1204574,0,C,credit_card,RENT,5 years,28000.0,21.04,675.0
1227103,0,D,debt_consolidation,MORTGAGE,8 years,60000.0,10.0,720.0
1234072,0,C,debt_consolidation,MORTGAGE,10+ years,54470.0,18.18,700.0
1239426,0,A,other,OWN,,16980.0,18.73,720.0
1250833,0,D,debt_consolidation,MORTGAGE,3 years,70000.0,13.2,705.0
1254093,0,A,moving,OWN,1 year,105000.0,7.28,740.0
1257211,0,A,home_improvement,MORTGAGE,7 years,45000.0,5.68,755.0
1257303,0,F,small_business,RENT,3 years,112000.0,16.06,660.0
1258839,0,A,debt_consolidation,RENT,2 years,51000.0,22.68,720.0
1267221,0,E,debt_consolidation,MORTGAGE,10+ years,106000.0,19.15,670.0
1291078,0,G,credit_card,MORTGAGE,6 years,63324.0,16.16,665.0
1302934,0,A,moving,OWN,7 years,124000.0,6.7,715.0
1341951,0,F,debt_consolidation,RENT,10+ years,95000.0,27.22,680.0
1345783,0,G,debt_consolidation,MORTGAGE,4 years,89500.0,28.67,695.0
1349788,0,F,debt_consolidation,MORTGAGE,< 1 year,55000.0,22.54,670.0
1358908,0,E,debt_consolidation,RENT,< 1 year,60000.0,20.28,675.0
1359088,0,G,debt_consolidation,MORTGAGE,,65000.0,18.56,665.0
1367016,0,G,credit_card,RENT,5 years,65000.0,14.1,665.0
1376475,0,G,debt_consolidation,MORTGAGE,10+ years,100000.0,21.37,665.0
1383574,0,B,credit_card,MORTGAGE,10+ years,110000.0,8.67,720.0
1390080,0,E,credit_card,RENT,< 1 year,120000.0,12.22,660.0
1392467,0,E,other,RENT,4 years,60000.0,8.76,660.0
1393562,1,D,debt_consolidation,RENT,6 years,30000.0,12.68,660.0
1396556,0,B,debt_consolidation,MORTGAGE,10+ years,140000.0,7.77,675.0
1399622,0,D,debt_consolidation,MORTGAGE,10+ years,157000.0,23.25,680.0
1400329,0,E,debt_consolidation,MORTGAGE,3 years,104000.0,21.54,720.0
1417340,0,B,debt_consolidation,RENT,9 years,75000.0,18.14,705.0
1422561,0,G,debt_consolidation,RENT,5 years,68000.0,19.76,670.0
1431276,0,F,debt_consolidation,OWN,10+ years,72000.0,23.35,665.0
1459059,0,A,major_purchase,MORTGAGE,3 years,102000.0,7.35,705.0
1465624,0,G,debt_consolidation,RENT,10+ years,89131.0,16.27,660.0
1477060,0,C,debt_consolidation,RENT,10+ years,40000.0,22.44,665.0
1479604,0,C,debt_consolidation,MORTGAGE,5 years,100000.0,13.08,700.0
1485197,0,F,debt_consolidation,MORTGAGE,10+ years,75000.0,8.91,660.0
1496047,0,A,debt_consolidation,RENT,4 years,55000.0,10.47,730.0
1508777,0,D,credit_card,RENT,3 years,67000.0,15.92,660.0
1518451,0,A,credit_card,MORTGAGE,2 years,84000.0,10.31,735.0
1523175,0,B,credit_card,RENT,5 years,39500.0,31.72,715.0
1523414,0,E,debt_consolidation,MORTGAGE,8 years,40056.0,15.22,670.0
1524629,1,D,wedding,MORTGAGE,1 year,180000.0,11.38,720.0
1536519,0,E,debt_consolidation,RENT,7 years,70000.0,24.58,675.0
1536933,0,D,debt_consolidation,MORTGAGE,1 year,101000.0,10.61,720.0
1543181,0,B,debt_consolidation,MORTGAGE,5 years,67000.0,28.24,710.0
1549805,0,F,debt_consolidation,MORTGAGE,4 years,65000.0,7.42,665.0
1552538,0,B,major_purchase,RENT,3 years,30000.0,4.2,690.0
1576690,0,B,debt_consolidation,RENT,10+ years,96000.0,15.31,680.0
1577542,0,A,debt_consolidation,RENT,3 years,95000.0,7.79,765.0
1582802,0,F,debt_consolidation,RENT,10+ years,86000.0,22.68,690.0
1595780,0,E,home_improvement,MORTGAGE,1 year,51000.0,11.43,690.0
1596426,0,F,debt_consolidation,MORTGAGE,< 1 year,160000.0,21.37,680.0
1602924,0,D,debt_consolidation,RENT,8 years,42200.0,24.03,665.0
1613599,0,G,debt_consolidation,MORTGAGE,9 years,65000.0,16.58,670.0
1614754,0,D,debt_consolidation,MORTGAGE,10+ years,66000.0,15.89,660.0
1622588,0,B,debt_consolidation,RENT,10+ years,78000.0,18.42,690.0
1675344,0,C,credit_card,MORTGAGE,6 years,48000.0,26.3,690.0
1678824,0,F,credit_card,RENT,2 years,68500.0,27.31,680.0
1681116,0,E,debt_consolidation,MORTGAGE,10+ years,68000.0,24.45,690.0
1690270,0,F,debt_consolidation,MORTGAGE,10+ years,75000.0,20.3,665.0
1690809,0,B,credit_card,RENT,10+ years,50000.0,11.8,690.0
1691812,0,G,credit_card,RENT,6 years,61000.0,18.18,695.0
1864837,0,C,home_improvement,MORTGAGE,9 years,47050.54,27.99,665.0
1954802,0,G,debt_consolidation,MORTGAGE,1 year,85000.0,17.92,685.0
2014734,0,A,credit_card,OWN,5 years,31000.0,9.99,710.0
2083414,0,B,debt_consolidation,MORTGAGE,3 years,46500.0,26.43,740.0
2083567,0,B,debt_consolidation,MORTGAGE,7 years,50000.0,27.1,730.0
2224788,0,G,debt_consolidation,MORTGAGE,1 year,78000.0,12.86,670.0
2228099,0,E,debt_consolidation,RENT,10+ years,85000.0,5.28,675.0
2296962,0,E,debt_consolidation,RENT,2 years,44000.0,23.97,675.0
2300136,0,B,home_improvement,MORTGAGE,10+ years,58000.0,21.29,685.0
2380259,1,F,other,RENT,3 years,28000.0,23.6,660.0
2477562,0,C,debt_consolidation,MORTGAGE,2 years,93500.0,21.96,690.0
2486197,0,A,debt_consolidation,MORTGAGE,10+ years,120000.0,11.47,720.0
2644934,0,A,credit_card,MORTGAGE,2 years,100000.0,18.6,690.0
2835707,0,C,home_improvement,MORTGAGE,1 year,84000.0,9.14,665.0
2838671,0,F,major_purchase,RENT,7 years,45450.0,26.22,680.0
2896422,0,E,debt_consolidation,MORTGAGE,10+ years,90000.0,24.75,670.0
2897040,0,B,debt_consolidation,RENT,10+ years,93000.0,13.97,670.0
2994578,0,G,debt_consolidation,RENT,10+ years,116562.0,14.22,680.0
3054615,0,D,debt_consolidation,MORTGAGE,9 years,120760.0,10.36,680.0
3056752,0,A,credit_card,MORTGAGE,3 years,109000.0,30.74,715.0
3096651,0,C,debt_consolidation,MORTGAGE,10+ years,80000.0,15.09,660.0
3096849,0,C,debt_consolidation,MORTGAGE,6 years,50000.0,11.66,665.0
3097091,0,D,debt_consolidation,MORTGAGE,9 years,80000.0,24.48,670.0
3144930,0,F,debt_consolidation,RENT,< 1 year,48000.0,21.53,670.0
3152963,0,D,other,RENT,10+ years,43000.0,15.35,695.0
3194667,0,B,debt_consolidation,MORTGAGE,10+ years,95000.0,12.34,700.0
3195534,0,C,debt_consolidation,RENT,10+ years,41000.0,16.62,685.0
3286615,0,D,debt_consolidation,RENT,4 years,19900.0,13.87,675.0
3296375,0,B,car,RENT,1 year,45000.0,6.91,715.0
3297740,0,G,debt_consolidation,MORTGAGE,4 years,60000.0,12.52,665.0
3347885,0,B,credit_card,RENT,7 years,45000.0,20.32,700.0
3352606,1,F,debt_consolidation,MORTGAGE,6 years,55000.0,9.56,665.0
3356822,0,A,debt_consolidation,MORTGAGE,< 1 year,112000.0,21.35,745.0
3370245,0,B,debt_consolidation,RENT,3 years,90000.0,13.09,690.0
3379100,0,B,credit_card,RENT,2 years,65000.0,6.28,660.0
3381704,0,E,debt_consolidation,OWN,3 years,14400.0,22.75,710.0
3494599,0,E,debt_consolidation,RENT,8 years,50000.0,21.67,680.0
3526968,0,C,debt_consolidation,OWN,< 1 year,30000.0,28.81,680.0
3527974,0,D,home_improvement,MORTGAGE,3 years,45000.0,4.48,670.0
3638038,0,B,debt_consolidation,RENT,2 years,41000.0,31.11,690.0
3641139,0,A,debt_consolidation,MORTGAGE,< 1 year,75000.0,19.72,765.0
3642670,0,F,small_business,MORTGAGE,10+ years,70000.0,7.77,710.0
3665055,0,E,debt_consolidation,RENT,10+ years,75000.0,15.54,675.0
3665476,0,C,debt_consolidation,RENT,10+ years,38480.0,20.43,725.0
3666108,0,B,debt_consolidation,MORTGAGE,9 years,147000.0,13.68,700.0
3675370,0,E,small_business,OWN,10+ years,82000.0,1.13,695.0
3698365,0,G,other,RENT,5 years,33280.0,14.42,665.0
3703410,0,C,debt_consolidation,RENT,10+ years,27000.0,7.42,665.0
3724789,0,G,debt_consolidation,MORTGAGE,6 years,102000.0,22.56,660.0
3846886,0,A,debt_consolidation,MORTGAGE,10+ years,120000.0,12.19,710.0
3848844,1,G,other,RENT,,54442.88,12.72,665.0
3914664,0,A,debt_consolidation,RENT,10+ years,63000.0,23.75,745.0
3921604,0,C,debt_consolidation,MORTGAGE,6 years,101500.0,4.73,660.0
4094872,0,F,home_improvement,MORTGAGE,10+ years,95000.0,17.1,660.0
4186761,0,E,credit_card,RENT,6 years,35000.0,27.46,680.0
4215086,0,E,home_improvement,MORTGAGE,8 years,101000.0,18.26,680.0
4285177,0,F,debt_consolidation,MORTGAGE,10+ years,120000.0,19.91,685.0
4289826,0,E,medical,OWN,10+ years,42000.0,15.69,670.0
4295681,0,D,debt_consolidation,RENT,10+ years,62000.0,17.25,665.0
4296951,0,F,wedding,RENT,2 years,16500.0,3.64,745.0
4305951,1,C,debt_consolidation,MORTGAGE,2 years,79000.0,19.84,670.0
4309125,0,F,other,RENT,10+ years,100000.0,5.11,710.0
4334576,0,D,credit_card,RENT,,77000.0,6.33,675.0
4375081,0,F,credit_card,RENT,< 1 year,105000.0,6.81,680.0
4425347,0,C,debt_consolidation,MORTGAGE,2 years,59000.0,13.04,675.0
4435401,0,E,debt_consolidation,MORTGAGE,7 years,52000.0,18.23,695.0
4554864,0,F,debt_consolidation,RENT,5 years,66000.0,15.98,690.0
4566999,0,F,other,RENT,10+ years,46000.0,13.63,670.0
4568460,0,A,credit_card,MORTGAGE,10+ years,68205.0,8.15,825.0
4767528,0,G,debt_consolidation,MORTGAGE,< 1 year,153000.0,21.53,670.0
4788255,0,F,debt_consolidation,MORTGAGE,10+ years,65000.0,23.76,670.0
4806840,0,G,debt_consolidation,RENT,10+ years,93000.0,6.67,670.0
4895227,0,G,home_improvement,MORTGAGE,10+ years,72000.0,14.52,685.0
4915630,0,C,credit_card,RENT,2 years,49000.0,18.98,695.0
5027623,1,F,debt_consolidation,MORTGAGE,7 years,79000.0,22.51,660.0
5031747,0,B,debt_consolidation,RENT,9 years,27000.0,15.64,685.0
5036035,1,F,debt_consolidation,MORTGAGE,10+ years,125000.0,28.73,710.0
5037288,0,D,medical,RENT,3 years,47600.0,19.16,695.0
5042962,0,C,debt_consolidation,MORTGAGE,10+ years,98000.0,25.87,735.0
5115188,0,G,debt_consolidation,RENT,2 years,60000.0,9.18,665.0
5115494,0,D,debt_consolidation,MORTGAGE,9 years,55000.0,11.74,675.0
5146699,0,E,debt_consolidation,MORTGAGE,5 years,50000.0,30.13,690.0
5155575,0,F,debt_consolidation,MORTGAGE,10+ years,98000.0,7.54,660.0
5166080,0,C,debt_consolidation,MORTGAGE,8 years,32000.0,19.8,660.0
5244886,0,G,debt_consolidation,MORTGAGE,< 1 year,175000.0,20.45,675.0
5355634,0,A,home_improvement,MORTGAGE,5 years,170000.0,15.06,735.0
5355935,0,F,credit_card,RENT,10+ years,62000.0,11.54,680.0
5364651,0,B,credit_card,RENT,9 years,72000.0,9.15,735.0
5375806,0,F,debt_consolidation,MORTGAGE,10+ years,65000.0,25.64,670.0
5375907,0,D,credit_card,OWN,7 years,44500.0,8.49,670.0
5425925,0,B,credit_card,MORTGAGE,3 years,33000.0,30.22,690.0
5454839,0,E,debt_consolidation,RENT,10+ years,48000.0,16.85,670.0
5616929,0,F,debt_consolidation,MORTGAGE,2 years,45000.0,26.85,690.0
5617638,0,E,debt_consolidation,RENT,3 years,147000.0,16.86,730.0
5619888,0,F,debt_consolidation,MORTGAGE,7 years,49232.0,31.88,700.0
5629451,0,B,credit_card,MORTGAGE,7 years,104000.0,23.65,695.0
5685380,0,F,small_business,MORTGAGE,10+ years,91805.0,19.25,660.0
5716676,0,E,debt_consolidation,OWN,3 years,76000.0,22.78,685.0
5762939,0,F,debt_consolidation,MORTGAGE,7 years,60000.0,31.06,660.0
5768223,0,F,home_improvement,MORTGAGE,1 year,126000.0,32.07,675.0
5777184,0,G,other,RENT,< 1 year,30000.0,4.84,695.0
5787702,0,E,debt_consolidation,MORTGAGE,10+ years,89000.0,22.06,690.0
5797435,0,E,credit_card,MORTGAGE,10+ years,85000.0,14.26,660.0
5800614,1,F,debt_consolidation,MORTGAGE,6 years,50500.0,24.57,660.0
5845030,0,B,debt_consolidation,MORTGAGE,2 years,65000.0,27.16,710.0
5845153,0,C,debt_consolidation,RENT,3 years,52000.0,21.5,705.0
5874649,0,B,credit_card,MORTGAGE,3 years,72000.0,13.83,695.0
5885255,0,F,other,MORTGAGE,10+ years,50000.0,28.67,670.0
5895321,0,F,debt_consolidation,MORTGAGE,10+ years,58500.0,12.98,660.0
5957638,0,E,debt_consolidation,MORTGAGE,10+ years,45000.0,3.36,680.0
5976653,0,G,small_business,MORTGAGE,10+ years,70000.0,23.93,675.0
6104696,0,D,credit_card,RENT,6 years,39000.0,23.82,670.0
6155487,0,B,debt_consolidation,MORTGAGE,10+ years,50000.0,9.5,710.0
6186680,0,F,debt_consolidation,MORTGAGE,2 years,59000.0,28.28,690.0
6188865,0,B,debt_consolidation,RENT,10+ years,61000.0,23.43,700.0
6204922,0,B,debt_consolidation,OWN,10+ years,60000.0,24.49,700.0
6224754,0,E,credit_card,MORTGAGE,1 year,60000.0,18.0,690.0
6235563,0,E,debt_consolidation,RENT,< 1 year,62000.0,18.84,680.0
6317196,0,F,debt_consolidation,MORTGAGE,8 years,100000.0,12.26,675.0
6325839,0,D,debt_consolidation,MORTGAGE,1 year,93000.0,20.98,670.0
6326936,0,F,debt_consolidation,RENT,10+ years,76000.0,13.06,700.0
6329306,0,E,debt_consolidation,RENT,10+ years,45000.0,21.2,670.0
6344920,0,D,other,OWN,10+ years,47000.0,5.36,695.0
6414817,0,F,moving,RENT,< 1 year,17000.0,19.2,670.0
6531692,0,A,credit_card,RENT,2 years,102500.0,7.31,740.0
6539460,0,F,debt_consolidation,RENT,10+ years,70000.0,19.94,660.0
6548265,0,G,debt_consolidation,MORTGAGE,3 years,73000.0,26.09,665.0
6564601,0,G,debt_consolidation,MORTGAGE,10+ years,90000.0,24.92,675.0
6566157,0,F,debt_consolidation,MORTGAGE,< 1 year,85000.0,16.94,670.0
6578402,0,G,small_business,MORTGAGE,8 years,130000.0,14.35,680.0
6596396,0,C,debt_consolidation,MORTGAGE,2 years,43219.0,21.16,680.0
6636043,0,D,major_purchase,MORTGAGE,3 years,93600.0,11.92,660.0
6694833,0,G,other,RENT,< 1 year,80000.0,26.64,685.0
6697268,0,G,wedding,RENT,3 years,93000.0,4.4,725.0
6707052,0,E,debt_consolidation,OWN,2 years,98000.0,18.07,715.0
6719379,0,F,debt_consolidation,RENT,2 years,48000.0,19.7,660.0
6787161,0,F,credit_card,RENT,3 years,100000.0,21.78,665.0
6788693,0,F,debt_consolidation,MORTGAGE,10+ years,72000.0,15.07,680.0
6805243,0,C,debt_consolidation,MORTGAGE,10+ years,62000.0,28.9,685.0
6807055,0,F,debt_consolidation,MORTGAGE,10+ years,46000.0,19.77,685.0
6809431,0,C,debt_consolidation,RENT,10+ years,45000.0,5.76,665.0
6825185,0,D,debt_consolidation,RENT,10+ years,78000.0,26.05,680.0
6825304,0,C,vacation,RENT,< 1 year,26400.0,1.14,720.0
6839137,0,B,debt_consolidation,MORTGAGE,4 years,34000.0,8.82,690.0
6839504,0,F,house,RENT,10+ years,113900.0,12.19,665.0
6887259,0,D,major_purchase,RENT,< 1 year,43000.0,18.56,695.0
6894803,0,E,debt_consolidation,MORTGAGE,10+ years,70000.0,12.89,700.0
6897501,1,G,credit_card,OWN,6 years,93000.0,29.33,700.0
6905266,0,G,debt_consolidation,RENT,< 1 year,130000.0,27.58,685.0
6909620,0,F,debt_consolidation,MORTGAGE,2 years,102257.0,12.38,670.0
6915622,0,F,other,OWN,9 years,97000.0,3.75,700.0
6918061,0,B,debt_consolidation,RENT,6 years,38000.0,14.77,720.0
7014623,0,D,debt_consolidation,MORTGAGE,10+ years,78000.0,19.4,660.0
7049770,0,G,debt_consolidation,RENT,< 1 year,128000.0,20.12,700.0
7050399,0,F,credit_card,OWN,10+ years,80000.0,25.83,715.0
7051433,0,F,other,RENT,3 years,73730.0,11.93,685.0
7062626,0,F,debt_consolidation,MORTGAGE,10+ years,92000.0,12.35,685.0
7082045,0,E,debt_consolidation,RENT,10+ years,71060.0,14.2,710.0
7103056,0,F,credit_card,OWN,10+ years,52000.0,22.73,660.0
7255108,0,G,debt_consolidation,RENT,< 1 year,147500.0,13.92,690.0
7266039,0,D,debt_consolidation,MORTGAGE,10+ years,70000.0,16.46,680.0
7338729,0,C,debt_consolidation,MORTGAGE,10+ years,107000.0,15.15,705.0
7339211,0,C,debt_consolidation,RENT,10+ years,48000.0,16.5,765.0
7345561,0,B,debt_consolidation,RENT,1 year,52000.0,16.8,695.0
7354580,0,G,debt_consolidation,MORTGAGE,2 years,150000.0,16.52,660.0
7379292,0,E,medical,RENT,10+ years,32000.0,18.26,670.0
7387872,0,A,debt_consolidation,RENT,,32160.0,13.73,750.0
7438770,0,B,debt_consolidation,MORTGAGE,10+ years,115000.0,7.21,730.0
7495648,0,G,debt_consolidation,MORTGAGE,10+ years,73572.0,16.1,690.0
7564913,0,F,credit_card,RENT,10+ years,65000.0,33.77,665.0
7617087,0,G,debt_consolidation,MORTGAGE,10+ years,120000.0,27.74,665.0
7617297,0,G,debt_consolidation,MORTGAGE,8 years,50000.0,23.95,665.0
7617629,0,D,credit_card,MORTGAGE,6 years,63800.0,29.36,675.0
7619641,1,F,debt_consolidation,MORTGAGE,10+ years,380000.0,13.2,705.0
7625023,0,D,debt_consolidation,MORTGAGE,10+ years,70000.0,4.58,680.0
7628630,0,C,home_improvement,MORTGAGE,10+ years,75000.0,8.52,670.0
7674922,0,E,debt_consolidation,RENT,9 years,67950.84,22.78,680.0
7677159,0,D,debt_consolidation,MORTGAGE,10+ years,43000.0,15.82,695.0
7679046,0,G,debt_consolidation,MORTGAGE,10+ years,70200.0,18.55,665.0
7685695,0,D,credit_card,OWN,,43500.0,30.65,665.0
7686238,0,C,credit_card,MORTGAGE,8 years,36000.0,17.77,730.0
7716151,1,F,debt_consolidation,RENT,8 years,65000.0,19.18,665.0
7726196,0,D,debt_consolidation,RENT,9 years,45600.0,20.58,670.0
7727041,0,F,debt_consolidation,RENT,10+ years,72000.0,19.88,665.0
7729007,0,G,debt_consolidation,RENT,3 years,120000.0,14.55,665.0
7730272,0,G,medical,MORTGAGE,3 years,100000.0,17.02,685.0
7731001,0,B,debt_consolidation,OWN,10+ years,27000.0,25.33,715.0
7844733,0,F,debt_consolidation,RENT,10+ years,75000.0,17.39,660.0
7925892,0,B,credit_card,RENT,2 years,35000.0,31.58,690.0
7925924,0,C,debt_consolidation,RENT,1 year,52000.0,18.35,660.0
7955358,0,C,debt_consolidation,RENT,4 years,35000.0,19.75,660.0
7955809,0,F,debt_consolidation,MORTGAGE,10+ years,37000.0,17.29,680.0
8084564,0,G,other,MORTGAGE,10+ years,47000.0,31.48,665.0
8094794,0,D,credit_card,MORTGAGE,10+ years,102000.0,12.12,700.0
8135371,0,G,credit_card,MORTGAGE,1 year,176000.0,16.47,705.0
8204571,0,D,other,RENT,3 years,68000.0,5.7,695.0
8274833,0,B,debt_consolidation,RENT,2 years,40000.0,8.46,680.0
8295222,0,C,debt_consolidation,MORTGAGE,< 1 year,55000.0,23.02,680.0
8305414,0,A,debt_consolidation,MORTGAGE,10+ years,60000.0,21.9,745.0
8544703,0,E,credit_card,MORTGAGE,,45400.0,23.05,670.0
8567524,0,B,debt_consolidation,RENT,1 year,60000.0,20.12,710.0
8568131,1,E,major_purchase,RENT,5 years,44223.0,14.19,695.0
8607974,0,D,debt_consolidation,MORTGAGE,1 year,48000.0,8.58,665.0
8637515,0,A,debt_consolidation,MORTGAGE,1 year,90000.0,8.35,695.0
8644687,0,G,debt_consolidation,RENT,< 1 year,57888.0,9.04,670.0
8650201,1,F,other,RENT,7 years,90000.0,11.08,700.0
8656175,0,A,home_improvement,MORTGAGE,2 years,125000.0,8.18,755.0
8656299,0,A,debt_consolidation,MORTGAGE,1 year,110000.0,9.15,770.0
8656622,0,D,moving,MORTGAGE,8 years,56000.0,25.74,665.0
8657512,0,F,debt_consolidation,OWN,< 1 year,39000.0,8.25,680.0
8774664,0,A,debt_consolidation,MORTGAGE,10+ years,62000.0,10.7,710.0
8785587,0,B,credit_card,RENT,5 years,65000.0,7.51,725.0
8785719,0,B,debt_consolidation,MORTGAGE,3 years,180000.0,7.95,710.0
8834958,0,A,credit_card,MORTGAGE,10+ years,105120.0,16.97,710.0
8876111,0,C,debt_consolidation,MORTGAGE,6 years,167000.0,9.08,680.0
8885575,1,F,debt_consolidation,RENT,5 years,27000.0,13.02,660.0
8965206,0,C,debt_consolidation,MORTGAGE,6 years,75000.0,15.07,680.0
8976861,0,F,small_business,MORTGAGE,2 years,76731.0,15.94,680.0
8981024,0,B,credit_card,MORTGAGE,9 years,77400.0,11.44,665.0
8981064,0,B,debt_consolidation,MORTGAGE,5 years,58000.0,26.28,665.0
8981789,0,B,debt_consolidation,MORTGAGE,8 years,68000.0,24.78,720.0
9065376,0,D,credit_card,MORTGAGE,10+ years,185000.0,2.37,700.0
9068240,0,G,debt_consolidation,MORTGAGE,3 years,48000.0,16.55,660.0
9185432,0,G,other,OWN,10+ years,120000.0,9.73,680.0
9187879,0,B,debt_consolidation,MORTGAGE,,47235.0,7.8,670.0
9189177,0,C,debt_consolidation,RENT,3 years,50000.0,26.48,660.0
9195998,0,B,other,RENT,10+ years,28000.0,26.4,700.0
9209786,0,A,debt_consolidation,MORTGAGE,10+ years,43000.0,20.38,760.0
9226668,0,F,small_business,MORTGAGE,10+ years,60000.0,9.74,720.0
9238432,1,G,debt_consolidation,OWN,7 years,43000.0,18.53,675.0
9284973,0,D,debt_consolidation,MORTGAGE,5 years,95000.0,4.11,695.0
9554754,0,C,debt_consolidation,RENT,7 years,35000.0,17.11,720.0
9675820,0,G,debt_consolidation,RENT,< 1 year,90000.0,11.83,705.0
9716565,0,G,other,OWN,< 1 year,43000.0,16.33,660.0
9777784,0,C,debt_consolidation,MORTGAGE,8 years,100000.0,20.64,690.0
9804807,0,G,home_improvement,MORTGAGE,10+ years,52000.0,4.08,690.0
9836232,0,C,major_purchase,MORTGAGE,,76000.0,19.75,675.0
9836515,0,B,credit_card,RENT,2 years,100000.0,17.68,675.0
9845113,0,B,debt_consolidation,MORTGAGE,8 years,140000.0,9.34,685.0
9856115,0,A,debt_consolidation,MORTGAGE,2 years,48000.0,16.25,745.0
9867062,0,G,debt_consolidation,RENT,10+ years,67000.0,18.4,665.0
10081842,0,F,other,MORTGAGE,< 1 year,50000.0,4.61,660.0
10085990,0,C,debt_consolidation,MORTGAGE,7 years,74000.0,19.41,695.0
10088357,0,D,debt_consolidation,RENT,< 1 year,57500.0,9.29,675.0
10090755,0,C,debt_consolidation,RENT,8 years,36000.0,16.63,665.0
10096288,0,G,other,RENT,4 years,50000.0,3.91,665.0
10099855,0,G,debt_consolidation,MORTGAGE,10+ years,67000.0,28.0,710.0
10112661,0,F,debt_consolidation,OWN,10+ years,106000.0,23.7,670.0
10123012,0,C,medical,RENT,< 1 year,22000.0,27.17,725.0
10125079,1,F,home_improvement,RENT,2 years,100000.0,0.22,665.0
10125881,0,G,wedding,OWN,10+ years,78000.0,22.48,670.0
10127480,0,E,debt_consolidation,MORTGAGE,10+ years,80000.0,23.37,670.0
10145100,0,F,debt_consolidation,RENT,3 years,40000.0,25.92,665.0
10152393,0,D,credit_card,RENT,10+ years,58000.0,34.23,660.0
10158426,0,D,credit_card,RENT,1 year,40000.0,29.1,660.0
10162555,0,F,debt_consolidation,MORTGAGE,2 years,66000.0,31.02,680.0
10169930,0,E,debt_consolidation,MORTGAGE,< 1 year,58000.0,12.41,660.0
10171749,1,D,other,OWN,5 years,32500.0,21.12,670.0
10174796,0,B,debt_consolidation,RENT,2 years,37000.0,33.44,670.0
10182637,0,D,debt_consolidation,RENT,3 years,150000.0,12.15,680.0
10224810,0,B,credit_card,RENT,5 years,31000.0,12.08,680.0
10394569,0,E,debt_consolidation,MORTGAGE,3 years,125000.0,7.04,670.0
10444774,0,A,debt_consolidation,MORTGAGE,10+ years,87000.0,15.59,715.0
10538183,0,E,debt_consolidation,MORTGAGE,4 years,68000.0,22.61,700.0
10577113,0,D,other,RENT,2 years,70000.0,18.28,675.0
10586765,0,E,debt_consolidation,RENT,,10528.0,25.66,720.0
10605719,1,F,debt_consolidation,RENT,10+ years,51688.0,17.0,660.0
10618768,0,C,debt_consolidation,MORTGAGE,10+ years,72000.0,8.93,665.0
10636375,0,C,debt_consolidation,RENT,3 years,68000.0,3.83,665.0
10647020,0,D,credit_card,MORTGAGE,4 years,65000.0,31.17,680.0
10704599,0,E,small_business,RENT,10+ years,83000.0,4.8,735.0
10736204,0,A,home_improvement,MORTGAGE,7 years,120000.0,18.73,675.0
10737277,0,D,debt_consolidation,MORTGAGE,10+ years,220000.0,12.92,680.0
10755304,0,C,debt_consolidation,RENT,2 years,31000.0,20.09,665.0
10786665,0,B,debt_consolidation,MORTGAGE,3 years,87450.0,23.27,680.0
10955179,0,G,other,RENT,1 year,35000.0,14.44,680.0
11235119,0,G,debt_consolidation,MORTGAGE,4 years,85400.0,28.86,660.0
11306031,0,A,credit_card,MORTGAGE,< 1 year,85000.0,2.68,760.0
11355656,0,F,major_purchase,RENT,3 years,60000.0,7.52,665.0
11385462,0,G,medical,RENT,5 years,180000.0,3.13,675.0
11385570,0,G,debt_consolidation,MORTGAGE,2 years,82500.0,19.96,685.0
11395398,0,E,small_business,OWN,4 years,200000.0,12.5,670.0
11416112,0,A,major_purchase,MORTGAGE,1 year,69000.0,23.81,745.0
11417023,0,F,debt_consolidation,RENT,10+ years,60000.0,12.74,665.0
11438450,0,F,debt_consolidation,MORTGAGE,10+ years,65000.0,26.2,670.0
11438602,0,D,debt_consolidation,RENT,1 year,19200.0,14.56,660.0
11445019,0,G,small_business,OWN,7 years,53000.0,21.81,670.0
11626365,0,E,debt_consolidation,RENT,< 1 year,85000.0,18.06,700.0
11637790,0,G,home_improvement,MORTGAGE,8 years,85000.0,25.09,670.0
11665404,0,E,debt_consolidation,MORTGAGE,6 years,55000.0,22.15,680.0
11668106,1,G,small_business,MORTGAGE,,38350.0,11.46,720.0
11698160,0,G,home_improvement,RENT,,31344.0,30.51,660.0
11698204,0,C,debt_consolidation,RENT,10+ years,80000.0,13.98,705.0
11706717,0,B,debt_consolidation,MORTGAGE,< 1 year,36000.0,7.43,680.0
11717932,1,G,credit_card,MORTGAGE,10+ years,150000.0,24.47,690.0
11895395,0,F,debt_consolidation,RENT,3 years,39000.0,23.88,695.0
11945039,0,C,credit_card,MORTGAGE,10+ years,95000.0,21.12,710.0
11945281,0,F,debt_consolidation,MORTGAGE,2 years,98000.0,26.72,660.0
11955834,0,D,debt_consolidation,RENT,1 year,55000.0,33.43,660.0
12134944,0,B,debt_consolidation,RENT,< 1 year,43000.0,15.02,735.0
12247185,0,F,debt_consolidation,RENT,7 years,100000.0,11.21,665.0
12256213,0,C,debt_consolidation,MORTGAGE,1 year,60000.0,22.54,705.0
12257262,0,C,debt_consolidation,RENT,6 years,41000.0,28.81,700.0
12336749,0,C,debt_consolidation,RENT,3 years,98500.0,20.03,695.0
12347357,0,E,debt_consolidation,RENT,6 years,99000.0,22.85,670.0
12355135,0,E,home_improvement,MORTGAGE,10+ years,36012.0,2.3,700.0
12356620,0,G,medical,MORTGAGE,10+ years,60000.0,7.46,670.0
12356902,0,F,debt_consolidation,MORTGAGE,7 years,35000.0,28.64,665.0
12387537,0,D,debt_consolidation,MORTGAGE,9 years,40000.0,30.45,695.0
12388890,0,F,debt_consolidation,RENT,10+ years,72000.0,31.02,695.0
12397850,0,G,debt_consolidation,MORTGAGE,1 year,300000.0,3.42,660.0
12425299,0,E,debt_consolidation,RENT,5 years,80000.0,15.33,690.0
12428253,0,B,debt_consolidation,OWN,10+ years,36000.0,10.8,690.0
12436331,0,E,credit_card,OWN,6 years,36000.0,25.33,670.0
12456054,0,D,medical,MORTGAGE,10+ years,111408.0,8.05,740.0
12456332,0,E,credit_card,RENT,9 years,45000.0,28.45,680.0
12465446,0,A,credit_card,MORTGAGE,5 years,96000.0,19.76,725.0
12466143,0,E,debt_consolidation,RENT,2 years,50500.0,23.62,665.0
12487727,0,E,debt_consolidation,RENT,9 years,42500.0,13.57,675.0
12506888,0,E,debt_consolidation,RENT,10+ years,34871.44,17.66,670.0
12516200,0,G,debt_consolidation,MORTGAGE,10+ years,80000.0,21.26,670.0
12517916,0,B,debt_consolidation,MORTGAGE,10+ years,64000.0,14.71,690.0
12565931,0,G,debt_consolidation,RENT,10+ years,65000.0,28.82,690.0
12597292,0,E,debt_consolidation,MORTGAGE,3 years,164000.0,11.49,675.0
12597588,1,C,debt_consolidation,MORTGAGE,10+ years,50716.0,18.24,685.0
12616943,0,D,debt_consolidation,RENT,10+ years,47000.0,20.86,710.0
12635791,0,A,debt_consolidation,MORTGAGE,2 years,102000.0,21.64,730.0
12637321,0,E,debt_consolidation,OWN,1 year,73500.0,26.46,715.0
12646268,0,G,home_improvement,OWN,1 year,40000.0,16.14,675.0
12685139,0,G,debt_consolidation,MORTGAGE,10+ years,65000.0,24.28,675.0
12806271,0,D,credit_card,MORTGAGE,10+ years,100000.0,15.93,685.0
12876780,0,E,debt_consolidation,MORTGAGE,10+ years,40000.0,22.68,710.0
12886899,0,E,debt_consolidation,MORTGAGE,10+ years,52000.0,11.45,660.0
12917471,0,D,debt_consolidation,MORTGAGE,3 years,54000.0,22.42,710.0
12938602,0,F,home_improvement,MORTGAGE,10+ years,70000.0,11.95,670.0
12968071,0,B,debt_consolidation,MORTGAGE,,48000.0,10.03,665.0
12977227,0,C,credit_card,MORTGAGE,4 years,66000.0,11.4,665.0
12978598,0,G,debt_consolidation,MORTGAGE,8 years,60000.0,8.24,665.0
12997223,0,C,debt_consolidation,RENT,6 years,58000.0,27.04,680.0
13016233,0,E,debt_consolidation,MORTGAGE,3 years,24000.0,23.3,720.0
13038247,0,D,debt_consolidation,MORTGAGE,10+ years,108000.0,9.11,685.0
13076370,0,B,debt_consolidation,MORTGAGE,10+ years,43500.0,20.5,675.0
13078618,0,A,debt_consolidation,MORTGAGE,10+ years,186000.0,20.35,665.0
13098154,0,E,debt_consolidation,RENT,< 1 year,65000.0,19.6,660.0
13118617,0,B,credit_card,RENT,10+ years,38000.0,8.88,670.0
13177872,0,F,debt_consolidation,RENT,1 year,52000.0,2.15,660.0
13277320,0,D,debt_consolidation,RENT,10+ years,47000.0,2.58,660.0
13326542,0,D,debt_consolidation,RENT,4 years,110000.0,17.0,680.0
13367326,0,G,small_business,RENT,9 years,52000.0,9.46,695.0
13378551,0,B,credit_card,RENT,4 years,20000.0,11.88,675.0
13428236,0,D,credit_card,MORTGAGE,10+ years,110000.0,28.28,680.0
13487815,0,D,debt_consolidation,RENT,6 years,42000.0,17.91,680.0
13498098,0,F,small_business,RENT,6 years,40000.0,6.09,665.0
13957668,0,G,house,MORTGAGE,10+ years,97000.0,4.19,700.0
14388383,0,F,debt_consolidation,OWN,10+ years,85000.0,11.22,665.0
14459175,0,D,debt_consolidation,RENT,4 years,120000.0,14.71,700.0
14490508,0,E,debt_consolidation,RENT,10+ years,35248.86,25.98,665.0
14560742,0,G,debt_consolidation,OWN,9 years,75000.0,19.46,685.0
14610886,0,G,home_improvement,MORTGAGE,1 year,100000.0,15.89,680.0
14657968,0,D,credit_card,MORTGAGE,8 years,52000.0,24.88,705.0
14670009,0,E,vacation,RENT,,13824.0,34.38,660.0
14697981,0,D,debt_consolidation,RENT,2 years,31000.0,22.3,660.0
14700017,0,B,debt_consolidation,MORTGAGE,7 years,86000.0,9.32,700.0
14909137,0,B,debt_consolidation,MORTGAGE,10+ years,35000.0,15.16,695.0
14929030,0,D,debt_consolidation,RENT,10+ years,62000.0,20.34,660.0
15019169,0,F,house,RENT,6 years,50000.0,7.86,685.0
15259246,0,A,credit_card,MORTGAGE,4 years,80000.0,15.78,700.0
15280267,0,F,debt_consolidation,MORTGAGE,1 year,82500.0,9.12,660.0
15340029,0,D,credit_card,MORTGAGE,10+ years,75000.0,3.97,660.0
15350381,0,E,debt_consolidation,MORTGAGE,7 years,65000.0,19.77,675.0
15380377,0,G,moving,MORTGAGE,< 1 year,55000.0,1.53,670.0
15390116,0,D,debt_consolidation,RENT,1 year,35000.0,3.43,665.0
15459715,0,F,debt_consolidation,RENT,5 years,52200.0,23.54,685.0
15460219,1,D,debt_consolidation,MORTGAGE,5 years,38000.0,24.42,685.0
15501222,0,G,debt_consolidation,MORTGAGE,10+ years,72000.0,18.92,670.0
15511387,0,B,home_improvement,MORTGAGE,2 years,90640.0,11.98,680.0
15561460,0,D,credit_card,RENT,2 years,34000.0,25.59,680.0
15611062,0,D,debt_consolidation,RENT,2 years,28000.0,17.53,685.0
15630219,0,D,debt_consolidation,MORTGAGE,10+ years,40000.0,23.43,680.0
15651382,0,G,other,RENT,4 years,35000.0,29.82,680.0
15671290,0,G,debt_consolidation,MORTGAGE,,55000.0,19.53,660.0
15771158,0,B,credit_card,RENT,3 years,60000.0,11.04,665.0
15820752,0,C,debt_consolidation,MORTGAGE,6 years,103000.0,9.28,690.0
16061710,0,F,other,RENT,3 years,22000.0,17.68,700.0
16071594,0,C,debt_consolidation,MORTGAGE,1 year,52000.0,13.36,685.0
16151918,0,A,debt_consolidation,RENT,2 years,34000.0,17.97,750.0
16240851,0,G,debt_consolidation,RENT,< 1 year,66000.0,13.21,670.0
16281458,0,A,debt_consolidation,MORTGAGE,6 years,114000.0,17.22,715.0
16291194,0,F,other,MORTGAGE,8 years,85000.0,15.79,685.0
16332082,0,G,debt_consolidation,MORTGAGE,10+ years,85000.0,27.25,690.0
16351801,0,E,medical,MORTGAGE,10+ years,55000.0,30.59,695.0
16392649,0,A,credit_card,RENT,2 years,73200.0,7.49,715.0
16411296,0,D,home_improvement,MORTGAGE,10+ years,68400.0,1.07,695.0
16472131,0,E,debt_consolidation,MORTGAGE,10+ years,110000.0,8.78,695.0
16472186,0,E,debt_consolidation,RENT,< 1 year,56000.0,12.73,695.0
16481914,0,A,debt_consolidation,MORTGAGE,9 years,150000.0,19.59,730.0
16482532,0,A,credit_card,MORTGAGE,< 1 year,93000.0,6.77,810.0
16511891,0,B,debt_consolidation,MORTGAGE,,56000.0,19.48,710.0
16922531,1,G,debt_consolidation,RENT,10+ years,90000.0,27.39,660.0
16962652,0,D,other,RENT,10+ years,33000.0,22.85,665.0
17052731,0,D,debt_consolidation,RENT,3 years,60000.0,14.26,665.0
17112847,0,G,car,RENT,< 1 year,37000.0,16.83,700.0
17113218,0,D,debt_consolidation,MORTGAGE,10+ years,85000.0,13.51,705.0
17162665,0,C,debt_consolidation,OWN,10+ years,50000.0,12.75,670.0
17233254,0,D,home_improvement,MORTGAGE,< 1 year,400000.0,8.2,700.0
17263037,0,C,debt_consolidation,MORTGAGE,10+ years,70000.0,4.63,665.0
17423158,0,E,other,RENT,6 years,40000.0,12.75,660.0
17462895,0,B,debt_consolidation,RENT,4 years,90000.0,8.07,685.0
17533157,0,F,debt_consolidation,RENT,4 years,68000.0,12.51,675.0
17713647,0,D,debt_consolidation,RENT,10+ years,118000.0,24.16,710.0
17723565,0,B,credit_card,RENT,7 years,72300.0,3.98,690.0
17734122,0,F,credit_card,OWN,,70000.0,31.53,690.0
17753099,0,E,debt_consolidation,MORTGAGE,10+ years,90000.0,18.63,710.0
17814047,0,F,debt_consolidation,MORTGAGE,10+ years,80000.0,17.01,675.0
17864580,0,C,credit_card,MORTGAGE,10+ years,110000.0,12.98,710.0
17894647,1,F,debt_consolidation,MORTGAGE,2 years,260000.0,10.77,695.0
17944737,0,E,debt_consolidation,MORTGAGE,10+ years,68000.0,30.41,685.0
18505505,0,G,debt_consolidation,MORTGAGE,2 years,70000.0,19.22,700.0
18814814,1,C,credit_card,MORTGAGE,< 1 year,120000.0,25.81,680.0
18814857,0,F,debt_consolidation,RENT,10+ years,75000.0,24.78,665.0
18844985,0,D,credit_card,OWN,10+ years,37440.0,20.8,700.0
18975964,0,F,home_improvement,MORTGAGE,9 years,53151.0,18.56,705.0
18976102,1,G,debt_consolidation,RENT,5 years,77000.0,26.34,675.0
19005188,0,B,debt_consolidation,OWN,10+ years,75200.0,14.25,690.0
19005832,0,D,debt_consolidation,RENT,9 years,100000.0,12.17,665.0
19067445,0,E,credit_card,MORTGAGE,6 years,75000.0,28.35,660.0
19076104,0,E,debt_consolidation,MORTGAGE,8 years,48000.0,23.6,670.0
19117435,1,G,debt_consolidation,RENT,7 years,50000.0,12.15,660.0
19125440,0,C,credit_card,RENT,10+ years,45000.0,17.04,680.0
19126650,0,D,debt_consolidation,MORTGAGE,10+ years,72000.0,28.65,675.0
19135668,0,C,home_improvement,MORTGAGE,10+ years,70000.0,4.37,660.0
19156412,0,D,home_improvement,OWN,4 years,47500.0,17.73,680.0
19166901,0,C,debt_consolidation,MORTGAGE,< 1 year,53169.0,11.91,715.0
19176229,0,G,house,RENT,7 years,120000.0,13.78,700.0
19187595,0,D,debt_consolidation,RENT,< 1 year,40000.0,14.37,660.0
19456515,0,D,credit_card,MORTGAGE,10+ years,72000.0,31.85,680.0
19476510,0,C,credit_card,MORTGAGE,,70000.0,15.45,670.0
19586911,0,F,debt_consolidation,RENT,6 years,60000.0,24.9,665.0
19666633,0,E,debt_consolidation,RENT,5 years,24000.0,32.05,670.0
19957325,0,B,credit_card,MORTGAGE,< 1 year,37000.0,33.35,660.0
19967246,0,G,other,MORTGAGE,5 years,42066.0,30.41,660.0
20027745,0,C,debt_consolidation,MORTGAGE,4 years,83500.0,17.03,740.0
20050042,0,F,debt_consolidation,MORTGAGE,10+ years,90000.0,13.03,660.0
20068305,0,B,debt_consolidation,MORTGAGE,10+ years,60000.0,8.56,670.0
20077628,0,D,debt_consolidation,MORTGAGE,2 years,48000.0,21.85,670.0
20088095,0,C,credit_card,MORTGAGE,5 years,50000.0,21.51,670.0
20097077,0,F,home_improvement,OWN,3 years,80000.0,5.1,680.0
20107670,0,C,debt_consolidation,RENT,1 year,58000.0,24.54,675.0
20137640,0,F,debt_consolidation,RENT,2 years,52196.0,32.73,665.0
20150054,0,E,moving,RENT,10+ years,43000.0,25.64,690.0
20169045,0,G,other,MORTGAGE,9 years,96000.0,12.35,680.0
20399279,0,G,major_purchase,RENT,< 1 year,39480.0,25.06,670.0
20428834,0,G,other,MORTGAGE,7 years,50000.0,31.9,670.0
20518474,0,A,credit_card,RENT,8 years,67000.0,23.63,680.0
20598717,0,E,debt_consolidation,RENT,10+ years,41371.0,19.06,680.0
20608680,0,D,debt_consolidation,RENT,5 years,50000.0,22.04,680.0
20679245,0,F,debt_consolidation,RENT,3 years,58000.0,15.46,680.0
20700386,0,F,house,OWN,3 years,29120.0,16.25,700.0
20719414,0,E,debt_consolidation,MORTGAGE,10+ years,140000.0,28.2,695.0
20719618,0,G,home_improvement,MORTGAGE,6 years,70000.0,9.25,715.0
20789252,0,B,debt_consolidation,MORTGAGE,10+ years,73132.0,14.06,700.0
20801867,0,A,debt_consolidation,OWN,< 1 year,55000.0,30.58,750.0
20810081,0,C,home_improvement,MORTGAGE,10+ years,90000.0,10.56,660.0
20859529,0,C,debt_consolidation,OWN,8 years,35000.0,30.14,670.0
21220799,0,C,credit_card,OWN,6 years,28000.0,11.4,670.0
21230912,0,A,credit_card,MORTGAGE,10+ years,120000.0,11.67,690.0
21280762,0,D,debt_consolidation,MORTGAGE,9 years,60000.0,3.62,670.0
21299888,0,F,car,RENT,10+ years,20000.0,19.03,680.0
21340921,0,E,debt_consolidation,MORTGAGE,10+ years,70000.0,19.03,670.0
21490809,0,E,medical,MORTGAGE,7 years,150000.0,7.1,710.0
21520791,0,D,medical,MORTGAGE,< 1 year,78000.0,30.94,735.0
21901041,0,B,debt_consolidation,RENT,< 1 year,90000.0,6.88,660.0
21921401,0,G,credit_card,MORTGAGE,10+ years,68000.0,26.21,670.0
22233524,0,D,credit_card,MORTGAGE,< 1 year,45000.0,25.73,675.0
22243308,0,D,debt_consolidation,RENT,2 years,42000.0,31.74,665.0
22323430,0,G,debt_consolidation,RENT,4 years,46000.0,29.74,700.0
22343331,0,C,debt_consolidation,MORTGAGE,3 years,42000.0,24.4,665.0
22373027,0,G,other,OWN,8 years,117000.0,18.49,670.0
22385000,0,C,debt_consolidation,RENT,10+ years,80000.0,28.25,680.0
22411558,0,E,debt_consolidation,MORTGAGE,2 years,97000.0,5.78,680.0
23053236,0,A,major_purchase,OWN,< 1 year,95000.0,15.63,790.0
23083233,0,D,debt_consolidation,MORTGAGE,10+ years,102000.0,15.38,690.0
23232758,0,G,moving,RENT,2 years,90000.0,15.73,705.0
23233353,0,F,debt_consolidation,MORTGAGE,7 years,73000.0,18.92,695.0
23283063,1,G,credit_card,MORTGAGE,10+ years,78360.0,33.71,665.0
23403149,0,G,debt_consolidation,RENT,10+ years,68000.0,37.38,685.0
23573563,0,F,debt_consolidation,RENT,2 years,250000.0,10.15,675.0
23844771,1,G,medical,RENT,,9624.0,32.92,670.0
23854459,0,E,debt_consolidation,RENT,10+ years,45000.0,18.69,680.0
23875809,0,F,debt_consolidation,OWN,10+ years,93000.0,12.79,665.0
23944037,0,G,debt_consolidation,RENT,2 years,85000.0,14.81,665.0
23945518,0,F,debt_consolidation,RENT,2 years,36000.0,25.17,660.0
23953374,0,E,debt_consolidation,OWN,6 years,112000.0,10.28,675.0
23993916,0,F,debt_consolidation,MORTGAGE,10+ years,73000.0,33.29,695.0
24005753,0,A,debt_consolidation,RENT,3 years,145000.0,11.98,795.0
24035362,0,G,debt_consolidation,MORTGAGE,,64653.72,38.82,675.0
24044460,0,D,debt_consolidation,RENT,< 1 year,17000.0,29.66,660.0
24064770,0,D,debt_consolidation,MORTGAGE,6 years,42000.0,23.83,660.0
24084540,0,F,small_business,RENT,3 years,31000.0,24.93,675.0
24114573,0,C,credit_card,RENT,2 years,62000.0,6.21,685.0
24164727,1,G,credit_card,MORTGAGE,3 years,104000.0,31.0,660.0
24174701,1,G,debt_consolidation,RENT,7 years,37482.0,17.74,660.0
24234557,0,D,debt_consolidation,RENT,6 years,54000.0,33.56,700.0
24294691,0,G,other,MORTGAGE,,36000.0,38.15,660.0
24696318,0,B,credit_card,MORTGAGE,7 years,90000.0,13.41,680.0
24705896,0,G,home_improvement,OWN,,49500.0,18.96,660.0
24755065,1,G,debt_consolidation,MORTGAGE,2 years,67000.0,32.37,690.0
24785389,0,D,credit_card,MORTGAGE,10+ years,76000.0,21.4,675.0
25157424,1,G,debt_consolidation,MORTGAGE,5 years,45000.0,26.77,665.0
25176819,0,F,home_improvement,RENT,7 years,85000.0,19.62,660.0
25186884,0,A,debt_consolidation,MORTGAGE,10+ years,130000.0,18.01,680.0
25246659,0,F,debt_consolidation,RENT,3 years,45000.0,30.83,670.0
25257077,0,F,other,RENT,8 years,52020.0,23.88,680.0
25296893,0,E,home_improvement,MORTGAGE,10+ years,225000.0,11.0,675.0
25376013,0,B,debt_consolidation,OWN,10+ years,56000.0,23.87,685.0
25397041,0,G,debt_consolidation,MORTGAGE,< 1 year,25000.0,31.49,675.0
25447159,0,D,debt_consolidation,OWN,< 1 year,135000.0,10.59,690.0
25527021,0,E,debt_consolidation,OWN,10+ years,54000.0,17.21,670.0
25937789,0,G,debt_consolidation,MORTGAGE,7 years,44500.0,18.47,660.0
25958191,0,C,credit_card,RENT,1 year,132000.0,29.11,670.0
26018242,0,B,home_improvement,MORTGAGE,9 years,144000.0,6.03,745.0
26087881,0,F,debt_consolidation,RENT,3 years,45000.0,38.69,660.0
26127364,0,G,other,RENT,9 years,45000.0,20.29,670.0
26178818,0,G,credit_card,RENT,3 years,42000.0,19.97,660.0
26179061,0,F,other,OWN,1 year,32000.0,16.35,705.0
26208824,1,G,debt_consolidation,RENT,10+ years,130000.0,12.78,675.0
26229294,0,E,other,RENT,2 years,45000.0,20.05,690.0
26259458,0,F,debt_consolidation,MORTGAGE,10+ years,30000.0,32.48,675.0
26300347,0,A,debt_consolidation,RENT,10+ years,41200.0,16.98,715.0
26300406,0,E,major_purchase,MORTGAGE,,50000.0,30.94,660.0
26308350,0,G,debt_consolidation,OWN,10+ years,78000.0,10.78,660.0
26309223,1,G,small_business,RENT,< 1 year,38000.0,26.63,680.0
26347759,0,F,other,RENT,9 years,85000.0,11.45,665.0
26368257,0,C,debt_consolidation,RENT,4 years,65000.0,22.84,690.0
26388532,0,G,other,MORTGAGE,8 years,120000.0,23.45,680.0
26397663,0,C,credit_card,MORTGAGE,10+ years,51000.0,28.85,755.0
26749528,0,F,debt_consolidation,OWN,9 years,30000.0,38.52,695.0
26790121,0,E,debt_consolidation,MORTGAGE,10+ years,85000.0,18.41,660.0
26940024,0,D,small_business,RENT,< 1 year,32000.0,15.87,690.0
27109856,0,G,debt_consolidation,OWN,10+ years,55000.0,12.87,710.0
27180242,0,A,debt_consolidation,MORTGAGE,,116868.0,6.13,725.0
27360101,0,C,home_improvement,RENT,10+ years,125000.0,13.4,700.0
27491082,0,A,credit_card,MORTGAGE,5 years,120000.0,8.86,730.0
27512265,0,C,credit_card,MORTGAGE,5 years,115000.0,9.49,665.0
27562000,0,A,debt_consolidation,MORTGAGE,,90000.0,13.24,750.0
27590418,0,G,home_improvement,MORTGAGE,3 years,85600.0,10.54,730.0
27611635,0,E,other,MORTGAGE,10+ years,43000.0,25.29,670.0
27620344,0,E,home_improvement,MORTGAGE,6 years,45000.0,28.21,680.0
27672164,0,C,credit_card,RENT,10+ years,42000.0,18.37,660.0
27681649,0,E,other,RENT,6 years,125330.0,5.42,755.0
27690589,0,F,debt_consolidation,MORTGAGE,10+ years,72000.0,7.02,670.0
27691704,0,C,debt_consolidation,MORTGAGE,10+ years,86000.0,23.51,695.0
28082006,0,G,small_business,RENT,< 1 year,40000.0,5.67,710.0
28151986,0,A,credit_card,MORTGAGE,1 year,120000.0,17.26,700.0
28422620,0,G,debt_consolidation,MORTGAGE,10+ years,66435.0,36.94,660.0
28442434,0,G,debt_consolidation,MORTGAGE,10+ years,58000.0,19.16,720.0
28532503,0,D,other,MORTGAGE,7 years,40000.0,24.31,675.0
28622750,0,E,debt_consolidation,RENT,4 years,55000.0,26.23,660.0
28642914,0,A,debt_consolidation,RENT,3 years,185000.0,3.93,710.0
28643374,0,C,home_improvement,MORTGAGE,4 years,54000.0,14.11,685.0
28673174,0,C,credit_card,RENT,9 years,30000.0,9.44,685.0
28694172,0,D,debt_consolidation,MORTGAGE,8 years,109156.0,21.31,665.0
28743086,0,G,debt_consolidation,MORTGAGE,7 years,55000.0,21.91,690.0
28753634,0,A,credit_card,MORTGAGE,10+ years,51500.0,11.53,720.0
28823643,0,E,debt_consolidation,MORTGAGE,6 years,37000.0,26.53,705.0
28823738,0,G,small_business,RENT,7 years,60000.0,20.59,680.0
28823890,0,C,debt_consolidation,MORTGAGE,1 year,36000.0,28.27,685.0
28863545,0,B,credit_card,MORTGAGE,,54081.84,26.21,720.0
29013465,0,D,car,MORTGAGE,10+ years,33000.0,22.98,660.0
29013696,0,E,debt_consolidation,MORTGAGE,10+ years,58000.0,19.28,680.0
29133579,0,B,credit_card,RENT,< 1 year,80000.0,15.69,695.0
29133796,0,C,debt_consolidation,MORTGAGE,10+ years,60000.0,21.86,665.0
29143816,0,C,debt_consolidation,MORTGAGE,10+ years,49400.0,28.29,690.0
29214248,0,G,other,RENT,< 1 year,30000.0,20.2,685.0
29784076,0,G,other,RENT,,40000.0,13.11,660.0
30205294,0,E,small_business,RENT,2 years,80000.0,8.52,660.0
30235252,0,C,home_improvement,MORTGAGE,1 year,28808.0,17.5,675.0
30565904,0,F,debt_consolidation,MORTGAGE,4 years,39000.0,35.97,700.0
30595668,0,A,debt_consolidation,MORTGAGE,3 years,150000.0,21.77,705.0
30625999,0,G,debt_consolidation,MORTGAGE,10+ years,68500.0,17.73,710.0
30686331,0,B,debt_consolidation,OWN,10+ years,63000.0,22.2,675.0
30766157,0,E,debt_consolidation,RENT,,32000.0,22.54,675.0
30785946,0,B,debt_consolidation,RENT,< 1 year,62000.0,9.87,745.0
31187243,0,F,debt_consolidation,RENT,2 years,75000.0,22.67,660.0
31216406,0,A,credit_card,RENT,1 year,40000.0,13.68,675.0
31287739,0,B,debt_consolidation,MORTGAGE,10+ years,139000.0,17.87,740.0
31337014,0,E,credit_card,OWN,10+ years,48000.0,19.78,675.0
31366692,0,A,debt_consolidation,OWN,8 years,50000.0,18.07,680.0
31447829,0,F,debt_consolidation,RENT,8 years,48000.0,25.73,670.0
31607449,0,C,debt_consolidation,RENT,10+ years,76329.0,33.52,700.0
31707732,0,B,debt_consolidation,MORTGAGE,8 years,27000.0,13.02,680.0
31707848,0,D,debt_consolidation,RENT,1 year,36000.0,21.83,680.0
31877820,0,F,major_purchase,MORTGAGE,6 years,45900.0,1.31,820.0
32028825,0,D,debt_consolidation,MORTGAGE,,41000.0,6.21,660.0
32058769,0,E,credit_card,RENT,10+ years,21000.0,36.51,665.0
32058888,0,B,debt_consolidation,RENT,,36000.0,34.6,680.0
32068212,0,C,debt_consolidation,RENT,10+ years,36000.0,21.77,685.0
32128629,0,B,debt_consolidation,RENT,10+ years,78000.0,19.68,750.0
32169402,0,B,credit_card,MORTGAGE,6 years,88000.0,18.85,700.0
32299109,0,A,credit_card,MORTGAGE,3 years,125000.0,14.06,680.0
32359085,0,G,small_business,RENT,1 year,15000.0,9.6,665.0
32389332,0,G,debt_consolidation,RENT,2 years,67400.0,27.21,700.0
32400007,0,A,major_purchase,MORTGAGE,5 years,65000.0,2.37,705.0
32409349,0,D,other,MORTGAGE,10+ years,46800.0,3.62,680.0
32409669,0,E,debt_consolidation,RENT,1 year,33000.0,32.55,675.0
32430406,0,F,home_improvement,MORTGAGE,10+ years,38500.0,32.04,665.0
32849927,0,B,credit_card,RENT,3 years,38000.0,19.84,685.0
32889888,0,E,debt_consolidation,RENT,< 1 year,40000.0,22.59,660.0
33110381,0,B,credit_card,OWN,,44500.0,23.62,695.0
33211143,0,D,debt_consolidation,MORTGAGE,10+ years,62000.0,18.37,665.0
33220289,0,F,home_improvement,MORTGAGE,10+ years,45000.0,24.5,670.0
33231356,0,D,home_improvement,MORTGAGE,3 years,130000.0,20.54,685.0
33270227,0,G,credit_card,MORTGAGE,< 1 year,50000.0,27.78,705.0
33371524,0,C,home_improvement,MORTGAGE,9 years,46000.0,14.09,660.0
33380401,0,A,debt_consolidation,MORTGAGE,6 years,82136.0,18.25,690.0
33391526,0,G,car,RENT,4 years,34000.0,30.11,665.0
33481286,0,F,major_purchase,OWN,3 years,97500.0,3.2,775.0
33521215,0,D,other,RENT,< 1 year,27000.0,33.51,685.0
33601618,0,B,other,RENT,10+ years,86278.0,21.21,675.0
33721765,0,C,home_improvement,MORTGAGE,4 years,47680.0,8.61,660.0
34272931,0,A,debt_consolidation,MORTGAGE,8 years,80000.0,13.25,710.0
34282791,0,E,credit_card,MORTGAGE,10+ years,169000.0,19.0,675.0
34283793,1,F,debt_consolidation,OWN,1 year,25000.0,33.37,670.0
34312086,0,C,debt_consolidation,OWN,10+ years,91511.0,22.31,665.0
34322712,0,C,debt_consolidation,MORTGAGE,7 years,81000.0,25.59,705.0
34352353,0,E,debt_consolidation,RENT,10+ years,30835.0,37.17,675.0
34363615,0,B,credit_card,MORTGAGE,8 years,105000.0,33.75,715.0
34433709,0,E,debt_consolidation,RENT,3 years,92491.0,18.92,670.0
34452690,0,C,debt_consolidation,RENT,7 years,48000.0,24.65,670.0
34652893,0,G,debt_consolidation,MORTGAGE,10+ years,50000.0,12.84,660.0
34682926,1,E,debt_consolidation,MORTGAGE,10+ years,80805.0,22.87,685.0
34722813,0,C,debt_consolidation,RENT,3 years,140000.0,7.27,675.0
34823176,0,B,debt_consolidation,OWN,7 years,45000.0,24.43,675.0
34953289,0,C,debt_consolidation,MORTGAGE,10+ years,140000.0,5.35,720.0
35013862,0,F,debt_consolidation,MORTGAGE,< 1 year,150000.0,15.23,695.0
35074060,0,G,debt_consolidation,OWN,< 1 year,35000.0,31.14,715.0
35084804,1,D,credit_card,RENT,1 year,30000.0,28.88,660.0
35136777,1,E,debt_consolidation,OWN,10+ years,120000.0,15.86,685.0
35166408,0,A,credit_card,RENT,2 years,50000.0,12.13,705.0
35256472,0,C,debt_consolidation,OWN,2 years,84000.0,20.92,715.0
35501140,0,B,debt_consolidation,MORTGAGE,4 years,95000.0,23.0,715.0
35653171,0,B,debt_consolidation,MORTGAGE,10+ years,70000.0,12.7,715.0
35653795,0,E,major_purchase,RENT,8 years,25000.0,8.21,670.0
35774099,0,D,credit_card,RENT,5 years,66000.0,13.47,700.0
35803653,0,F,debt_consolidation,MORTGAGE,4 years,74000.0,6.41,675.0
35833688,0,B,debt_consolidation,MORTGAGE,10+ years,57000.0,23.22,680.0
36039363,0,F,debt_consolidation,MORTGAGE,10+ years,75000.0,15.77,675.0
36039713,0,A,credit_card,MORTGAGE,10+ years,65000.0,3.24,820.0
36048839,0,A,credit_card,OWN,4 years,40000.0,26.59,705.0
36158214,0,D,debt_consolidation,MORTGAGE,6 years,33000.0,22.58,665.0
36168653,0,D,credit_card,MORTGAGE,1 year,82656.0,8.7,665.0
36221181,0,E,debt_consolidation,MORTGAGE,,84000.0,33.74,665.0
36221854,0,A,debt_consolidation,RENT,< 1 year,50000.0,7.84,695.0
36330661,0,F,debt_consolidation,RENT,2 years,85000.0,6.72,665.0
36361829,0,C,debt_consolidation,MORTGAGE,6 years,30500.0,31.84,715.0
36440558,0,C,credit_card,RENT,1 year,50000.0,27.63,665.0
36451097,0,G,debt_consolidation,MORTGAGE,7 years,55000.0,25.81,665.0
36611375,0,G,debt_consolidation,MORTGAGE,10+ years,36000.0,13.83,665.0
36733266,1,G,other,MORTGAGE,10+ years,79120.0,12.01,755.0
37137490,0,G,medical,MORTGAGE,10+ years,135000.0,13.16,675.0
37277902,0,C,debt_consolidation,RENT,,70000.0,24.94,665.0
37601021,0,F,debt_consolidation,MORTGAGE,9 years,160000.0,10.75,695.0
37651670,0,C,debt_consolidation,MORTGAGE,10+ years,200000.0,21.39,670.0
37682161,0,C,credit_card,MORTGAGE,< 1 year,104000.0,36.63,700.0
37790533,0,F,debt_consolidation,RENT,4 years,55000.0,15.82,665.0
37897618,0,G,debt_consolidation,MORTGAGE,10+ years,61350.0,20.62,700.0
37938274,0,D,debt_consolidation,OWN,< 1 year,22000.0,23.97,680.0
37998482,0,F,home_improvement,MORTGAGE,7 years,177000.0,26.1,660.0
38161863,0,C,debt_consolidation,OWN,10+ years,35000.0,23.94,675.0
38271231,0,A,credit_card,MORTGAGE,3 years,67000.0,24.74,740.0
38301569,0,D,debt_consolidation,MORTGAGE,10+ years,96398.0,34.46,700.0
38301913,0,D,debt_consolidation,MORTGAGE,7 years,72800.0,6.05,670.0
38311118,0,F,debt_consolidation,RENT,10+ years,65000.0,25.31,700.0
38312034,1,F,debt_consolidation,MORTGAGE,9 years,45000.0,24.08,670.0
38351685,0,F,debt_consolidation,RENT,< 1 year,65000.0,10.3,660.0
38361826,0,F,debt_consolidation,RENT,6 years,120000.0,17.1,675.0
38416090,0,E,debt_consolidation,RENT,3 years,45000.0,18.15,670.0
38435438,1,D,debt_consolidation,RENT,6 years,44000.0,6.11,685.0
38444650,0,A,debt_consolidation,RENT,1 year,130000.0,0.46,750.0
38447552,0,E,debt_consolidation,MORTGAGE,10+ years,40000.0,16.47,700.0
38456327,0,G,other,RENT,,48000.0,20.05,680.0
38464463,0,A,debt_consolidation,MORTGAGE,10+ years,49000.0,4.41,685.0
38469445,0,E,debt_consolidation,MORTGAGE,1 year,100000.0,10.74,680.0
38477679,0,G,other,MORTGAGE,10+ years,150000.0,10.26,665.0
38494684,0,B,car,MORTGAGE,10+ years,89000.0,23.67,690.0
38504452,0,F,other,RENT,2 years,75000.0,18.66,660.0
38515000,0,E,other,MORTGAGE,10+ years,110000.0,34.97,680.0
38518643,0,G,debt_consolidation,MORTGAGE,10+ years,90000.0,24.04,695.0
38554779,0,E,debt_consolidation,MORTGAGE,3 years,24960.0,25.48,690.0
38569164,0,C,debt_consolidation,RENT,6 years,38000.0,27.07,705.0
38599749,1,G,house,MORTGAGE,7 years,72000.0,28.05,670.0
38628838,0,C,credit_card,MORTGAGE,10+ years,110000.0,25.59,675.0
38634881,0,F,credit_card,RENT,1 year,31000.0,24.0,695.0
38638671,0,F,major_purchase,MORTGAGE,10+ years,96000.0,12.78,660.0
38644322,0,A,debt_consolidation,RENT,10+ years,47000.0,25.59,735.0
38648633,0,D,debt_consolidation,RENT,10+ years,55600.0,39.72,670.0
38699603,0,D,debt_consolidation,MORTGAGE,10+ years,80000.0,8.88,685.0
38722278,0,B,debt_consolidation,RENT,10+ years,80000.0,2.69,665.0
38902506,0,D,credit_card,RENT,10+ years,50000.0,24.46,670.0
38952471,0,C,credit_card,MORTGAGE,10+ years,105000.0,18.49,705.0
39269879,0,D,credit_card,MORTGAGE,10+ years,55000.0,15.46,665.0
39360689,0,B,debt_consolidation,RENT,10+ years,35000.0,30.49,690.0
39370599,0,F,car,MORTGAGE,3 years,56000.0,14.62,675.0
39459935,0,G,small_business,RENT,2 years,88000.0,12.29,685.0
39522818,1,E,debt_consolidation,MORTGAGE,10+ years,58000.0,27.75,690.0
39532171,0,G,debt_consolidation,MORTGAGE,10+ years,67000.0,26.94,690.0
39542006,0,D,vacation,OWN,6 years,180000.0,31.05,680.0
39549444,0,D,credit_card,MORTGAGE,5 years,32000.0,7.99,695.0
39562164,0,B,debt_consolidation,MORTGAGE,10+ years,100000.0,11.29,685.0
39580162,0,F,debt_consolidation,RENT,9 years,92000.0,17.47,675.0
39581359,0,E,other,OWN,10+ years,48000.0,18.77,660.0
39632147,0,E,debt_consolidation,MORTGAGE,10+ years,80666.0,18.82,675.0
39639300,0,D,debt_consolidation,RENT,10+ years,50000.0,26.19,685.0
39641000,0,D,debt_consolidation,RENT,10+ years,70800.0,26.71,670.0
39712276,0,F,debt_consolidation,MORTGAGE,10+ years,70000.0,11.4,675.0
39731062,0,F,debt_consolidation,RENT,8 years,101000.0,16.99,700.0
39731454,0,E,small_business,RENT,4 years,180000.0,5.93,710.0
39741341,0,A,debt_consolidation,RENT,9 years,56000.0,7.42,685.0
39805201,0,E,other,MORTGAGE,6 years,45000.0,11.33,665.0
39805757,0,E,credit_card,MORTGAGE,7 years,75000.0,13.22,680.0
39847608,0,D,debt_consolidation,MORTGAGE,< 1 year,48000.0,36.35,665.0
39957585,0,E,credit_card,MORTGAGE,10+ years,47000.0,19.87,665.0
39967571,0,G,debt_consolidation,RENT,4 years,40000.0,15.42,665.0
40027826,0,F,home_improvement,OWN,10+ years,82000.0,32.23,675.0
40049911,0,B,debt_consolidation,OWN,3 years,45000.0,11.97,700.0
40097784,0,C,debt_consolidation,MORTGAGE,10+ years,50000.0,33.77,670.0
40118171,0,F,debt_consolidation,MORTGAGE,< 1 year,58000.0,29.34,680.0
40217709,0,G,debt_consolidation,OWN,6 years,128000.0,14.79,665.0
40258199,0,D,debt_consolidation,MORTGAGE,10+ years,250000.0,1.13,735.0
40277675,0,F,debt_consolidation,MORTGAGE,9 years,75000.0,11.36,720.0
40353931,0,F,debt_consolidation,RENT,< 1 year,42000.0,12.8,685.0
40354590,0,F,credit_card,MORTGAGE,10+ years,61000.0,35.65,675.0
40402658,0,D,debt_consolidation,MORTGAGE,9 years,108000.0,9.28,680.0
40411462,0,F,credit_card,RENT,10+ years,70000.0,23.78,675.0
40412517,0,B,credit_card,MORTGAGE,10+ years,50000.0,13.59,680.0
40430224,0,B,credit_card,MORTGAGE,10+ years,75000.0,13.79,725.0
40431422,0,F,debt_consolidation,RENT,,52908.0,11.34,685.0
40440172,0,E,debt_consolidation,RENT,3 years,25000.0,33.03,670.0
40471207,0,D,debt_consolidation,MORTGAGE,8 years,105000.0,17.05,675.0
40490822,1,F,debt_consolidation,RENT,4 years,100000.0,13.31,675.0
40501552,0,A,credit_card,RENT,1 year,21000.0,10.46,740.0
40522786,0,F,debt_consolidation,RENT,10+ years,32000.0,4.13,665.0
40570201,0,C,debt_consolidation,MORTGAGE,6 years,36800.0,17.71,670.0
40580476,0,B,home_improvement,MORTGAGE,6 years,42000.0,4.31,660.0
40593946,0,A,debt_consolidation,MORTGAGE,1 year,28000.0,14.44,710.0
40634792,0,C,credit_card,MORTGAGE,10+ years,65500.0,29.17,690.0
40736482,0,D,other,MORTGAGE,1 year,55000.0,34.28,665.0
40776700,0,G,debt_consolidation,RENT,4 years,76000.0,24.29,660.0
40943042,0,C,credit_card,OWN,10+ years,62500.0,34.87,690.0
40951726,0,C,debt_consolidation,RENT,3 years,100000.0,17.09,675.0
40952002,0,F,debt_consolidation,RENT,10+ years,75000.0,25.79,670.0
40979776,0,A,debt_consolidation,MORTGAGE,3 years,70000.0,23.82,740.0
40981899,0,C,debt_consolidation,RENT,8 years,70000.0,25.82,680.0
41013334,0,D,debt_consolidation,MORTGAGE,10+ years,51000.0,37.93,700.0
41021031,0,A,debt_consolidation,RENT,< 1 year,148000.0,5.77,700.0
41030341,0,C,debt_consolidation,OWN,7 years,43000.0,18.92,675.0
41030918,0,G,debt_consolidation,RENT,1 year,90000.0,25.4,665.0
41043145,0,E,debt_consolidation,RENT,7 years,42700.0,24.87,690.0
41061905,0,C,debt_consolidation,MORTGAGE,10+ years,40000.0,5.22,675.0
41072413,0,G,house,RENT,10+ years,70000.0,22.78,725.0
41109361,0,A,debt_consolidation,OWN,2 years,105000.0,12.61,820.0
41122356,0,E,credit_card,RENT,5 years,98000.0,22.1,675.0
41141726,0,A,debt_consolidation,RENT,1 year,118000.0,8.6,705.0
41144615,0,C,credit_card,MORTGAGE,7 years,30000.0,30.64,670.0
41152304,0,A,credit_card,MORTGAGE,< 1 year,153920.0,14.79,710.0
41161904,0,E,debt_consolidation,MORTGAGE,4 years,55609.0,22.71,690.0
41163205,0,E,small_business,RENT,6 years,55000.0,32.73,675.0
41197323,0,D,debt_consolidation,MORTGAGE,9 years,62877.0,31.05,710.0
41216421,0,E,debt_consolidation,MORTGAGE,< 1 year,131000.0,17.14,685.0
41309265,0,D,debt_consolidation,MORTGAGE,10+ years,88000.0,21.94,660.0
41319355,0,C,credit_card,MORTGAGE,10+ years,62000.0,10.94,665.0
41440054,0,C,debt_consolidation,MORTGAGE,,60000.0,19.38,715.0
41740503,0,F,other,RENT,8 years,63700.0,18.77,705.0
41960179,0,D,debt_consolidation,RENT,6 years,48300.0,17.14,675.0
42011216,0,D,debt_consolidation,MORTGAGE,1 year,90000.0,30.47,755.0
42031598,0,A,credit_card,MORTGAGE,10+ years,56000.0,16.85,675.0
42061360,0,C,other,MORTGAGE,10+ years,60000.0,17.56,660.0
42283399,0,D,home_improvement,OWN,6 years,61000.0,28.17,670.0
42285293,0,G,debt_consolidation,MORTGAGE,6 years,144000.0,12.03,665.0
42293387,0,C,debt_consolidation,MORTGAGE,10+ years,67000.0,27.83,665.0
42296827,0,C,credit_card,MORTGAGE,9 years,50000.0,26.74,660.0
42375594,0,B,debt_consolidation,MORTGAGE,10+ years,88000.0,24.17,730.0
42413981,0,E,debt_consolidation,MORTGAGE,10+ years,44800.0,17.17,675.0
42433919,0,C,car,RENT,10+ years,40000.0,15.51,670.0
42465007,0,F,credit_card,MORTGAGE,10+ years,60000.0,18.54,665.0
42484601,0,D,major_purchase,RENT,2 years,90000.0,13.87,665.0
42733322,0,G,other,RENT,10+ years,42000.0,2.51,715.0
42753340,0,B,home_improvement,MORTGAGE,10+ years,145000.0,16.44,695.0
42783393,0,A,credit_card,MORTGAGE,10+ years,54000.0,13.78,680.0
42844447,0,D,debt_consolidation,RENT,4 years,82000.0,1.49,695.0
42964874,0,D,debt_consolidation,MORTGAGE,5 years,70000.0,20.76,665.0
43145462,0,G,debt_consolidation,RENT,10+ years,65000.0,24.32,660.0
43226080,0,D,home_improvement,MORTGAGE,3 years,78000.0,12.65,665.0
43336534,0,D,credit_card,MORTGAGE,10+ years,147000.0,11.61,715.0
43389544,0,D,major_purchase,OWN,1 year,30000.0,21.72,680.0
43389861,0,C,home_improvement,MORTGAGE,10+ years,78000.0,32.8,685.0
43390262,0,D,credit_card,MORTGAGE,4 years,85000.0,13.34,695.0
43390466,0,A,debt_consolidation,MORTGAGE,8 years,180000.0,6.49,685.0
43409194,0,A,debt_consolidation,RENT,< 1 year,55000.0,16.18,740.0
43409825,0,E,debt_consolidation,RENT,10+ years,92000.0,7.17,670.0
43410024,0,E,debt_consolidation,RENT,9 years,32000.0,30.16,690.0
43440637,0,A,debt_consolidation,MORTGAGE,10+ years,60000.0,33.17,780.0
43470903,0,E,debt_consolidation,MORTGAGE,10+ years,55000.0,2.79,675.0
43472356,0,E,debt_consolidation,OWN,5 years,130000.0,8.24,675.0
43490201,0,D,debt_consolidation,RENT,1 year,51500.0,28.34,660.0
43510374,0,E,debt_consolidation,RENT,4 years,32000.0,13.65,665.0
43529522,0,F,debt_consolidation,MORTGAGE,6 years,42000.0,25.17,660.0
43539234,0,E,debt_consolidation,MORTGAGE,10+ years,54200.0,3.68,665.0
43540348,0,D,debt_consolidation,MORTGAGE,< 1 year,80000.0,27.13,685.0
43570283,0,F,debt_consolidation,RENT,3 years,46000.0,28.12,670.0
43819449,0,F,debt_consolidation,RENT,9 years,50000.0,29.69,665.0
43839926,0,D,debt_consolidation,MORTGAGE,3 years,43200.0,21.36,685.0
43870223,0,F,home_improvement,OWN,8 years,63888.0,24.89,695.0
43893978,0,B,credit_card,MORTGAGE,3 years,44000.0,8.37,695.0
43904150,0,C,debt_consolidation,MORTGAGE,10+ years,120000.0,18.44,725.0
43935423,0,C,home_improvement,MORTGAGE,7 years,90000.0,9.28,675.0
43945280,0,B,credit_card,RENT,4 years,130000.0,12.35,665.0
44017730,0,A,credit_card,RENT,4 years,29000.0,11.88,750.0
44017839,0,C,debt_consolidation,RENT,10+ years,43680.0,34.67,685.0
44046932,0,C,medical,MORTGAGE,,60000.0,25.1,665.0
44066460,0,G,debt_consolidation,MORTGAGE,10+ years,111339.0,18.31,675.0
44085299,0,E,debt_consolidation,RENT,10+ years,66000.0,20.82,660.0
44085390,0,B,credit_card,RENT,10+ years,75000.0,12.85,700.0
44086909,0,D,debt_consolidation,RENT,1 year,50000.0,24.99,675.0
44140066,0,E,debt_consolidation,RENT,2 years,30500.0,36.44,665.0
44339155,0,B,debt_consolidation,MORTGAGE,4 years,51000.0,33.04,715.0
44429251,0,E,small_business,MORTGAGE,8 years,40000.0,31.08,730.0
44439306,0,A,debt_consolidation,RENT,3 years,62000.0,18.58,700.0
44513719,0,C,other,RENT,10+ years,42500.0,17.59,710.0
44513913,0,F,debt_consolidation,MORTGAGE,10+ years,125000.0,20.26,670.0
44514435,0,G,debt_consolidation,MORTGAGE,10+ years,79000.0,34.25,675.0
44543387,0,D,debt_consolidation,MORTGAGE,6 years,45000.0,17.37,680.0
44563434,0,D,debt_consolidation,RENT,3 years,65000.0,12.87,660.0
44683686,0,G,small_business,RENT,2 years,17000.0,21.19,685.0
44776798,0,C,debt_consolidation,OWN,10+ years,105000.0,15.09,775.0
44816090,0,E,debt_consolidation,MORTGAGE,10+ years,70000.0,31.53,680.0
44865510,0,F,debt_consolidation,OWN,< 1 year,60000.0,25.82,705.0
44896597,0,F,debt_consolidation,MORTGAGE,5 years,120000.0,21.08,670.0
44906222,0,B,debt_consolidation,MORTGAGE,10+ years,80333.0,9.43,750.0
44976125,0,A,debt_consolidation,OWN,3 years,62000.0,31.8,830.0
45202127,0,F,debt_consolidation,MORTGAGE,10+ years,75000.0,12.18,680.0
45242183,1,E,debt_consolidation,MORTGAGE,10+ years,52000.0,17.47,680.0
45304593,1,C,debt_consolidation,MORTGAGE,5 years,39085.0,25.36,765.0
45324715,0,F,debt_consolidation,MORTGAGE,2 years,90000.0,28.75,660.0
45364489,0,C,debt_consolidation,MORTGAGE,1 year,65000.0,7.68,700.0
45374212,0,A,home_improvement,MORTGAGE,< 1 year,69000.0,6.17,750.0
45394194,0,F,debt_consolidation,MORTGAGE,2 years,72000.0,19.08,710.0
45404721,0,E,debt_consolidation,OWN,10+ years,66000.0,25.15,675.0
45424955,0,G,home_improvement,MORTGAGE,1 year,180000.0,4.46,755.0
45474136,0,D,other,MORTGAGE,1 year,60000.0,2.76,670.0
45494129,0,F,debt_consolidation,OWN,< 1 year,85000.0,16.41,755.0
45634351,0,B,credit_card,MORTGAGE,1 year,70000.0,34.13,695.0
45654195,0,D,debt_consolidation,MORTGAGE,3 years,39000.0,30.18,690.0
45674165,0,F,debt_consolidation,RENT,1 year,49600.0,12.34,670.0
46105027,0,A,debt_consolidation,RENT,,50000.0,24.32,675.0
46115101,0,D,debt_consolidation,MORTGAGE,4 years,69195.07,13.94,670.0
46125590,0,G,credit_card,OWN,9 years,70000.0,23.45,680.0
46154416,0,B,home_improvement,MORTGAGE,5 years,90000.0,11.04,660.0
46155175,0,B,debt_consolidation,RENT,3 years,61500.0,17.62,730.0
46245502,1,B,credit_card,RENT,10+ years,73000.0,10.72,685.0
46284519,0,B,debt_consolidation,MORTGAGE,3 years,65000.0,14.84,675.0
46284786,0,C,small_business,MORTGAGE,10+ years,50000.0,11.98,695.0
46304893,0,D,debt_consolidation,RENT,< 1 year,26000.0,35.37,680.0
46346948,0,A,debt_consolidation,RENT,10+ years,55000.0,19.77,710.0
46347879,0,B,credit_card,RENT,10+ years,50000.0,6.46,680.0
46387055,0,D,debt_consolidation,MORTGAGE,6 years,60000.0,13.06,670.0
46406946,0,A,debt_consolidation,MORTGAGE,3 years,90000.0,31.05,670.0
46428061,0,E,debt_consolidation,RENT,10+ years,35089.0,23.87,665.0
46486249,0,B,credit_card,MORTGAGE,5 years,71000.0,17.26,680.0
46547452,0,E,debt_consolidation,RENT,10+ years,45000.0,38.72,675.0
46557656,0,G,debt_consolidation,RENT,< 1 year,31200.0,23.12,680.0
46568449,0,E,debt_consolidation,MORTGAGE,10+ years,40000.0,21.84,695.0
46601578,0,D,debt_consolidation,MORTGAGE,10+ years,64200.0,20.92,660.0
46652295,0,E,medical,RENT,5 years,27698.0,5.85,680.0
46663058,0,C,debt_consolidation,RENT,7 years,31000.0,22.53,685.0
46663433,0,F,debt_consolidation,RENT,3 years,56000.0,24.14,675.0
46671263,0,G,home_improvement,MORTGAGE,10+ years,85000.0,24.44,715.0
46684935,0,G,debt_consolidation,MORTGAGE,10+ years,30000.0,16.84,710.0
46684992,0,G,house,RENT,2 years,60000.0,15.01,660.0
46747835,0,D,debt_consolidation,MORTGAGE,7 years,67000.0,25.7,670.0
46747937,0,E,debt_consolidation,MORTGAGE,< 1 year,60000.0,17.42,715.0
46754623,0,F,credit_card,MORTGAGE,10+ years,115000.0,23.17,700.0
46755522,0,A,credit_card,MORTGAGE,5 years,148000.0,8.35,715.0
46756098,0,F,debt_consolidation,RENT,3 years,45000.0,30.53,705.0
46762276,0,C,home_improvement,MORTGAGE,10+ years,43000.0,28.94,685.0
46775510,0,G,debt_consolidation,MORTGAGE,10+ years,50000.0,13.58,660.0
46776163,0,B,debt_consolidation,RENT,10+ years,70000.0,16.53,750.0
46794294,0,F,other,MORTGAGE,8 years,86000.0,27.06,670.0
46803727,0,F,debt_consolidation,RENT,,74513.0,15.32,660.0
46810210,0,D,debt_consolidation,RENT,7 years,56500.0,36.53,695.0
46834123,0,D,debt_consolidation,MORTGAGE,10+ years,248000.0,18.39,685.0
47008147,0,F,debt_consolidation,MORTGAGE,2 years,120000.0,6.79,725.0
47098374,0,E,moving,MORTGAGE,< 1 year,34080.0,25.92,715.0
47168185,0,F,debt_consolidation,OWN,10+ years,140000.0,18.73,665.0
47250831,0,F,debt_consolidation,RENT,2 years,98000.0,17.31,690.0
47290483,0,F,other,RENT,,33180.0,10.52,715.0
47747224,0,E,major_purchase,RENT,< 1 year,36000.0,5.75,670.0
47777166,0,G,debt_consolidation,MORTGAGE,9 years,271000.0,15.97,665.0
48010488,0,E,debt_consolidation,RENT,10+ years,60000.0,12.34,740.0
48012748,0,B,debt_consolidation,MORTGAGE,1 year,63000.0,23.57,690.0
48130927,0,C,debt_consolidation,RENT,2 years,65000.0,31.85,690.0
48181648,0,C,debt_consolidation,RENT,3 years,85000.0,23.13,660.0
48182440,0,F,debt_consolidation,MORTGAGE,10+ years,55000.0,15.36,680.0
48222912,0,D,debt_consolidation,MORTGAGE,10+ years,40372.0,30.41,665.0
48314503,0,C,credit_card,OWN,< 1 year,35000.0,19.68,675.0
48344468,0,A,debt_consolidation,RENT,,25164.0,18.55,660.0
48414859,0,F,debt_consolidation,RENT,9 years,51000.0,23.72,670.0
48424194,0,F,debt_consolidation,MORTGAGE,10+ years,60000.0,24.48,665.0
48424668,0,F,other,RENT,5 years,103000.0,16.36,685.0
48484876,0,A,debt_consolidation,MORTGAGE,,123000.0,2.6,745.0
48565830,0,C,debt_consolidation,RENT,1 year,43200.0,11.61,660.0
48584616,0,G,debt_consolidation,MORTGAGE,7 years,57000.0,35.91,685.0
48585309,0,C,debt_consolidation,RENT,5 years,43000.0,24.67,660.0
48597142,0,D,debt_consolidation,RENT,10+ years,115000.0,19.18,695.0
48608023,0,E,other,MORTGAGE,2 years,206000.0,11.2,680.0
48614685,0,A,debt_consolidation,MORTGAGE,,140000.0,4.61,675.0
48635004,0,A,debt_consolidation,MORTGAGE,10+ years,82000.0,16.8,710.0
48664156,1,C,debt_consolidation,RENT,1 year,35360.0,17.62,660.0
48716392,0,A,home_improvement,MORTGAGE,9 years,61000.0,19.5,755.0
48726311,0,A,debt_consolidation,MORTGAGE,< 1 year,135000.0,20.15,715.0
48744153,0,A,debt_consolidation,RENT,6 years,52500.0,21.6,740.0
48745435,0,F,debt_consolidation,MORTGAGE,2 years,200000.0,21.33,675.0
48886206,0,C,debt_consolidation,MORTGAGE,10+ years,135000.0,10.44,660.0
49187217,0,E,debt_consolidation,RENT,3 years,37400.0,34.55,665.0
49217810,0,C,debt_consolidation,RENT,8 years,62500.0,14.36,680.0
49227190,0,D,debt_consolidation,OWN,10+ years,32000.0,28.02,670.0
49493552,0,F,debt_consolidation,RENT,1 year,50000.0,26.7,730.0
49524324,0,E,debt_consolidation,OWN,4 years,40000.0,39.48,705.0
49524617,0,C,major_purchase,MORTGAGE,10+ years,75000.0,23.89,730.0
49713579,0,A,home_improvement,MORTGAGE,10+ years,65000.0,12.56,660.0
49783520,0,A,other,MORTGAGE,10+ years,70000.0,20.83,715.0
49925710,0,G,debt_consolidation,RENT,10+ years,90000.0,20.75,660.0
49956953,0,C,debt_consolidation,RENT,8 years,57000.0,14.99,680.0
49984653,0,C,debt_consolidation,MORTGAGE,,20652.0,20.4,675.0
50024241,0,F,debt_consolidation,MORTGAGE,4 years,70000.0,19.92,705.0
50033603,0,F,debt_consolidation,OWN,3 years,27500.0,32.65,675.0
50143586,0,E,debt_consolidation,MORTGAGE,9 years,32000.0,20.67,660.0
50183912,0,B,debt_consolidation,MORTGAGE,,22300.0,16.68,755.0
50204210,0,A,debt_consolidation,MORTGAGE,3 years,100000.0,10.26,695.0
50253393,0,D,debt_consolidation,OWN,1 year,65500.0,20.72,670.0
50437254,0,A,credit_card,MORTGAGE,2 years,52000.0,13.78,725.0
50515464,0,B,credit_card,RENT,1 year,70000.0,19.48,665.0
50527651,0,A,debt_consolidation,RENT,< 1 year,77500.0,15.33,665.0
50546296,0,A,credit_card,MORTGAGE,5 years,100000.0,13.24,735.0
50578354,1,G,moving,RENT,2 years,48100.0,14.15,745.0
50585796,0,F,debt_consolidation,MORTGAGE,3 years,150000.0,23.62,710.0
50588402,0,F,debt_consolidation,OWN,,32000.0,35.37,670.0
50606708,0,C,debt_consolidation,RENT,8 years,55000.0,25.57,695.0
50606732,0,F,debt_consolidation,RENT,8 years,40000.0,23.58,675.0
50655796,0,G,debt_consolidation,RENT,9 years,32000.0,29.82,670.0
50656491,0,E,debt_consolidation,OWN,10+ years,42000.0,28.34,680.0
50769300,0,E,home_improvement,MORTGAGE,6 years,64000.0,27.16,675.0
50910545,0,B,debt_consolidation,RENT,2 years,48000.0,11.4,675.0
50920180,0,A,debt_consolidation,MORTGAGE,10+ years,30000.0,12.68,780.0
50920357,0,F,debt_consolidation,RENT,6 years,53000.0,35.42,670.0
50994130,0,C,credit_card,RENT,2 years,36000.0,21.03,680.0
51005884,0,A,credit_card,MORTGAGE,6 years,200000.0,4.84,740.0
51025286,0,G,other,OWN,10+ years,65000.0,16.03,685.0
51025361,0,B,debt_consolidation,MORTGAGE,6 years,135000.0,15.75,675.0
51057168,0,D,car,RENT,10+ years,100000.0,13.74,680.0
51117194,0,D,debt_consolidation,MORTGAGE,10+ years,37440.0,18.77,680.0
51117239,0,C,debt_consolidation,RENT,< 1 year,30000.0,14.64,680.0
51165747,0,E,home_improvement,OWN,10+ years,50000.0,5.81,675.0
51196022,0,D,debt_consolidation,MORTGAGE,10+ years,42000.0,17.4,680.0
51245298,0,C,debt_consolidation,MORTGAGE,4 years,60000.0,24.52,705.0
51356564,0,F,debt_consolidation,RENT,< 1 year,40000.0,26.07,690.0
51366238,0,F,credit_card,OWN,2 years,59200.0,26.29,680.0
51376676,1,B,debt_consolidation,MORTGAGE,9 years,90000.0,38.53,705.0
51467084,0,D,debt_consolidation,RENT,4 years,62000.0,17.36,675.0
51546212,0,G,debt_consolidation,OWN,4 years,41000.0,29.51,695.0
51817699,0,G,debt_consolidation,MORTGAGE,2 years,45000.0,26.37,680.0
51846231,0,E,debt_consolidation,RENT,10+ years,58500.0,27.16,665.0
51847644,0,B,debt_consolidation,MORTGAGE,5 years,60000.0,23.78,690.0
51856298,0,F,debt_consolidation,MORTGAGE,8 years,357000.0,14.64,670.0
51866331,0,E,debt_consolidation,RENT,7 years,51853.0,36.29,665.0
51878774,0,D,debt_consolidation,MORTGAGE,7 years,55000.0,10.83,665.0
51886143,0,A,car,MORTGAGE,2 years,140000.0,5.4,805.0
51888082,0,E,debt_consolidation,OWN,10+ years,45000.0,31.2,680.0
51906603,0,A,debt_consolidation,MORTGAGE,10+ years,67352.0,2.48,675.0
51947593,0,A,debt_consolidation,MORTGAGE,10+ years,70000.0,6.67,680.0
51978666,0,G,debt_consolidation,MORTGAGE,< 1 year,25000.0,36.49,685.0
52007455,0,F,debt_consolidation,MORTGAGE,10+ years,60000.0,31.28,660.0
52018160,0,E,debt_consolidation,OWN,6 years,20000.0,23.83,680.0
52027737,0,F,home_improvement,MORTGAGE,10+ years,70000.0,22.6,675.0
52027928,0,E,debt_consolidation,OWN,10+ years,55500.0,23.42,685.0
52046509,0,B,home_improvement,MORTGAGE,10+ years,65000.0,17.28,695.0
52046611,0,E,debt_consolidation,OWN,3 years,400000.0,16.6,685.0
52077409,0,E,debt_consolidation,RENT,,52000.0,23.7,660.0
52149255,0,F,debt_consolidation,MORTGAGE,1 year,72000.0,27.42,705.0
52149472,0,E,debt_consolidation,MORTGAGE,10+ years,53000.0,36.68,660.0
52321174,0,F,debt_consolidation,RENT,6 years,30000.0,15.52,690.0
52362137,0,F,debt_consolidation,RENT,6 years,75000.0,25.94,660.0
52406319,0,C,debt_consolidation,OWN,5 years,31000.0,38.32,660.0
52486514,0,E,other,OWN,10+ years,42000.0,14.43,660.0
52536576,0,F,medical,MORTGAGE,5 years,96000.0,16.17,670.0
52576205,0,E,other,RENT,8 years,50000.0,19.2,665.0
53121749,0,B,debt_consolidation,MORTGAGE,7 years,182500.0,21.5,700.0
53362375,0,F,debt_consolidation,MORTGAGE,2 years,73000.0,17.8,660.0
53564168,0,G,debt_consolidation,RENT,9 years,68000.0,9.2,675.0
53584821,0,C,credit_card,MORTGAGE,10+ years,79895.96,18.04,715.0
53594183,0,F,debt_consolidation,MORTGAGE,< 1 year,61078.0,18.22,675.0
53604640,0,F,debt_consolidation,RENT,3 years,35000.0,38.48,715.0
53684372,0,E,debt_consolidation,MORTGAGE,4 years,105000.0,16.23,680.0
53774509,0,D,credit_card,MORTGAGE,10+ years,85000.0,37.27,740.0
53834511,0,G,small_business,RENT,8 years,70000.0,21.5,675.0
54099320,0,G,debt_consolidation,OWN,3 years,55000.0,23.76,675.0
54100183,0,C,credit_card,MORTGAGE,2 years,300000.0,19.16,665.0
54127673,0,G,small_business,RENT,2 years,60000.0,6.8,665.0
54168296,0,E,debt_consolidation,MORTGAGE,10+ years,100000.0,19.43,675.0
54197450,0,F,debt_consolidation,OWN,3 years,35800.0,29.6,680.0
54238521,0,G,debt_consolidation,RENT,10+ years,165000.0,15.07,660.0
54258558,0,B,debt_consolidation,MORTGAGE,3 years,60000.0,18.94,690.0
54303859,1,B,credit_card,MORTGAGE,6 years,84000.0,19.51,665.0
54323709,0,E,debt_consolidation,MORTGAGE,10+ years,200000.0,31.47,665.0
54393585,0,G,house,OWN,9 years,20000.0,20.05,715.0
54394736,0,A,credit_card,RENT,8 years,63000.0,14.5,715.0
54463760,0,C,debt_consolidation,RENT,< 1 year,50000.0,24.58,695.0
54524278,0,F,debt_consolidation,RENT,10+ years,63000.0,20.44,670.0
54618239,0,G,debt_consolidation,MORTGAGE,10+ years,68000.0,27.88,665.0
54728194,0,F,debt_consolidation,RENT,5 years,55000.0,22.38,660.0
54818661,0,C,other,MORTGAGE,1 year,75000.0,29.34,685.0
54838824,0,G,debt_consolidation,MORTGAGE,,83420.0,23.02,665.0
54898316,0,C,credit_card,RENT,2 years,98000.0,17.19,685.0
54968621,0,B,debt_consolidation,MORTGAGE,2 years,72000.0,17.92,750.0
55072758,0,C,vacation,RENT,3 years,160000.0,5.56,670.0
55090502,1,F,debt_consolidation,RENT,,26500.0,24.28,675.0
55121052,0,D,debt_consolidation,OWN,< 1 year,95000.0,18.77,685.0
55139850,0,C,debt_consolidation,MORTGAGE,10+ years,52000.0,31.34,670.0
55160138,0,A,credit_card,RENT,< 1 year,110000.0,5.4,715.0
55178902,0,F,debt_consolidation,MORTGAGE,2 years,140000.0,27.9,670.0
55180879,1,G,debt_consolidation,MORTGAGE,4 years,100000.0,15.6,675.0
55228620,0,E,debt_consolidation,RENT,2 years,60000.0,34.26,670.0
55230786,0,E,debt_consolidation,RENT,< 1 year,92040.0,21.55,665.0
55231419,0,F,debt_consolidation,MORTGAGE,6 years,120000.0,10.96,710.0
55258949,0,D,debt_consolidation,MORTGAGE,1 year,46000.0,9.68,670.0
55271663,0,B,credit_card,RENT,1 year,65000.0,26.37,690.0
55288490,0,E,debt_consolidation,MORTGAGE,3 years,19800.0,19.03,685.0
55288597,0,D,debt_consolidation,OWN,1 year,60000.0,27.69,670.0
55310823,0,D,credit_card,RENT,6 years,53712.0,29.8,680.0
55330310,0,E,debt_consolidation,MORTGAGE,3 years,35000.0,30.38,705.0
55350289,0,A,credit_card,RENT,10+ years,60000.0,16.8,685.0
55400193,0,F,debt_consolidation,MORTGAGE,10+ years,100418.0,17.99,660.0
55411143,0,C,debt_consolidation,MORTGAGE,8 years,70000.0,23.64,690.0
55431236,0,F,debt_consolidation,RENT,< 1 year,57000.0,12.11,680.0
55432078,0,B,debt_consolidation,RENT,7 years,95000.0,8.48,665.0
55442737,0,E,credit_card,RENT,4 years,42000.0,23.54,660.0
55472164,0,E,debt_consolidation,MORTGAGE,10+ years,59500.0,32.57,685.0
55473342,0,F,debt_consolidation,MORTGAGE,,60000.0,26.02,660.0
55473394,0,B,home_improvement,MORTGAGE,10+ years,110000.0,14.36,685.0
55512299,0,F,other,RENT,7 years,100000.0,8.16,740.0
55512571,0,A,credit_card,RENT,< 1 year,65000.0,7.46,705.0
55523395,0,C,vacation,RENT,10+ years,65000.0,27.42,665.0
55563935,0,A,debt_consolidation,MORTGAGE,10+ years,74000.0,3.56,695.0
55573216,0,B,debt_consolidation,MORTGAGE,10+ years,60000.0,36.7,705.0
55637363,0,E,credit_card,MORTGAGE,10+ years,60000.0,36.58,705.0
55657808,0,C,debt_consolidation,MORTGAGE,2 years,36480.0,26.48,665.0
55707247,0,E,other,MORTGAGE,10+ years,80000.0,10.76,685.0
55817633,1,D,debt_consolidation,MORTGAGE,< 1 year,42900.0,15.89,665.0
55919808,0,F,credit_card,RENT,2 years,32000.0,14.67,680.0
55928303,0,G,debt_consolidation,RENT,< 1 year,88000.0,15.96,660.0
55948313,0,E,credit_card,RENT,6 years,92000.0,27.56,730.0
55948923,0,G,other,MORTGAGE,10+ years,60000.0,11.54,675.0
55949900,0,F,debt_consolidation,MORTGAGE,10+ years,70000.0,33.91,695.0
55957162,1,C,debt_consolidation,MORTGAGE,1 year,60000.0,14.92,665.0
55960359,0,A,credit_card,MORTGAGE,7 years,44000.0,20.1,820.0
55968844,0,D,debt_consolidation,RENT,< 1 year,57000.0,38.17,670.0
55970126,0,C,credit_card,RENT,4 years,52000.0,16.59,680.0
55981961,0,B,debt_consolidation,RENT,2 years,112000.0,8.41,690.0
55999811,0,A,credit_card,RENT,3 years,50000.0,16.87,745.0
56000566,0,B,debt_consolidation,RENT,10+ years,108000.0,21.27,735.0
56010767,0,E,debt_consolidation,MORTGAGE,10+ years,88000.0,23.65,700.0
56020887,0,B,credit_card,MORTGAGE,4 years,85000.0,33.52,725.0
56028146,0,A,debt_consolidation,RENT,2 years,36000.0,17.67,685.0
56058489,0,F,debt_consolidation,RENT,10+ years,50000.0,29.02,680.0
56060975,0,E,credit_card,MORTGAGE,10+ years,36000.0,29.27,690.0
56079047,0,E,debt_consolidation,MORTGAGE,1 year,67000.0,33.14,670.0
56090359,0,A,debt_consolidation,MORTGAGE,5 years,80000.0,22.95,725.0
56101370,0,B,car,RENT,10+ years,31980.0,13.81,685.0
56109287,0,E,debt_consolidation,RENT,1 year,36000.0,33.23,665.0
56270316,0,C,debt_consolidation,MORTGAGE,10+ years,70000.0,30.16,675.0
56350414,0,G,home_improvement,OWN,10+ years,58000.0,9.93,670.0
56452849,0,D,debt_consolidation,OWN,,65000.0,27.22,680.0
56473060,0,D,debt_consolidation,RENT,3 years,16000.0,14.85,685.0
56502528,0,C,debt_consolidation,MORTGAGE,10+ years,120000.0,12.48,685.0
56532949,0,A,debt_consolidation,RENT,10+ years,50000.0,7.51,745.0
56533114,0,G,debt_consolidation,MORTGAGE,10+ years,67000.0,30.25,660.0
56562682,0,E,credit_card,RENT,3 years,39000.0,16.83,660.0
56563164,0,B,credit_card,RENT,2 years,126000.0,13.99,665.0
56572448,0,F,debt_consolidation,MORTGAGE,10+ years,83000.0,17.32,705.0
56572640,0,G,debt_consolidation,MORTGAGE,7 years,80000.0,21.36,675.0
56602447,0,D,debt_consolidation,MORTGAGE,10+ years,42000.0,35.29,660.0
56652784,0,C,debt_consolidation,MORTGAGE,5 years,57000.0,31.05,690.0
56673076,0,A,credit_card,RENT,,25000.0,13.54,745.0
56894458,0,F,debt_consolidation,MORTGAGE,9 years,48651.0,26.74,675.0
56904783,0,F,home_improvement,OWN,,27000.0,29.69,720.0
56944816,0,A,credit_card,MORTGAGE,10+ years,115000.0,15.84,765.0
56964823,0,E,debt_consolidation,RENT,2 years,70000.0,14.01,690.0
57034280,0,E,major_purchase,RENT,8 years,150000.0,1.66,680.0
57146310,0,E,credit_card,OWN,,35000.0,35.19,715.0
57165295,0,F,debt_consolidation,RENT,1 year,120000.0,18.43,670.0
57195520,0,A,credit_card,MORTGAGE,1 year,142000.0,7.23,745.0
57216263,0,B,debt_consolidation,RENT,2 years,80000.0,26.9,755.0
57227364,0,E,debt_consolidation,OWN,2 years,180000.0,10.24,660.0
57234376,0,F,debt_consolidation,MORTGAGE,6 years,57000.0,22.93,680.0
57274366,0,C,debt_consolidation,MORTGAGE,8 years,70000.0,24.1,700.0
57335056,0,A,credit_card,RENT,10+ years,45000.0,32.0,800.0
57344729,0,F,other,RENT,10+ years,33000.0,28.47,660.0
57364565,0,G,debt_consolidation,RENT,5 years,36000.0,24.03,700.0
57428443,0,B,debt_consolidation,MORTGAGE,4 years,140000.0,20.38,710.0
57458454,0,A,debt_consolidation,RENT,,75000.0,14.85,695.0
57478341,0,B,major_purchase,MORTGAGE,10+ years,68000.0,14.51,690.0
57588374,0,G,small_business,MORTGAGE,6 years,75000.0,22.7,675.0
57649936,0,D,debt_consolidation,MORTGAGE,10+ years,45000.0,10.11,670.0
57702246,0,C,debt_consolidation,RENT,< 1 year,15000.0,16.32,685.0
57704004,1,G,credit_card,RENT,10+ years,34000.0,31.31,670.0
57762581,1,C,small_business,RENT,6 years,103000.0,20.31,705.0
57824102,0,G,debt_consolidation,RENT,6 years,48000.0,5.01,685.0
57905641,0,D,credit_card,MORTGAGE,7 years,60000.0,25.98,680.0
57970741,0,E,debt_consolidation,MORTGAGE,3 years,32000.0,38.71,680.0
57991087,0,A,debt_consolidation,MORTGAGE,6 years,50000.0,8.88,700.0
57991149,0,G,debt_consolidation,OWN,8 years,24000.0,19.4,695.0
58100435,0,G,debt_consolidation,MORTGAGE,10+ years,52700.0,14.14,670.0
58110130,1,C,debt_consolidation,MORTGAGE,4 years,70000.0,15.38,665.0
58110892,0,C,debt_consolidation,RENT,2 years,18667.0,23.67,695.0
58151438,0,E,moving,RENT,2 years,70000.0,10.46,725.0
58270341,0,G,other,RENT,5 years,54000.0,15.91,725.0
58320799,0,E,other,RENT,10+ years,39480.0,19.67,675.0
58360122,0,F,debt_consolidation,OWN,1 year,120000.0,11.63,685.0
58470355,0,B,credit_card,RENT,10+ years,62000.0,33.47,725.0
58470411,0,D,debt_consolidation,OWN,10+ years,64000.0,25.38,710.0
58542644,0,B,debt_consolidation,OWN,6 years,35000.0,5.62,665.0
58543374,0,E,debt_consolidation,MORTGAGE,10+ years,110000.0,19.74,660.0
58573849,0,B,debt_consolidation,MORTGAGE,,145000.0,8.62,670.0
58582326,0,E,home_improvement,RENT,1 year,120000.0,3.04,660.0
58592449,0,F,small_business,OWN,1 year,40000.0,4.89,690.0
58592624,0,F,debt_consolidation,RENT,5 years,41000.0,14.67,675.0
58593595,0,D,major_purchase,MORTGAGE,< 1 year,45000.0,8.93,670.0
58644095,0,F,debt_consolidation,MORTGAGE,10+ years,62000.0,22.02,675.0
58684084,0,G,credit_card,RENT,4 years,25000.0,34.13,665.0
58702848,0,C,debt_consolidation,RENT,1 year,43000.0,25.74,735.0
58713003,0,A,debt_consolidation,OWN,4 years,71000.0,10.25,690.0
58872284,1,A,credit_card,RENT,9 years,120000.0,15.72,690.0
58892594,0,C,medical,RENT,1 year,62000.0,23.58,675.0
59070371,0,A,credit_card,MORTGAGE,4 years,137000.0,9.5,695.0
59070466,0,B,home_improvement,MORTGAGE,3 years,59000.0,16.54,795.0
59079709,0,C,debt_consolidation,RENT,9 years,49000.0,12.4,685.0
59112804,0,E,debt_consolidation,RENT,< 1 year,80000.0,17.87,690.0
59119652,0,B,debt_consolidation,MORTGAGE,5 years,117000.0,13.33,680.0
59152137,0,G,debt_consolidation,OWN,7 years,98000.0,27.38,695.0
59159258,0,F,debt_consolidation,RENT,8 years,50000.0,27.27,670.0
59170079,0,F,debt_consolidation,MORTGAGE,8 years,100000.0,10.32,670.0
59190106,0,G,debt_consolidation,OWN,,36108.0,28.75,705.0
59230683,0,A,credit_card,OWN,< 1 year,135000.0,20.83,730.0
59261944,0,F,debt_consolidation,MORTGAGE,10+ years,130000.0,16.75,670.0
59279853,0,B,debt_consolidation,OWN,10+ years,67500.0,27.63,695.0
59309651,0,G,debt_consolidation,RENT,5 years,65000.0,18.76,665.0
59392980,0,F,debt_consolidation,RENT,10+ years,72345.0,20.31,680.0
59403088,0,F,debt_consolidation,MORTGAGE,10+ years,58000.0,12.66,680.0
59422365,0,C,debt_consolidation,RENT,1 year,110000.0,16.93,700.0
59431236,0,B,credit_card,RENT,< 1 year,75000.0,2.77,690.0
59512415,0,A,debt_consolidation,MORTGAGE,7 years,104000.0,10.18,690.0
59522556,0,C,other,RENT,< 1 year,32000.0,15.68,775.0
59541193,0,C,debt_consolidation,MORTGAGE,10+ years,80000.0,22.01,720.0
59601342,0,B,debt_consolidation,RENT,9 years,75639.72,18.55,670.0
59809244,0,D,debt_consolidation,MORTGAGE,10+ years,68000.0,38.63,695.0
59809543,0,G,debt_consolidation,RENT,10+ years,130000.0,10.39,715.0
59905598,0,D,debt_consolidation,MORTGAGE,10+ years,35184.0,34.48,670.0
59925681,0,E,debt_consolidation,MORTGAGE,< 1 year,66000.0,29.81,690.0
59945304,0,F,debt_consolidation,RENT,1 year,55000.0,27.36,675.0
60105160,0,E,debt_consolidation,RENT,6 years,56300.0,20.14,675.0
60195544,0,B,other,RENT,3 years,83500.0,15.0,670.0
60235795,0,A,debt_consolidation,RENT,1 year,30000.0,23.88,720.0
60276416,0,A,debt_consolidation,RENT,< 1 year,37440.0,15.8,730.0
60316187,0,A,medical,MORTGAGE,7 years,66974.0,2.9,840.0
60356899,0,B,debt_consolidation,MORTGAGE,10+ years,65000.0,4.1,730.0
60365862,0,G,debt_consolidation,RENT,9 years,45000.0,19.73,680.0
60386181,0,F,credit_card,MORTGAGE,9 years,54575.0,15.92,715.0
60415215,0,C,debt_consolidation,MORTGAGE,10+ years,41000.0,2.87,670.0
60417110,1,F,debt_consolidation,OWN,2 years,90000.0,21.4,690.0
60476170,0,G,other,RENT,2 years,250000.0,23.51,745.0
60485385,0,G,debt_consolidation,RENT,10+ years,75000.0,23.76,665.0
60505223,0,E,debt_consolidation,RENT,3 years,55000.0,22.26,665.0
60516077,0,A,credit_card,MORTGAGE,4 years,69000.0,4.61,690.0
60567056,0,E,small_business,MORTGAGE,,62000.0,32.13,715.0
60575381,0,E,debt_consolidation,MORTGAGE,2 years,60000.0,21.08,665.0
60586371,0,E,debt_consolidation,RENT,< 1 year,40000.0,26.94,660.0
60607188,0,B,major_purchase,RENT,2 years,115000.0,14.68,665.0
60615293,0,F,house,MORTGAGE,10+ years,82000.0,10.8,690.0
60645784,0,A,debt_consolidation,RENT,< 1 year,75000.0,22.21,685.0
60761943,0,D,debt_consolidation,MORTGAGE,9 years,93000.0,10.72,665.0
60783115,0,E,debt_consolidation,MORTGAGE,10+ years,51000.0,13.79,690.0
60793108,0,F,debt_consolidation,RENT,1 year,33120.0,39.31,685.0
60824866,0,G,debt_consolidation,MORTGAGE,10+ years,105000.0,14.63,690.0
60831280,0,C,debt_consolidation,RENT,7 years,42000.0,26.69,685.0
60844162,0,D,credit_card,MORTGAGE,5 years,98500.0,22.0,695.0
60863472,0,C,debt_consolidation,MORTGAGE,10+ years,80000.0,33.27,745.0
60881345,0,B,debt_consolidation,MORTGAGE,8 years,86000.0,21.07,705.0
60885079,1,F,debt_consolidation,RENT,10+ years,125000.0,26.42,675.0
60912528,0,B,credit_card,RENT,3 years,110000.0,18.12,705.0
60914576,0,G,debt_consolidation,RENT,10+ years,30000.0,13.24,710.0
60923913,0,G,debt_consolidation,RENT,3 years,60000.0,21.07,660.0
60924527,0,E,debt_consolidation,RENT,1 year,71400.0,16.89,675.0
60970643,0,C,home_improvement,OWN,10+ years,250000.0,7.53,740.0
60970675,0,F,credit_card,MORTGAGE,,75000.0,35.62,710.0
60982033,0,C,credit_card,RENT,2 years,22000.0,23.53,690.0
61017943,0,B,debt_consolidation,RENT,< 1 year,41000.0,13.35,685.0
61018980,0,A,home_improvement,MORTGAGE,7 years,145000.0,1.91,750.0
61330109,0,F,debt_consolidation,MORTGAGE,9 years,48000.0,32.88,660.0
61340966,0,D,debt_consolidation,MORTGAGE,10+ years,50000.0,24.03,665.0
61360976,0,E,moving,RENT,3 years,96000.0,16.49,680.0
61360994,0,B,debt_consolidation,MORTGAGE,10+ years,70000.0,21.62,670.0
61361363,0,G,debt_consolidation,MORTGAGE,8 years,105000.0,11.66,680.0
61371772,0,C,small_business,MORTGAGE,10+ years,130000.0,24.57,690.0
61372104,0,A,debt_consolidation,MORTGAGE,10+ years,107000.0,26.09,700.0
61372971,0,E,debt_consolidation,MORTGAGE,10+ years,40000.0,36.6,675.0
61379791,0,E,debt_consolidation,RENT,7 years,90000.0,16.96,695.0
61382299,0,G,debt_consolidation,RENT,5 years,236500.0,12.09,660.0
61382535,1,F,debt_consolidation,RENT,10+ years,45000.0,17.71,665.0
61389595,0,F,credit_card,RENT,6 years,44000.0,16.01,675.0
61411915,0,G,debt_consolidation,RENT,3 years,55000.0,15.73,705.0
61432442,0,E,other,RENT,2 years,30000.0,24.8,670.0
61451308,0,A,credit_card,RENT,2 years,60000.0,20.18,680.0
61464335,0,B,debt_consolidation,OWN,10+ years,310000.0,18.03,695.0
61464485,1,E,debt_consolidation,MORTGAGE,10+ years,75000.0,25.07,675.0
61468858,0,A,debt_consolidation,MORTGAGE,2 years,104000.0,3.29,775.0
61482232,0,A,credit_card,RENT,1 year,40000.0,13.5,745.0
61489973,0,G,debt_consolidation,MORTGAGE,4 years,56160.0,21.47,665.0
61501284,0,B,credit_card,MORTGAGE,3 years,135000.0,23.15,720.0
61502796,0,E,debt_consolidation,RENT,10+ years,56000.0,8.34,695.0
61519563,0,F,debt_consolidation,OWN,1 year,45000.0,22.88,670.0
61528462,0,F,debt_consolidation,RENT,3 years,100000.0,21.25,665.0
61532087,0,E,debt_consolidation,MORTGAGE,5 years,73000.0,25.35,670.0
61532237,0,A,home_improvement,RENT,10+ years,133296.0,2.41,680.0
61540951,0,G,credit_card,MORTGAGE,9 years,30000.0,23.84,660.0
61548529,0,F,debt_consolidation,RENT,2 years,85000.0,35.01,660.0
61782184,0,D,debt_consolidation,RENT,< 1 year,40000.0,24.33,710.0
61872674,0,E,debt_consolidation,MORTGAGE,< 1 year,97000.0,30.93,670.0
61893059,0,G,debt_consolidation,RENT,3 years,27800.0,26.47,680.0
61903246,0,D,debt_consolidation,RENT,1 year,150000.0,11.05,675.0
62105981,0,B,debt_consolidation,OWN,2 years,67600.0,9.73,690.0
62117669,0,B,debt_consolidation,MORTGAGE,,62000.0,12.1,715.0
62176644,0,A,home_improvement,MORTGAGE,3 years,60000.0,18.06,805.0
62236589,0,G,debt_consolidation,RENT,3 years,57500.0,29.12,695.0
62255248,0,B,credit_card,RENT,< 1 year,45000.0,16.56,690.0
62275201,0,C,home_improvement,MORTGAGE,10+ years,145000.0,18.82,820.0
62287258,0,B,debt_consolidation,MORTGAGE,10+ years,45000.0,14.37,670.0
62347781,0,B,credit_card,RENT,< 1 year,65000.0,9.31,695.0
62389135,0,B,credit_card,RENT,10+ years,55000.0,9.21,670.0
62489742,0,D,debt_consolidation,RENT,2 years,40000.0,8.07,660.0
62589764,0,D,home_improvement,MORTGAGE,5 years,145000.0,12.46,665.0
63159389,0,D,debt_consolidation,OWN,10+ years,30219.0,24.7,705.0
63214946,0,B,debt_consolidation,RENT,4 years,30000.0,20.92,680.0
63290338,0,F,debt_consolidation,RENT,< 1 year,45000.0,31.37,660.0
63329728,0,E,debt_consolidation,MORTGAGE,4 years,80000.0,35.81,670.0
63357903,0,G,debt_consolidation,MORTGAGE,9 years,53000.0,21.23,670.0
63364148,0,B,credit_card,RENT,9 years,30000.0,30.96,710.0
63386892,0,D,debt_consolidation,OWN,10+ years,51000.0,38.28,665.0
63389106,0,E,debt_consolidation,MORTGAGE,10+ years,100000.0,21.43,670.0
63415190,0,G,debt_consolidation,MORTGAGE,10+ years,73000.0,24.4,660.0
63425706,0,E,medical,RENT,,67500.0,26.67,685.0
63428165,0,A,major_purchase,MORTGAGE,,55000.0,19.35,805.0
63435354,0,A,debt_consolidation,RENT,10+ years,34000.0,28.1,725.0
63438309,0,E,debt_consolidation,MORTGAGE,9 years,52000.0,30.56,670.0
63444460,0,B,other,OWN,10+ years,82686.0,26.05,745.0
63469571,0,B,debt_consolidation,RENT,5 years,112000.0,3.11,675.0
63476155,0,A,credit_card,MORTGAGE,10+ years,65000.0,14.53,680.0
63477811,0,C,debt_consolidation,RENT,1 year,47250.0,15.42,675.0
63478920,0,A,credit_card,RENT,2 years,48000.0,28.48,735.0
63484715,0,A,home_improvement,MORTGAGE,3 years,60000.0,3.0,735.0
63524503,0,E,debt_consolidation,RENT,5 years,52000.0,23.12,670.0
63611410,0,C,debt_consolidation,MORTGAGE,7 years,65000.0,25.06,675.0
63722271,0,E,credit_card,RENT,10+ years,45000.0,14.99,685.0
63928237,0,B,debt_consolidation,RENT,10+ years,127000.0,27.56,690.0
63970862,0,D,debt_consolidation,RENT,9 years,90000.0,19.71,665.0
64017299,0,B,debt_consolidation,MORTGAGE,4 years,60000.0,10.47,685.0
64067622,0,B,credit_card,OWN,2 years,69000.0,10.45,675.0
64069172,0,D,credit_card,OWN,< 1 year,42000.0,21.8,665.0
64077259,0,C,other,RENT,1 year,61000.0,23.94,700.0
64088882,0,C,other,MORTGAGE,5 years,100000.0,5.42,705.0
64098232,0,A,credit_card,OWN,< 1 year,147000.0,14.73,705.0
64160864,0,B,debt_consolidation,RENT,< 1 year,70000.0,9.51,725.0
64201176,1,A,credit_card,MORTGAGE,,16320.0,15.74,695.0
64201401,0,A,credit_card,RENT,5 years,75000.0,16.42,690.0
64290548,0,A,debt_consolidation,MORTGAGE,6 years,218000.0,5.6,680.0
64320933,0,G,debt_consolidation,MORTGAGE,6 years,150000.0,10.82,675.0
64691418,0,D,debt_consolidation,RENT,3 years,65000.0,13.67,700.0
64721521,0,E,debt_consolidation,MORTGAGE,5 years,88000.0,17.31,665.0
64721641,0,D,medical,MORTGAGE,10+ years,150000.0,19.36,680.0
64751149,0,G,debt_consolidation,RENT,1 year,14000.0,16.47,670.0
64823123,0,C,small_business,RENT,10+ years,54000.0,13.67,665.0
64957396,0,B,major_purchase,MORTGAGE,10+ years,200000.0,8.53,825.0
65037776,0,E,debt_consolidation,RENT,8 years,45000.0,19.09,675.0
65059320,0,E,debt_consolidation,MORTGAGE,10+ years,72000.0,12.89,700.0
65140476,0,A,credit_card,MORTGAGE,10+ years,98000.0,12.5,720.0
65179627,0,C,debt_consolidation,MORTGAGE,3 years,60000.0,13.24,660.0
65180781,0,B,home_improvement,MORTGAGE,10+ years,82847.0,26.91,670.0
65343209,0,F,debt_consolidation,RENT,10+ years,150000.0,19.94,660.0
65344422,0,F,debt_consolidation,RENT,,38000.0,9.16,670.0
65353022,0,G,other,RENT,8 years,55000.0,18.07,690.0
65363553,0,D,debt_consolidation,RENT,8 years,46000.0,13.18,670.0
65394179,0,A,credit_card,MORTGAGE,4 years,34000.0,22.52,695.0
65423245,0,A,credit_card,RENT,2 years,52000.0,14.15,695.0
65482797,0,B,home_improvement,OWN,7 years,55000.0,10.34,715.0
65483766,1,F,other,RENT,4 years,45000.0,34.83,675.0
65593459,0,D,credit_card,MORTGAGE,10+ years,139000.0,30.97,670.0
65631572,0,B,debt_consolidation,RENT,3 years,126245.0,34.74,670.0
65652748,0,C,debt_consolidation,RENT,10+ years,78000.0,22.37,670.0
65654734,0,E,credit_card,MORTGAGE,10+ years,40000.0,29.67,695.0
65655707,0,G,debt_consolidation,RENT,< 1 year,41368.0,15.35,680.0
65664304,0,B,debt_consolidation,MORTGAGE,10+ years,24000.0,23.65,705.0
65664390,0,A,debt_consolidation,OWN,10+ years,52000.0,34.85,775.0
65665178,0,A,debt_consolidation,MORTGAGE,,48000.0,7.25,695.0
65694523,0,F,debt_consolidation,MORTGAGE,4 years,250000.0,9.0,660.0
65695965,0,D,credit_card,MORTGAGE,2 years,60000.0,34.88,705.0
65704372,0,D,debt_consolidation,MORTGAGE,10+ years,64000.0,9.73,660.0
65707010,0,G,debt_consolidation,OWN,3 years,42000.0,27.49,685.0
65717715,0,A,debt_consolidation,MORTGAGE,10+ years,94000.0,25.5,725.0
65733888,0,A,credit_card,MORTGAGE,10+ years,95000.0,28.08,735.0
65744200,0,F,debt_consolidation,MORTGAGE,< 1 year,40000.0,16.07,685.0
65766574,0,D,debt_consolidation,RENT,10+ years,121000.0,13.0,665.0
65767059,0,F,debt_consolidation,MORTGAGE,,55000.0,28.28,675.0
65772618,0,D,debt_consolidation,RENT,7 years,65000.0,5.8,665.0
65773545,0,D,car,RENT,5 years,90000.0,20.99,665.0
65781258,0,E,debt_consolidation,MORTGAGE,10+ years,68640.0,26.82,660.0
65786889,0,C,credit_card,RENT,9 years,68000.0,18.64,695.0
65794319,0,G,debt_consolidation,RENT,,16668.0,30.02,695.0
65815117,1,G,debt_consolidation,RENT,9 years,40000.0,33.9,660.0
65817182,0,E,credit_card,OWN,4 years,35000.0,19.03,720.0
65833431,0,C,home_improvement,OWN,10+ years,139000.0,30.2,720.0
65835424,0,B,debt_consolidation,MORTGAGE,9 years,85000.0,14.75,690.0
65865427,0,F,debt_consolidation,MORTGAGE,5 years,267000.0,9.27,685.0
65874534,0,E,credit_card,RENT,10+ years,115942.0,16.81,680.0
65875492,0,E,debt_consolidation,RENT,,32424.0,29.02,685.0
65905403,0,F,debt_consolidation,OWN,10+ years,50000.0,38.14,665.0
65915673,0,B,credit_card,MORTGAGE,10+ years,75000.0,26.0,660.0
65936233,0,C,home_improvement,OWN,10+ years,38000.0,20.63,755.0
65954169,0,C,debt_consolidation,RENT,10+ years,52000.0,7.66,720.0
65954516,0,B,major_purchase,MORTGAGE,10+ years,127000.0,6.55,755.0
65956306,0,C,house,OWN,5 years,52000.0,20.24,665.0
65974471,0,D,credit_card,RENT,2 years,39000.0,16.68,660.0
65975443,0,G,small_business,RENT,6 years,54000.0,16.42,680.0
65977141,0,A,debt_consolidation,MORTGAGE,1 year,60000.0,18.46,700.0
65984314,0,G,other,RENT,< 1 year,63000.0,15.77,675.0
65986898,0,B,debt_consolidation,RENT,< 1 year,45500.0,10.74,710.0
66015508,0,F,other,OWN,2 years,62000.0,22.86,660.0
66045198,1,E,major_purchase,OWN,3 years,75000.0,22.59,665.0
66120145,0,F,credit_card,OWN,10+ years,60000.0,26.25,660.0
66330434,0,C,debt_consolidation,RENT,10+ years,37655.0,15.84,675.0
66340666,0,D,debt_consolidation,MORTGAGE,10+ years,85000.0,26.6,665.0
66401889,0,C,credit_card,RENT,2 years,190000.0,8.56,660.0
66404212,0,G,debt_consolidation,MORTGAGE,< 1 year,86000.0,18.03,660.0
66414271,0,F,debt_consolidation,RENT,< 1 year,34560.0,24.62,675.0
66421549,0,C,credit_card,RENT,10+ years,45000.0,25.49,665.0
66422051,0,E,debt_consolidation,RENT,1 year,123183.0,18.42,660.0
66434945,0,C,debt_consolidation,RENT,< 1 year,32000.0,24.05,665.0
66461094,0,G,other,RENT,7 years,46000.0,26.58,680.0
66470236,0,G,debt_consolidation,MORTGAGE,6 years,50000.0,28.44,680.0
66474903,0,D,debt_consolidation,RENT,1 year,55000.0,25.88,675.0
66510505,0,E,debt_consolidation,OWN,10+ years,105000.0,25.36,675.0
66514946,0,D,debt_consolidation,MORTGAGE,< 1 year,55000.0,3.56,675.0
66525331,0,A,debt_consolidation,RENT,3 years,138000.0,6.22,700.0
66532032,0,C,debt_consolidation,MORTGAGE,,40000.0,24.66,735.0
66544062,0,E,debt_consolidation,RENT,1 year,42000.0,22.77,690.0
66550190,0,B,credit_card,MORTGAGE,10+ years,75000.0,29.07,700.0
66550244,0,E,debt_consolidation,MORTGAGE,8 years,65000.0,21.05,665.0
66551108,0,E,debt_consolidation,RENT,6 years,70000.0,15.69,675.0
66562864,0,F,debt_consolidation,OWN,10+ years,50000.0,25.88,680.0
66564281,0,D,credit_card,RENT,6 years,67000.0,28.05,665.0
66573413,0,B,credit_card,OWN,10+ years,50000.0,30.65,685.0
66600928,0,E,home_improvement,MORTGAGE,,17000.0,33.12,690.0
66614298,1,E,debt_consolidation,RENT,10+ years,70000.0,7.63,675.0
66615304,0,F,moving,RENT,1 year,45000.0,36.22,685.0
66623478,0,C,debt_consolidation,RENT,5 years,50000.0,20.67,660.0
67205543,0,G,small_business,OWN,4 years,35000.0,4.87,675.0
67258552,0,B,debt_consolidation,MORTGAGE,10+ years,60000.0,13.9,680.0
67266837,0,G,debt_consolidation,RENT,9 years,22000.0,34.81,690.0
67277068,0,E,debt_consolidation,RENT,2 years,112000.0,37.42,685.0
67287884,0,D,debt_consolidation,MORTGAGE,10+ years,69000.0,13.72,695.0
67308352,0,E,debt_consolidation,MORTGAGE,1 year,130000.0,3.49,660.0
67316634,0,F,other,RENT,3 years,45000.0,11.17,675.0
67327920,0,G,debt_consolidation,RENT,< 1 year,65000.0,25.02,670.0
67336079,0,C,home_improvement,OWN,< 1 year,55000.0,37.12,740.0
67397506,0,G,house,MORTGAGE,10+ years,52000.0,27.26,775.0
67409108,0,B,debt_consolidation,RENT,6 years,28000.0,17.36,720.0
67416759,0,F,renewable_energy,RENT,4 years,175000.0,8.59,745.0
67417879,0,D,credit_card,MORTGAGE,4 years,28080.0,35.09,695.0
67446662,0,D,debt_consolidation,RENT,9 years,155000.0,17.57,715.0
67515725,0,A,debt_consolidation,MORTGAGE,10+ years,90000.0,14.59,730.0
67645165,0,F,debt_consolidation,MORTGAGE,9 years,38500.0,25.37,715.0
67808273,0,C,debt_consolidation,MORTGAGE,< 1 year,40000.0,28.35,675.0
67838656,1,C,debt_consolidation,MORTGAGE,10+ years,92000.0,22.57,660.0
67859546,0,G,debt_consolidation,RENT,10+ years,70000.0,30.79,675.0
67879261,1,G,debt_consolidation,RENT,1 year,31200.0,26.31,695.0
67949516,0,B,debt_consolidation,MORTGAGE,9 years,55000.0,27.17,705.0
68028279,0,D,major_purchase,RENT,4 years,75000.0,2.99,680.0
68029806,0,C,debt_consolidation,MORTGAGE,9 years,106000.0,27.99,700.0
68172859,0,F,home_improvement,MORTGAGE,10+ years,65000.0,16.71,670.0
68356144,0,D,debt_consolidation,OWN,10+ years,170000.0,16.04,670.0
68368496,0,C,home_improvement,MORTGAGE,10+ years,158000.0,14.32,670.0
68378887,0,A,credit_card,RENT,9 years,71500.0,11.18,710.0
68387909,0,C,debt_consolidation,MORTGAGE,10+ years,130000.0,17.01,700.0
68417213,0,A,debt_consolidation,RENT,2 years,27000.0,29.02,680.0
68418273,0,C,credit_card,RENT,3 years,20000.0,31.15,695.0
68433444,0,D,debt_consolidation,RENT,5 years,45000.0,20.4,685.0
68435743,0,C,debt_consolidation,RENT,10+ years,253111.0,26.4,670.0
68443377,0,C,debt_consolidation,MORTGAGE,2 years,60000.0,24.66,670.0
68463503,0,B,credit_card,RENT,5 years,47000.0,16.83,720.0
68475401,0,C,home_improvement,MORTGAGE,10+ years,62000.0,22.18,680.0
68485549,0,D,credit_card,OWN,10+ years,40000.0,35.25,700.0
68494984,0,G,debt_consolidation,RENT,8 years,50000.0,21.46,730.0
68516402,0,F,debt_consolidation,MORTGAGE,6 years,55000.0,21.08,690.0
68527974,0,E,debt_consolidation,RENT,5 years,42000.0,39.8,690.0
68573127,0,E,debt_consolidation,RENT,3 years,120000.0,24.12,700.0
68573688,0,D,debt_consolidation,MORTGAGE,2 years,60000.0,35.43,665.0
68682365,0,A,debt_consolidation,OWN,10+ years,100000.0,10.62,775.0
68705164,0,E,debt_consolidation,MORTGAGE,4 years,65000.0,0.63,670.0
68731477,0,F,debt_consolidation,MORTGAGE,8 years,44000.0,9.48,685.0
68771270,0,B,credit_card,MORTGAGE,4 years,60000.0,37.86,710.0
68772837,0,G,other,RENT,4 years,60000.0,5.4,700.0
68775305,0,D,moving,RENT,< 1 year,80000.0,10.85,695.0
68792205,0,E,major_purchase,OWN,2 years,79000.0,21.3,725.0
68823420,0,B,small_business,MORTGAGE,8 years,200000.0,17.35,675.0
68831531,0,A,debt_consolidation,MORTGAGE,10+ years,151000.0,33.0,715.0
68834516,1,G,other,MORTGAGE,10+ years,69424.0,10.98,680.0
68835172,0,E,debt_consolidation,RENT,3 years,27500.0,4.45,660.0
68867005,0,G,debt_consolidation,MORTGAGE,4 years,97500.0,26.49,665.0
68882837,0,D,debt_consolidation,OWN,3 years,110000.0,37.78,660.0
68885606,0,A,credit_card,RENT,6 years,65000.0,22.99,685.0
68891689,0,D,debt_consolidation,RENT,2 years,95000.0,16.09,690.0
68901168,0,E,debt_consolidation,RENT,6 years,26000.0,36.29,665.0
68915875,0,B,debt_consolidation,RENT,3 years,68000.0,10.82,715.0
68956804,0,F,credit_card,RENT,3 years,125000.0,20.31,665.0
68986836,0,A,credit_card,OWN,6 years,128000.0,26.46,690.0
68992720,0,F,debt_consolidation,MORTGAGE,9 years,90000.0,25.33,665.0
68995018,0,G,other,RENT,8 years,58000.0,12.09,700.0
69038296,0,A,car,RENT,,33000.0,29.49,680.0
69071393,0,B,debt_consolidation,MORTGAGE,7 years,60000.0,12.28,715.0
69226876,0,E,home_improvement,OWN,10+ years,61000.0,13.26,665.0
69347103,0,A,debt_consolidation,OWN,5 years,35000.0,22.5,765.0
69402298,0,G,credit_card,MORTGAGE,10+ years,63000.0,44.19,690.0
69424391,0,B,debt_consolidation,RENT,2 years,65000.0,11.46,675.0
69427172,0,B,debt_consolidation,MORTGAGE,10+ years,36000.0,6.0,670.0
69434844,0,C,credit_card,MORTGAGE,2 years,66000.0,22.04,680.0
69482384,0,B,debt_consolidation,MORTGAGE,10+ years,140000.0,11.34,740.0
69483544,0,F,debt_consolidation,RENT,6 years,31100.0,31.69,725.0
69494735,0,E,debt_consolidation,RENT,9 years,27000.0,35.11,680.0
69496129,0,E,debt_consolidation,RENT,7 years,20000.0,34.93,665.0
69564411,0,A,credit_card,MORTGAGE,,43000.0,8.34,685.0
69565062,0,D,credit_card,RENT,7 years,30000.0,17.04,695.0
69573327,0,A,debt_consolidation,RENT,4 years,110000.0,15.55,760.0
69614032,1,G,debt_consolidation,MORTGAGE,3 years,45000.0,34.08,665.0
69614899,0,E,credit_card,RENT,2 years,225000.0,13.51,710.0
69615082,0,E,debt_consolidation,RENT,2 years,33976.0,9.47,685.0
69623086,0,D,debt_consolidation,MORTGAGE,10+ years,75000.0,39.02,680.0
69646714,0,C,debt_consolidation,RENT,2 years,48000.0,10.5,675.0
69763223,0,F,other,RENT,8 years,90000.0,41.32,675.0
69823238,0,B,debt_consolidation,RENT,1 year,58000.0,29.99,710.0
69823292,0,D,debt_consolidation,MORTGAGE,1 year,75000.0,4.62,680.0
69977880,0,G,debt_consolidation,OWN,2 years,68000.0,23.72,700.0
70011204,0,E,debt_consolidation,MORTGAGE,10+ years,84000.0,32.27,720.0
70032345,0,A,debt_consolidation,RENT,10+ years,60000.0,31.98,690.0
70050635,0,D,debt_consolidation,MORTGAGE,3 years,69000.0,31.29,700.0
70060932,0,F,debt_consolidation,MORTGAGE,2 years,107000.0,17.16,675.0
70102395,0,C,credit_card,RENT,2 years,77000.0,14.71,660.0
70192355,0,A,debt_consolidation,MORTGAGE,10+ years,50000.0,5.06,700.0
70222111,0,A,debt_consolidation,MORTGAGE,2 years,67000.0,0.72,790.0
70273933,0,A,credit_card,RENT,,60000.0,25.62,705.0
70282754,0,C,debt_consolidation,RENT,2 years,50000.0,24.77,675.0
70361739,0,C,moving,RENT,6 years,45000.0,17.57,715.0
70501599,0,E,credit_card,RENT,,72384.0,17.94,660.0
70511709,0,E,credit_card,RENT,3 years,105000.0,22.17,680.0
70562679,0,C,debt_consolidation,RENT,10+ years,57825.0,14.57,670.0
70573127,0,C,other,RENT,10+ years,200000.0,8.38,670.0
70601578,0,E,debt_consolidation,RENT,6 years,98250.0,14.62,660.0
70620494,0,G,other,MORTGAGE,10+ years,95000.0,31.13,670.0
70702957,0,F,debt_consolidation,MORTGAGE,1 year,200000.0,25.5,680.0
70730359,0,F,debt_consolidation,RENT,2 years,71000.0,26.98,670.0
70750726,0,C,debt_consolidation,MORTGAGE,10+ years,69000.0,27.63,740.0
70780131,0,C,debt_consolidation,RENT,9 years,46000.0,19.8,720.0
70781378,0,A,credit_card,RENT,10+ years,121000.0,15.63,695.0
70833071,0,F,debt_consolidation,RENT,4 years,90000.0,39.93,705.0
70835103,0,C,debt_consolidation,RENT,4 years,40000.0,26.13,675.0
70851901,0,B,credit_card,OWN,,52116.0,24.68,670.0
70856214,0,C,debt_consolidation,MORTGAGE,6 years,70000.0,20.32,670.0
70864863,0,A,moving,MORTGAGE,5 years,112000.0,17.99,740.0
70885409,0,A,medical,MORTGAGE,10+ years,39900.0,27.13,730.0
70886199,0,E,other,RENT,4 years,35000.0,31.1,660.0
70911336,0,G,debt_consolidation,MORTGAGE,7 years,30000.0,6.44,710.0
70914175,0,C,debt_consolidation,MORTGAGE,2 years,132000.0,17.62,690.0
70923278,0,C,debt_consolidation,MORTGAGE,10+ years,101000.0,15.61,720.0
70947060,0,G,debt_consolidation,OWN,10+ years,59500.0,44.71,670.0
70953821,0,E,credit_card,MORTGAGE,,28000.0,34.98,660.0
70963437,0,B,credit_card,MORTGAGE,,10560.0,77.95,690.0
70971254,0,E,debt_consolidation,RENT,10+ years,156000.0,24.7,660.0
70983467,0,C,debt_consolidation,RENT,10+ years,40000.0,36.3,665.0
70993499,0,C,debt_consolidation,MORTGAGE,5 years,70000.0,22.12,665.0
70995673,0,D,debt_consolidation,MORTGAGE,,65000.0,32.18,760.0
71005151,0,C,credit_card,MORTGAGE,,60000.0,23.8,695.0
71007140,0,B,credit_card,RENT,7 years,80000.0,16.44,695.0
71016390,0,D,debt_consolidation,RENT,1 year,37440.0,24.94,675.0
71035589,0,E,debt_consolidation,RENT,10+ years,75000.0,33.17,660.0
71063136,0,B,debt_consolidation,OWN,4 years,54000.0,33.6,720.0
71065010,0,F,debt_consolidation,RENT,6 years,89000.0,23.92,700.0
71065650,0,B,debt_consolidation,MORTGAGE,,46000.0,29.32,685.0
71068308,0,F,debt_consolidation,RENT,10+ years,45140.0,36.35,665.0
71070797,0,A,debt_consolidation,MORTGAGE,2 years,130000.0,20.38,685.0
71174781,0,G,debt_consolidation,MORTGAGE,< 1 year,36000.0,27.27,680.0
71430186,0,E,credit_card,MORTGAGE,10+ years,58765.0,45.44,700.0
71442209,0,C,home_improvement,RENT,10+ years,35000.0,6.62,665.0
71442813,0,G,debt_consolidation,RENT,< 1 year,37440.0,27.56,680.0
71492824,0,G,debt_consolidation,RENT,7 years,42000.0,19.53,685.0
71493051,0,B,credit_card,RENT,4 years,45000.0,21.91,675.0
71542589,0,A,credit_card,MORTGAGE,10+ years,52000.0,21.62,685.0
71563472,0,D,other,OWN,10+ years,70000.0,13.1,710.0
71642640,0,D,other,MORTGAGE,,38500.0,21.01,755.0
71683308,0,G,home_improvement,MORTGAGE,2 years,248900.0,35.95,715.0
71725017,0,B,credit_card,OWN,1 year,70000.0,33.57,660.0
71727067,0,D,moving,RENT,3 years,90000.0,31.68,660.0
71756712,0,F,debt_consolidation,RENT,,39250.0,36.24,700.0
71757742,0,E,debt_consolidation,RENT,10+ years,46000.0,34.86,670.0
71767383,0,C,debt_consolidation,OWN,10+ years,125000.0,11.8,660.0
71796365,0,E,debt_consolidation,RENT,1 year,115000.0,14.6,700.0
71856544,0,G,debt_consolidation,MORTGAGE,10+ years,35000.0,32.54,685.0
71865344,0,E,debt_consolidation,RENT,10+ years,65000.0,25.72,670.0
71897523,0,A,debt_consolidation,MORTGAGE,10+ years,60000.0,28.18,680.0
71936859,0,F,debt_consolidation,RENT,10+ years,87000.0,38.1,710.0
71956563,0,D,debt_consolidation,OWN,7 years,67000.0,21.74,675.0
71988231,0,C,other,RENT,< 1 year,72000.0,19.52,680.0
72013023,0,A,debt_consolidation,MORTGAGE,8 years,120000.0,24.18,720.0
72112709,0,C,debt_consolidation,RENT,8 years,115000.0,6.93,665.0
72144368,0,G,debt_consolidation,RENT,1 year,50000.0,31.23,660.0
72163183,0,D,small_business,OWN,2 years,70000.0,19.59,685.0
72184245,0,B,car,OWN,10+ years,75000.0,21.54,725.0
72235700,0,F,debt_consolidation,RENT,10+ years,60000.0,33.86,745.0
72246590,0,C,debt_consolidation,RENT,< 1 year,65000.0,32.44,695.0
72261543,0,E,other,OWN,,22400.0,27.2,695.0
72512424,0,G,debt_consolidation,MORTGAGE,10+ years,39000.0,23.78,690.0
72533002,0,D,moving,MORTGAGE,10+ years,55000.0,6.31,670.0
72543758,0,F,debt_consolidation,RENT,,63157.44,19.95,680.0
72556299,0,B,moving,RENT,10+ years,68000.0,9.9,695.0
72615377,0,D,debt_consolidation,OWN,10+ years,68000.0,16.17,675.0
72624466,0,D,debt_consolidation,RENT,3 years,22000.0,40.37,690.0
72643304,0,G,home_improvement,RENT,3 years,90000.0,12.59,670.0
72645733,0,C,debt_consolidation,MORTGAGE,8 years,72720.0,21.27,670.0
72662397,0,G,debt_consolidation,MORTGAGE,4 years,55000.0,15.1,695.0
72715876,0,E,home_improvement,OWN,10+ years,150000.0,14.0,665.0
72722606,0,C,credit_card,RENT,5 years,59000.0,5.39,710.0
72724917,0,A,credit_card,RENT,1 year,42000.0,22.11,735.0
72754210,0,F,debt_consolidation,MORTGAGE,10+ years,130000.0,29.04,685.0
72764290,0,F,other,RENT,2 years,55000.0,26.14,750.0
72765952,0,C,credit_card,RENT,,25000.0,9.41,665.0
72785885,0,F,credit_card,RENT,2 years,30900.0,21.86,675.0
73057271,0,C,debt_consolidation,RENT,10+ years,62500.0,24.19,685.0
73191549,0,G,debt_consolidation,OWN,6 years,62000.0,7.72,660.0
73201871,0,D,credit_card,OWN,2 years,60000.0,27.29,685.0
73292419,0,E,debt_consolidation,MORTGAGE,1 year,72000.0,23.32,735.0
73333210,0,F,credit_card,RENT,9 years,54432.0,18.58,690.0
73333346,0,E,moving,RENT,< 1 year,34000.0,6.32,705.0
73491677,0,G,debt_consolidation,RENT,2 years,75000.0,36.73,695.0
73519585,0,C,credit_card,MORTGAGE,< 1 year,70000.0,27.69,700.0
73561357,0,F,debt_consolidation,RENT,4 years,20000.0,23.77,675.0
73580950,0,E,other,RENT,10+ years,35000.0,4.77,660.0
73600943,0,F,medical,RENT,,29000.0,35.72,665.0
73652343,0,C,credit_card,MORTGAGE,5 years,56000.0,15.66,660.0
73693406,0,F,debt_consolidation,MORTGAGE,10+ years,102000.0,28.39,665.0
73701407,0,G,debt_consolidation,RENT,5 years,35000.0,33.06,665.0
73743121,0,F,small_business,OWN,10+ years,30000.0,6.4,660.0
73806571,0,C,debt_consolidation,RENT,10+ years,105000.0,14.93,665.0
73824292,0,G,moving,RENT,6 years,55000.0,19.25,660.0
73824350,0,G,home_improvement,OWN,6 years,45000.0,12.77,680.0
73824566,0,F,credit_card,MORTGAGE,10+ years,80000.0,17.96,705.0
73873928,0,F,debt_consolidation,RENT,1 year,31500.0,29.49,690.0
73875630,0,E,debt_consolidation,MORTGAGE,3 years,82000.0,24.95,665.0
73893769,0,C,debt_consolidation,MORTGAGE,10+ years,41000.0,11.65,660.0
73981439,0,B,house,RENT,8 years,40000.0,24.15,680.0
74181664,0,E,debt_consolidation,MORTGAGE,10+ years,84000.0,7.44,685.0
74231963,0,B,other,RENT,,63000.0,29.05,695.0
74401256,0,F,debt_consolidation,RENT,10+ years,145000.0,9.26,660.0
74512238,0,D,debt_consolidation,RENT,8 years,45000.0,40.34,675.0
74525730,0,C,debt_consolidation,RENT,7 years,108000.0,16.43,675.0
74541404,0,G,credit_card,RENT,10+ years,90000.0,19.19,660.0
74551802,1,G,credit_card,RENT,10+ years,72000.0,33.52,660.0
74581855,0,A,credit_card,MORTGAGE,10+ years,105000.0,15.22,680.0
74612514,0,B,debt_consolidation,MORTGAGE,10+ years,57000.0,12.51,710.0
74634900,0,B,home_improvement,MORTGAGE,10+ years,75000.0,14.51,675.0
74642716,0,A,credit_card,RENT,10+ years,101000.0,12.24,720.0
74653791,0,E,debt_consolidation,RENT,,13400.0,35.48,665.0
74654103,0,A,other,MORTGAGE,,120000.0,19.88,715.0
74682926,0,C,debt_consolidation,MORTGAGE,4 years,65000.0,22.84,710.0
74686653,0,A,credit_card,MORTGAGE,2 years,92000.0,13.29,695.0
74705821,0,D,debt_consolidation,RENT,10+ years,67000.0,13.92,700.0
74715583,0,E,credit_card,MORTGAGE,10+ years,55000.0,41.33,660.0
74733172,0,F,debt_consolidation,RENT,1 year,34320.0,33.5,675.0
74743056,0,G,other,RENT,,27000.0,29.07,685.0
74784828,0,F,house,RENT,8 years,40000.0,37.59,665.0
74785319,0,C,credit_card,RENT,10+ years,50000.0,16.99,690.0
74805349,0,D,credit_card,OWN,3 years,60000.0,34.14,660.0
74816353,0,F,debt_consolidation,RENT,5 years,76295.0,42.13,710.0
74955462,0,F,debt_consolidation,RENT,< 1 year,84000.0,34.19,725.0
74995633,0,E,debt_consolidation,MORTGAGE,2 years,70000.0,21.26,660.0
75050761,1,G,debt_consolidation,RENT,10+ years,33000.0,45.45,675.0
75099404,1,F,credit_card,OWN,2 years,60000.0,21.7,690.0
75103363,0,F,credit_card,RENT,10+ years,43160.0,22.25,685.0
75142464,0,E,debt_consolidation,RENT,6 years,44500.0,16.45,665.0
75143468,0,F,credit_card,MORTGAGE,7 years,54656.0,5.64,675.0
75144154,0,C,house,RENT,2 years,60000.0,1.74,690.0
75149900,0,F,debt_consolidation,RENT,4 years,24000.0,28.55,660.0
75150549,0,B,vacation,RENT,10+ years,68806.48,15.02,670.0
75173314,0,B,debt_consolidation,MORTGAGE,,58000.0,36.37,685.0
75189525,0,B,debt_consolidation,MORTGAGE,10+ years,100800.0,25.87,675.0
75189909,0,B,credit_card,RENT,8 years,90000.0,19.22,685.0
75194635,1,F,debt_consolidation,MORTGAGE,10+ years,117000.0,27.07,680.0
75211500,0,A,debt_consolidation,MORTGAGE,10+ years,250000.0,17.09,740.0
75221649,0,B,debt_consolidation,MORTGAGE,< 1 year,54000.0,14.87,680.0
75222844,0,A,debt_consolidation,MORTGAGE,10+ years,55539.0,28.11,700.0
75223523,0,C,debt_consolidation,MORTGAGE,10+ years,124000.0,9.74,745.0
75232245,0,G,debt_consolidation,RENT,< 1 year,27000.0,24.8,710.0
75233756,0,G,debt_consolidation,MORTGAGE,10+ years,95000.0,22.3,660.0
75241187,0,A,credit_card,MORTGAGE,10+ years,135000.0,19.46,695.0
75251158,1,F,debt_consolidation,RENT,3 years,19000.0,37.84,675.0
75255640,0,F,debt_consolidation,RENT,1 year,70000.0,22.36,665.0
75264206,0,B,debt_consolidation,MORTGAGE,3 years,85000.0,10.25,675.0
75269642,0,A,debt_consolidation,MORTGAGE,10+ years,100000.0,6.3,705.0
75271496,0,B,credit_card,MORTGAGE,,56000.0,18.77,690.0
75273709,0,F,debt_consolidation,RENT,< 1 year,31200.0,30.35,670.0
75282048,0,F,debt_consolidation,RENT,< 1 year,35000.0,33.74,665.0
75282433,0,C,debt_consolidation,RENT,5 years,50000.0,24.48,710.0
75283337,1,F,medical,MORTGAGE,10+ years,150000.0,13.17,660.0
75299340,0,F,debt_consolidation,RENT,10+ years,48497.0,24.15,690.0
75304891,0,E,other,RENT,5 years,47500.0,37.32,680.0
75315015,0,D,medical,MORTGAGE,3 years,200000.0,9.12,700.0
75367985,0,C,debt_consolidation,MORTGAGE,,46000.0,29.06,695.0
75368169,0,F,debt_consolidation,MORTGAGE,,36000.0,38.77,660.0
75369627,0,F,debt_consolidation,RENT,10+ years,66000.0,22.93,680.0
75377734,0,A,debt_consolidation,OWN,10+ years,150000.0,30.97,705.0
75497632,0,F,credit_card,RENT,6 years,50000.0,25.2,665.0
75517756,0,G,debt_consolidation,MORTGAGE,,38136.0,9.41,670.0
75538059,0,B,credit_card,MORTGAGE,,80571.0,38.6,710.0
75660339,0,C,major_purchase,RENT,10+ years,55000.0,37.2,675.0
75668384,0,C,home_improvement,MORTGAGE,2 years,150000.0,7.25,685.0
75708217,0,G,other,MORTGAGE,10+ years,103000.0,31.67,665.0
75728754,0,B,debt_consolidation,MORTGAGE,10+ years,65000.0,14.05,680.0
75738256,0,E,debt_consolidation,RENT,1 year,40000.0,37.35,695.0
75740529,0,B,credit_card,RENT,1 year,60000.0,15.84,675.0
75748518,0,A,debt_consolidation,MORTGAGE,10+ years,360000.0,11.17,675.0
75750355,0,C,debt_consolidation,MORTGAGE,10+ years,185000.0,21.3,690.0
75758422,0,G,debt_consolidation,MORTGAGE,8 years,75000.0,29.38,700.0
75780554,0,A,debt_consolidation,MORTGAGE,< 1 year,145000.0,13.57,835.0
75820319,0,F,credit_card,RENT,3 years,38000.0,16.68,675.0
75839899,0,B,credit_card,RENT,< 1 year,68000.0,8.15,715.0
75849224,0,A,debt_consolidation,MORTGAGE,10+ years,52000.0,34.32,795.0
75850009,0,G,home_improvement,OWN,5 years,45000.0,17.41,665.0
75941512,0,A,major_purchase,RENT,2 years,21000.0,7.89,720.0
75951977,0,E,credit_card,RENT,< 1 year,70000.0,21.66,670.0
75952072,0,C,car,RENT,5 years,83000.0,10.16,660.0
75953671,0,G,debt_consolidation,RENT,2 years,67000.0,4.21,670.0
75963228,0,E,debt_consolidation,MORTGAGE,10+ years,46000.0,14.3,690.0
76012640,0,D,debt_consolidation,RENT,5 years,42000.0,37.6,670.0
76061968,0,G,debt_consolidation,RENT,2 years,62000.0,40.11,675.0
76083860,0,G,credit_card,RENT,1 year,38000.0,24.26,675.0
76092298,0,B,debt_consolidation,RENT,8 years,66000.0,20.6,665.0
76131186,0,G,home_improvement,MORTGAGE,2 years,55000.0,21.32,725.0
76151630,0,F,home_improvement,MORTGAGE,10+ years,37500.0,34.88,665.0
76151728,0,F,debt_consolidation,OWN,7 years,60000.0,35.3,680.0
76201459,0,G,debt_consolidation,OWN,,14000.0,32.16,660.0
76201986,0,G,debt_consolidation,OWN,8 years,95000.0,3.54,680.0
76203047,0,B,debt_consolidation,MORTGAGE,3 years,130000.0,11.73,720.0
76203532,0,A,home_improvement,MORTGAGE,2 years,170000.0,27.28,795.0
76225245,0,A,debt_consolidation,MORTGAGE,10+ years,105000.0,16.69,740.0
76233386,0,G,debt_consolidation,RENT,3 years,34000.0,41.4,670.0
76241330,0,E,debt_consolidation,MORTGAGE,,72182.0,21.85,685.0
76244951,0,D,other,RENT,4 years,50000.0,2.86,665.0
76244994,0,B,other,MORTGAGE,10+ years,80000.0,5.61,660.0
76283214,0,G,debt_consolidation,MORTGAGE,8 years,50000.0,30.0,670.0
76295339,0,G,debt_consolidation,MORTGAGE,4 years,68589.0,32.46,660.0
76314260,0,G,debt_consolidation,RENT,10+ years,70000.0,32.14,680.0
76314654,0,A,debt_consolidation,MORTGAGE,2 years,96000.0,21.71,680.0
76351739,1,D,other,MORTGAGE,10+ years,32400.0,34.15,665.0
76353743,0,F,debt_consolidation,RENT,5 years,90000.0,29.75,660.0
76382884,0,G,debt_consolidation,OWN,10+ years,55000.0,12.2,690.0
76393672,0,B,car,MORTGAGE,< 1 year,35000.0,34.5,660.0
76435177,0,E,credit_card,RENT,5 years,45000.0,32.08,675.0
76435736,0,D,debt_consolidation,MORTGAGE,10+ years,105000.0,5.18,670.0
76435788,0,F,debt_consolidation,MORTGAGE,1 year,171000.0,10.14,665.0
76436373,0,E,home_improvement,MORTGAGE,10+ years,80000.0,11.15,665.0
76437973,0,E,debt_consolidation,RENT,8 years,32000.0,37.13,660.0
76518586,1,D,home_improvement,MORTGAGE,,50000.0,21.84,660.0
76589101,0,C,credit_card,MORTGAGE,10+ years,70000.0,27.5,715.0
76679036,0,A,debt_consolidation,MORTGAGE,10+ years,89000.0,14.46,705.0
76728725,1,D,debt_consolidation,RENT,8 years,49000.0,23.31,660.0
76764589,0,A,home_improvement,MORTGAGE,2 years,70200.0,5.79,770.0
77020403,0,C,debt_consolidation,RENT,10+ years,70000.0,16.17,660.0
77031360,0,E,debt_consolidation,MORTGAGE,1 year,50000.0,6.0,660.0
77051539,0,B,credit_card,OWN,7 years,45000.0,8.53,685.0
77060030,0,F,debt_consolidation,RENT,3 years,95000.0,6.1,715.0
77102019,0,B,credit_card,MORTGAGE,10+ years,59000.0,9.15,700.0
77120947,0,C,credit_card,RENT,10+ years,115000.0,19.48,710.0
77169662,0,G,credit_card,MORTGAGE,8 years,112000.0,29.77,665.0
77200131,0,G,house,MORTGAGE,7 years,88000.0,21.86,685.0
77200329,0,G,debt_consolidation,RENT,4 years,75000.0,28.72,675.0
77219244,0,E,credit_card,RENT,8 years,40000.0,23.74,670.0
77228480,0,A,credit_card,OWN,,50000.0,10.85,745.0
77229427,0,B,other,RENT,,40000.0,27.54,700.0
77230906,0,F,debt_consolidation,RENT,< 1 year,47000.0,38.28,690.0
77260156,0,D,home_improvement,OWN,2 years,30000.0,8.44,660.0
77268421,0,A,debt_consolidation,MORTGAGE,,96000.0,8.75,715.0
77311240,0,F,debt_consolidation,RENT,10+ years,96000.0,38.09,705.0
77318328,0,F,debt_consolidation,OWN,4 years,112000.0,18.96,680.0
77321269,0,G,debt_consolidation,RENT,2 years,103500.0,17.94,660.0
77399178,0,C,credit_card,RENT,,23000.0,22.44,660.0
77417541,0,D,debt_consolidation,MORTGAGE,10+ years,110000.0,22.2,670.0
77436411,1,G,debt_consolidation,RENT,10+ years,86250.0,19.35,670.0
77439572,0,A,credit_card,OWN,10+ years,53543.0,30.49,690.0
77440247,0,G,other,RENT,9 years,110855.0,13.57,705.0
77447260,0,A,debt_consolidation,MORTGAGE,5 years,110000.0,7.66,725.0
77449551,1,F,debt_consolidation,RENT,10+ years,60000.0,15.22,680.0
77449615,0,B,car,RENT,5 years,100000.0,18.04,680.0
77468491,0,D,debt_consolidation,MORTGAGE,< 1 year,41000.0,12.79,670.0
77470112,0,F,debt_consolidation,MORTGAGE,< 1 year,24000.0,35.75,705.0
77471604,0,A,other,RENT,1 year,85000.0,7.39,760.0
77478699,0,A,debt_consolidation,MORTGAGE,10+ years,99000.0,13.87,695.0
77486944,0,A,debt_consolidation,MORTGAGE,10+ years,98000.0,14.47,720.0
77496700,0,A,credit_card,RENT,6 years,40202.0,23.68,690.0
77498788,0,C,credit_card,RENT,< 1 year,65000.0,12.43,670.0
77499857,0,A,credit_card,MORTGAGE,9 years,99000.0,12.17,715.0
77519415,0,A,home_improvement,OWN,,45000.0,3.73,800.0
77519842,1,F,debt_consolidation,RENT,,24000.0,34.95,680.0
77530658,0,G,debt_consolidation,MORTGAGE,< 1 year,14000.0,46.31,670.0
77531308,0,F,debt_consolidation,MORTGAGE,,50724.36,35.37,665.0
77552374,0,C,debt_consolidation,MORTGAGE,10+ years,54000.0,13.82,715.0
77564730,0,A,debt_consolidation,MORTGAGE,6 years,90000.0,10.96,715.0
77566329,0,A,other,OWN,8 years,150000.0,22.4,760.0
77595656,0,F,other,MORTGAGE,9 years,56000.0,21.52,705.0
77655515,0,D,debt_consolidation,RENT,1 year,60000.0,28.8,670.0
77765527,0,C,debt_consolidation,MORTGAGE,10+ years,85000.0,14.94,675.0
77785499,0,E,debt_consolidation,RENT,10+ years,58000.0,13.88,690.0
77871886,0,A,credit_card,OWN,4 years,120000.0,21.38,715.0
77971777,0,B,debt_consolidation,MORTGAGE,2 years,48900.0,23.63,685.0
78051485,0,C,credit_card,MORTGAGE,3 years,63500.0,23.66,695.0
78072140,1,E,debt_consolidation,MORTGAGE,10+ years,57400.0,25.21,680.0
78116175,0,A,debt_consolidation,RENT,1 year,35148.0,19.94,730.0
78189098,0,D,debt_consolidation,MORTGAGE,10+ years,84000.0,12.99,675.0
78229416,0,E,debt_consolidation,RENT,7 years,165000.0,15.82,700.0
78288452,0,F,home_improvement,MORTGAGE,6 years,72000.0,30.7,695.0
78289080,1,F,debt_consolidation,MORTGAGE,3 years,120000.0,25.58,690.0
78329710,0,A,debt_consolidation,MORTGAGE,2 years,63000.0,19.71,750.0
78449190,0,A,car,MORTGAGE,10+ years,75000.0,13.18,740.0
78489084,0,E,house,RENT,10+ years,42000.0,13.83,660.0
78508365,1,G,debt_consolidation,MORTGAGE,10+ years,72500.0,29.61,665.0
78528773,0,C,home_improvement,MORTGAGE,10+ years,101000.0,9.05,665.0
78539041,0,A,credit_card,MORTGAGE,10+ years,150000.0,28.36,710.0
78539246,0,F,debt_consolidation,OWN,3 years,52000.0,15.05,675.0
78578303,0,E,home_improvement,MORTGAGE,1 year,53000.0,17.03,665.0
78659259,0,A,debt_consolidation,MORTGAGE,,107000.0,13.86,705.0
78690804,0,D,debt_consolidation,RENT,3 years,42800.0,33.62,680.0
78800108,0,C,debt_consolidation,MORTGAGE,10+ years,122000.0,13.12,680.0
78879622,0,B,other,OWN,10+ years,56000.0,15.97,665.0
78879709,0,F,medical,RENT,1 year,50000.0,20.64,675.0
78880600,0,C,debt_consolidation,MORTGAGE,10+ years,75000.0,16.98,695.0
79032837,0,B,debt_consolidation,MORTGAGE,4 years,67500.0,23.29,665.0
79041470,0,E,debt_consolidation,RENT,4 years,62000.0,17.6,665.0
79053605,0,G,debt_consolidation,MORTGAGE,4 years,126000.0,23.29,665.0
79074326,0,D,other,RENT,10+ years,62156.0,21.82,660.0
79103927,1,F,other,OWN,10+ years,121814.0,15.57,700.0
79210851,0,F,debt_consolidation,OWN,4 years,42000.0,30.09,660.0
79230344,0,F,house,RENT,3 years,28000.0,9.77,705.0
79230349,0,C,other,RENT,8 years,100000.0,9.6,690.0
79240728,0,G,other,RENT,8 years,50000.0,33.8,660.0
79291206,0,G,debt_consolidation,RENT,9 years,70000.0,29.59,670.0
79330831,0,A,debt_consolidation,MORTGAGE,5 years,90000.0,8.12,800.0
79483119,0,E,debt_consolidation,RENT,1 year,26448.0,35.75,710.0
79523154,0,G,debt_consolidation,MORTGAGE,5 years,550000.0,14.2,715.0
79532977,0,A,debt_consolidation,MORTGAGE,2 years,105000.0,11.12,750.0
79613201,0,G,debt_consolidation,RENT,3 years,50000.0,35.33,665.0
79671141,0,A,debt_consolidation,RENT,10+ years,45000.0,29.63,770.0
79673611,0,D,debt_consolidation,MORTGAGE,10+ years,75000.0,33.12,695.0
79743514,0,D,debt_consolidation,RENT,1 year,43200.0,27.61,685.0
79764142,0,F,home_improvement,MORTGAGE,3 years,178000.0,32.81,660.0
80005117,0,B,major_purchase,MORTGAGE,8 years,40000.0,23.88,660.0
80318196,0,B,major_purchase,RENT,4 years,60000.0,7.88,730.0
80538139,0,E,debt_consolidation,MORTGAGE,3 years,71436.0,17.35,690.0
80601247,0,D,debt_consolidation,MORTGAGE,10+ years,65000.0,27.94,665.0
80638135,0,E,debt_consolidation,MORTGAGE,10+ years,106000.0,29.22,675.0
80738164,0,A,debt_consolidation,MORTGAGE,10+ years,96000.0,19.47,710.0
80740941,1,F,credit_card,RENT,,26420.0,46.66,665.0
80769255,1,E,other,RENT,10+ years,64800.0,19.98,690.0
80978189,0,B,debt_consolidation,MORTGAGE,3 years,50000.0,24.1,670.0
81018889,0,A,credit_card,OWN,10+ years,96000.0,9.63,695.0
81100783,0,E,medical,MORTGAGE,2 years,78000.0,24.38,725.0
81333101,0,A,debt_consolidation,MORTGAGE,10+ years,36000.0,29.17,745.0
81347192,0,B,debt_consolidation,RENT,< 1 year,63000.0,14.34,730.0
81376030,0,F,debt_consolidation,RENT,10+ years,50000.0,31.2,660.0
81423656,0,E,debt_consolidation,MORTGAGE,10+ years,66384.56,12.96,705.0
81443683,0,B,debt_consolidation,RENT,1 year,50000.0,12.96,700.0
81467679,0,F,home_improvement,MORTGAGE,10+ years,104378.0,30.28,695.0
81468386,0,E,debt_consolidation,MORTGAGE,10+ years,74000.0,32.06,690.0
81474647,0,C,debt_consolidation,MORTGAGE,10+ years,84000.0,25.66,675.0
81476814,0,B,debt_consolidation,RENT,< 1 year,40000.0,29.61,680.0
81515764,0,E,debt_consolidation,RENT,< 1 year,130000.0,33.42,685.0
81545446,0,B,debt_consolidation,OWN,10+ years,225000.0,6.31,705.0
81547710,0,A,home_improvement,MORTGAGE,10+ years,88000.0,7.2,745.0
81564918,0,C,other,RENT,2 years,45000.0,4.13,670.0
81566760,0,F,debt_consolidation,MORTGAGE,10+ years,66000.0,13.56,695.0
82154128,0,C,debt_consolidation,RENT,4 years,60000.0,24.14,665.0
83084117,1,F,debt_consolidation,MORTGAGE,10+ years,52000.0,28.11,670.0
83133551,0,D,medical,OWN,< 1 year,72000.0,8.45,675.0
83174306,0,G,debt_consolidation,MORTGAGE,10+ years,99625.0,18.59,690.0
83242298,0,C,credit_card,OWN,5 years,66000.0,18.8,665.0
83374213,0,E,debt_consolidation,MORTGAGE,10+ years,190000.0,23.52,700.0
83635422,0,C,debt_consolidation,RENT,10+ years,57290.0,13.2,675.0
83689971,0,C,debt_consolidation,RENT,5 years,98000.0,19.31,665.0
83698870,0,D,debt_consolidation,MORTGAGE,10+ years,70000.0,14.37,700.0
83758954,0,D,debt_consolidation,OWN,4 years,30000.0,30.55,700.0
83819776,1,F,debt_consolidation,RENT,< 1 year,10563.0,17.27,685.0
83962075,0,F,credit_card,MORTGAGE,3 years,70000.0,30.17,675.0
83992473,0,D,home_improvement,MORTGAGE,3 years,45000.0,27.7,660.0
84031255,0,D,debt_consolidation,MORTGAGE,10+ years,78000.0,27.63,685.0
84034901,0,B,debt_consolidation,MORTGAGE,10+ years,150000.0,9.86,695.0
84042632,0,E,debt_consolidation,MORTGAGE,10+ years,100560.0,22.12,730.0
84051799,0,B,debt_consolidation,RENT,3 years,50000.0,20.98,670.0
84060530,0,D,home_improvement,MORTGAGE,10+ years,70000.0,29.42,720.0
84080891,0,B,major_purchase,OWN,7 years,45000.0,30.88,690.0
84084939,0,D,debt_consolidation,OWN,10+ years,70000.0,23.85,665.0
84124091,0,C,debt_consolidation,MORTGAGE,3 years,130000.0,10.8,715.0
84144544,0,D,debt_consolidation,RENT,7 years,100000.0,17.88,660.0
84244592,0,C,debt_consolidation,RENT,10+ years,65000.0,27.01,695.0
84433308,0,C,home_improvement,OWN,6 years,101000.0,6.84,770.0
84436886,0,A,debt_consolidation,MORTGAGE,10+ years,60000.0,11.94,730.0
84454461,0,F,debt_consolidation,MORTGAGE,< 1 year,86000.0,5.62,665.0
84455551,0,B,debt_consolidation,MORTGAGE,10+ years,108000.0,16.64,755.0
84514381,0,D,credit_card,MORTGAGE,2 years,90000.0,21.95,715.0
84515796,0,F,other,OWN,< 1 year,57600.0,28.38,715.0
84554822,0,G,debt_consolidation,MORTGAGE,4 years,128000.0,33.36,690.0
84565040,0,C,debt_consolidation,RENT,10+ years,65000.0,14.78,660.0
84585099,0,D,debt_consolidation,RENT,10+ years,40000.0,25.02,715.0
84593394,0,D,other,MORTGAGE,7 years,58000.0,31.45,665.0
84730416,0,F,debt_consolidation,RENT,10+ years,39500.0,28.87,660.0
84869807,0,B,debt_consolidation,MORTGAGE,5 years,108000.0,12.28,665.0
84869824,0,E,moving,MORTGAGE,9 years,100000.0,4.4,675.0
84940218,0,A,debt_consolidation,RENT,10+ years,62000.0,13.36,685.0
85086303,0,G,home_improvement,MORTGAGE,5 years,129000.0,30.58,700.0
85147012,0,D,debt_consolidation,RENT,< 1 year,36000.0,13.83,685.0
85227369,0,D,credit_card,MORTGAGE,3 years,18000.0,24.87,660.0
85241215,0,E,house,MORTGAGE,6 years,35000.0,12.24,670.0
85250187,0,D,debt_consolidation,RENT,,40000.0,11.19,670.0
85280356,1,C,debt_consolidation,RENT,1 year,25000.0,15.36,720.0
85350185,0,E,debt_consolidation,RENT,10+ years,49000.0,32.87,690.0
85361757,0,G,house,MORTGAGE,,35000.0,8.02,675.0
85370218,0,C,other,MORTGAGE,10+ years,70000.0,13.1,680.0
85471899,0,F,other,OWN,4 years,55000.0,30.57,695.0
85481638,0,D,other,RENT,10+ years,45000.0,22.29,665.0
85514767,0,B,debt_consolidation,RENT,10+ years,61000.0,10.43,665.0
85515751,0,E,debt_consolidation,RENT,3 years,65000.0,25.0,670.0
85519640,0,C,debt_consolidation,MORTGAGE,6 years,60000.0,16.66,660.0
85534073,1,E,small_business,RENT,10+ years,66800.0,23.5,710.0
85536092,0,E,home_improvement,MORTGAGE,9 years,73912.0,1.25,725.0
85544246,0,F,debt_consolidation,MORTGAGE,2 years,86000.0,23.99,685.0
85558171,0,C,credit_card,RENT,2 years,25000.0,32.03,720.0
85562244,0,G,credit_card,OWN,4 years,75000.0,15.63,660.0
85577227,0,G,debt_consolidation,MORTGAGE,2 years,75000.0,9.6,695.0
85581052,0,B,debt_consolidation,RENT,< 1 year,22000.0,22.97,735.0
85615147,0,C,credit_card,OWN,4 years,45000.0,19.6,660.0
85620980,0,F,debt_consolidation,RENT,5 years,58000.0,22.16,710.0
85621482,0,E,credit_card,MORTGAGE,8 years,47000.0,22.7,675.0
85637134,0,B,debt_consolidation,MORTGAGE,5 years,130000.0,6.61,685.0
85640297,0,C,debt_consolidation,RENT,< 1 year,35000.0,32.99,670.0
85641576,0,D,small_business,MORTGAGE,4 years,65000.0,14.9,700.0
85655511,0,C,debt_consolidation,RENT,< 1 year,50000.0,29.5,695.0
85658031,0,D,debt_consolidation,MORTGAGE,10+ years,60000.0,13.47,675.0
85676832,0,G,small_business,RENT,10+ years,42000.0,8.09,765.0
85682683,0,F,debt_consolidation,MORTGAGE,5 years,100000.0,15.18,690.0
85689208,0,G,home_improvement,MORTGAGE,6 years,55000.0,33.54,690.0
85694793,0,E,debt_consolidation,MORTGAGE,10+ years,122000.0,33.04,700.0
85697060,0,B,debt_consolidation,MORTGAGE,8 years,150000.0,5.35,660.0
85715548,0,B,debt_consolidation,RENT,< 1 year,49000.0,12.42,690.0
85723252,0,A,debt_consolidation,RENT,10+ years,45000.0,27.81,695.0
85723340,0,B,credit_card,RENT,10+ years,35000.0,8.54,685.0
85736445,0,D,debt_consolidation,RENT,1 year,65000.0,31.04,660.0
85737012,0,E,debt_consolidation,MORTGAGE,6 years,30000.0,25.24,665.0
85784982,0,G,debt_consolidation,MORTGAGE,3 years,48293.76,30.62,680.0
85785207,0,E,debt_consolidation,RENT,1 year,61589.0,11.81,660.0
85785245,0,C,debt_consolidation,RENT,10+ years,52000.0,26.91,695.0
85862018,0,D,other,MORTGAGE,10+ years,155000.0,22.34,670.0
85951787,0,E,home_improvement,RENT,1 year,70000.0,27.4,660.0
85961811,0,B,debt_consolidation,MORTGAGE,8 years,103000.0,15.82,735.0
86042415,0,B,debt_consolidation,OWN,,50000.0,24.6,695.0
86472432,0,C,debt_consolidation,MORTGAGE,10+ years,67000.0,18.59,685.0
86513316,0,C,debt_consolidation,RENT,,60000.0,10.22,695.0
86634088,0,E,debt_consolidation,RENT,< 1 year,54080.0,13.14,685.0
86822418,0,D,debt_consolidation,RENT,10+ years,75000.0,31.81,730.0
86912329,0,C,credit_card,MORTGAGE,< 1 year,126700.0,16.72,680.0
86922914,0,F,debt_consolidation,RENT,10+ years,21000.0,27.14,685.0
86944193,0,A,credit_card,OWN,< 1 year,72000.0,19.94,725.0
86965213,0,F,debt_consolidation,MORTGAGE,10+ years,70000.0,30.49,680.0
87004043,0,C,small_business,RENT,1 year,60000.0,15.32,670.0
87023830,1,E,credit_card,RENT,10+ years,65000.0,34.71,690.0
87073395,0,B,debt_consolidation,MORTGAGE,10+ years,400000.0,18.31,685.0
87085354,0,E,debt_consolidation,MORTGAGE,10+ years,198000.0,16.13,695.0
87094534,0,C,debt_consolidation,MORTGAGE,1 year,50500.0,4.92,750.0
87113037,0,C,vacation,MORTGAGE,,88000.0,4.64,660.0
87134089,0,E,debt_consolidation,RENT,1 year,30000.0,20.68,670.0
87145489,0,B,car,RENT,< 1 year,20000.0,15.79,690.0
87204633,0,A,debt_consolidation,MORTGAGE,6 years,57700.0,2.27,690.0
87265137,0,B,credit_card,MORTGAGE,10+ years,75000.0,30.69,695.0
87294201,0,D,debt_consolidation,MORTGAGE,,48096.0,16.04,700.0
87314310,0,G,debt_consolidation,RENT,10+ years,35000.0,33.5,675.0
87434667,0,B,debt_consolidation,RENT,5 years,63450.0,32.41,665.0
87444908,0,G,home_improvement,RENT,5 years,60000.0,21.72,710.0
87484244,0,F,debt_consolidation,RENT,10+ years,37000.0,24.39,660.0
87574123,0,A,credit_card,MORTGAGE,10+ years,54000.0,29.04,750.0
87794421,0,E,debt_consolidation,MORTGAGE,2 years,36000.0,33.87,695.0
87954089,0,B,debt_consolidation,RENT,3 years,65000.0,13.22,675.0
87958316,0,E,major_purchase,RENT,10+ years,40000.0,9.93,665.0
87966563,0,D,debt_consolidation,MORTGAGE,2 years,90000.0,23.43,660.0
87966704,0,B,debt_consolidation,MORTGAGE,10+ years,36000.0,32.07,695.0
87975791,0,B,credit_card,OWN,,20400.0,16.65,700.0
87993104,0,D,other,OWN,3 years,20000.0,3.0,785.0
88013094,1,C,debt_consolidation,OWN,10+ years,57000.0,16.15,690.0
88023327,0,F,debt_consolidation,MORTGAGE,10+ years,50000.0,23.74,665.0
88038369,0,E,home_improvement,OWN,5 years,54000.0,23.29,660.0
88042148,0,D,debt_consolidation,MORTGAGE,10+ years,72500.0,26.87,660.0
88097165,1,C,other,MORTGAGE,5 years,45000.0,16.24,670.0
88104289,0,F,debt_consolidation,OWN,10+ years,100000.0,28.54,675.0
88108596,0,F,debt_consolidation,RENT,< 1 year,36000.0,33.8,675.0
88115606,0,F,other,OWN,10+ years,40000.0,24.78,690.0
88132596,0,B,credit_card,OWN,6 years,82000.0,21.84,680.0
88132938,0,D,debt_consolidation,MORTGAGE,10+ years,50000.0,24.51,660.0
88157037,0,F,debt_consolidation,RENT,10+ years,47000.0,30.18,675.0
88175466,0,D,home_improvement,OWN,2 years,34000.0,8.82,660.0
88198937,0,B,debt_consolidation,MORTGAGE,10+ years,60000.0,18.36,695.0
88211678,0,C,debt_consolidation,MORTGAGE,10+ years,60000.0,11.9,680.0
88216147,0,C,debt_consolidation,RENT,9 years,68064.0,16.43,675.0
88229419,0,E,debt_consolidation,RENT,4 years,60000.0,28.86,665.0
88229707,0,A,other,MORTGAGE,10+ years,60590.0,8.65,775.0
88321648,0,F,debt_consolidation,OWN,1 year,70000.0,14.8,665.0
88381653,0,C,debt_consolidation,MORTGAGE,10+ years,82212.0,15.49,705.0
88421814,0,D,credit_card,RENT,3 years,38000.0,18.55,700.0
88431353,1,F,debt_consolidation,RENT,1 year,110000.0,25.26,705.0
88442169,0,E,car,MORTGAGE,< 1 year,42000.0,32.54,685.0
88543630,1,F,debt_consolidation,OWN,5 years,69500.0,24.68,670.0
88545174,0,C,credit_card,MORTGAGE,10+ years,75000.0,9.9,670.0
88655579,0,G,house,OWN,2 years,36000.0,24.5,660.0
88713628,0,C,home_improvement,MORTGAGE,8 years,190000.0,8.25,710.0
88762163,0,B,credit_card,MORTGAGE,10+ years,100000.0,30.48,710.0
88762401,0,F,debt_consolidation,MORTGAGE,10+ years,74000.0,22.84,670.0
88782759,0,G,debt_consolidation,MORTGAGE,< 1 year,46000.0,34.52,665.0
88804539,0,C,other,OWN,10+ years,250000.0,15.47,685.0
88813161,0,B,debt_consolidation,RENT,10+ years,46000.0,7.64,670.0
88818553,0,A,debt_consolidation,MORTGAGE,3 years,30000.0,12.96,715.0
88821870,0,B,debt_consolidation,OWN,10+ years,87132.0,1.09,690.0
88866383,0,D,credit_card,MORTGAGE,4 years,59950.0,11.05,660.0
88870170,0,D,car,RENT,< 1 year,31788.0,2.34,675.0
88881781,0,F,debt_consolidation,RENT,10+ years,43283.0,24.24,725.0
88912047,0,G,debt_consolidation,MORTGAGE,10+ years,80000.0,21.03,660.0
88928852,0,F,debt_consolidation,MORTGAGE,6 years,60000.0,34.68,660.0
88953033,0,D,debt_consolidation,OWN,8 years,33600.0,22.46,660.0
88986931,0,B,credit_card,OWN,2 years,49000.0,8.3,665.0
88992722,0,C,debt_consolidation,RENT,3 years,200000.0,16.5,695.0
89003926,0,C,debt_consolidation,RENT,10+ years,26728.0,32.91,675.0
89027526,0,F,debt_consolidation,MORTGAGE,4 years,42000.0,13.09,660.0
89805204,0,A,debt_consolidation,OWN,10+ years,50000.0,10.08,750.0
89814757,0,G,other,OWN,4 years,30000.0,13.25,660.0
89816293,0,B,home_improvement,MORTGAGE,10+ years,110000.0,12.12,690.0
89845615,0,E,major_purchase,RENT,10+ years,74000.0,7.44,670.0
89867431,0,A,debt_consolidation,MORTGAGE,5 years,120000.0,31.65,785.0
89986819,0,D,debt_consolidation,MORTGAGE,2 years,250000.0,23.7,675.0
89994960,0,C,debt_consolidation,OWN,10+ years,52000.0,27.97,665.0
90006753,1,G,other,OWN,< 1 year,40000.0,15.78,675.0
90032212,0,A,other,OWN,7 years,57258.0,2.87,735.0
90059118,0,F,home_improvement,OWN,10+ years,78000.0,25.46,690.0
90082427,0,D,debt_consolidation,MORTGAGE,10+ years,85000.0,9.86,670.0
90084606,0,F,debt_consolidation,MORTGAGE,10+ years,100000.0,30.13,720.0
90096016,0,D,other,MORTGAGE,5 years,63170.0,34.88,695.0
90121221,0,D,debt_consolidation,MORTGAGE,10+ years,100000.0,6.04,735.0
90147391,0,F,debt_consolidation,MORTGAGE,1 year,36000.0,13.5,670.0
90154659,0,A,credit_card,MORTGAGE,10+ years,72000.0,9.55,750.0
90204411,0,E,home_improvement,OWN,10+ years,55000.0,9.93,725.0
90244598,0,D,debt_consolidation,OWN,3 years,25000.0,25.64,670.0
90251807,0,B,debt_consolidation,RENT,1 year,180000.0,9.94,665.0
90252277,0,F,credit_card,RENT,8 years,102500.0,26.45,660.0
90270859,0,D,credit_card,RENT,< 1 year,60000.0,25.52,685.0
90279215,0,E,debt_consolidation,MORTGAGE,1 year,55000.0,24.22,665.0
90291364,1,F,other,MORTGAGE,4 years,55000.0,32.66,695.0
90328149,0,D,other,RENT,10+ years,28000.0,4.29,720.0
90383653,0,A,credit_card,MORTGAGE,3 years,100000.0,9.38,750.0
90392702,0,G,other,RENT,,111000.0,12.13,755.0
90404184,0,F,debt_consolidation,RENT,2 years,57000.0,15.05,710.0
90407087,0,F,debt_consolidation,MORTGAGE,10+ years,84000.0,31.27,700.0
90408970,0,E,debt_consolidation,OWN,6 years,65000.0,18.22,700.0
90693473,0,C,debt_consolidation,RENT,1 year,106000.0,25.89,745.0
90695380,0,C,home_improvement,MORTGAGE,5 years,150000.0,9.58,670.0
90706241,0,D,medical,MORTGAGE,10+ years,86250.0,22.43,675.0
90708480,0,F,debt_consolidation,RENT,,14316.0,24.14,675.0
90785713,0,G,debt_consolidation,RENT,7 years,33708.0,7.58,660.0
90895216,0,D,debt_consolidation,MORTGAGE,10+ years,110000.0,13.21,685.0
90895810,0,F,major_purchase,RENT,< 1 year,20160.0,16.83,695.0
90916204,0,C,home_improvement,OWN,3 years,279000.0,13.54,750.0
90926525,0,G,debt_consolidation,RENT,6 years,63000.0,28.44,665.0
90936136,0,G,other,RENT,2 years,95000.0,11.42,665.0
90946409,0,G,debt_consolidation,MORTGAGE,10+ years,90000.0,28.59,690.0
91000782,0,G,debt_consolidation,RENT,8 years,85000.0,12.62,675.0
91011684,0,G,debt_consolidation,MORTGAGE,6 years,65000.0,31.06,720.0
91032249,0,A,debt_consolidation,MORTGAGE,10+ years,200000.0,7.93,805.0
91052392,0,E,debt_consolidation,MORTGAGE,5 years,112000.0,18.74,685.0
91057132,0,G,other,RENT,4 years,72000.0,3.74,670.0
91069684,0,B,debt_consolidation,RENT,4 years,45000.0,13.28,715.0
91081390,0,C,credit_card,MORTGAGE,3 years,100000.0,6.25,680.0
91102561,0,G,debt_consolidation,MORTGAGE,7 years,39582.0,31.87,690.0
91123087,0,F,debt_consolidation,MORTGAGE,10+ years,92000.0,22.03,705.0
91128296,0,G,debt_consolidation,MORTGAGE,< 1 year,59860.0,21.55,695.0
91131111,0,B,debt_consolidation,MORTGAGE,4 years,155000.0,13.06,705.0
91188127,0,F,debt_consolidation,MORTGAGE,10+ years,96000.0,22.36,675.0
91197991,0,F,other,RENT,10+ years,45051.96,14.52,680.0
91211224,0,A,debt_consolidation,RENT,8 years,85000.0,26.82,800.0
91238625,0,F,debt_consolidation,MORTGAGE,10+ years,56000.0,21.6,680.0
91294434,0,D,debt_consolidation,OWN,3 years,47000.0,33.12,660.0
91354706,0,B,debt_consolidation,MORTGAGE,< 1 year,54000.0,28.79,730.0
91406988,0,G,debt_consolidation,MORTGAGE,10+ years,74000.0,31.12,665.0
91427820,0,E,debt_consolidation,MORTGAGE,10+ years,115000.0,32.31,680.0
91433356,1,G,debt_consolidation,RENT,8 years,52943.0,31.76,675.0
91444876,0,B,debt_consolidation,RENT,2 years,130000.0,14.54,695.0
91484090,0,D,debt_consolidation,MORTGAGE,10+ years,60000.0,32.62,670.0
91485537,0,D,debt_consolidation,RENT,5 years,45000.0,26.64,665.0
91495928,0,E,debt_consolidation,RENT,10+ years,55000.0,32.73,680.0
91513828,0,A,credit_card,RENT,8 years,75000.0,17.68,745.0
91527102,0,E,credit_card,RENT,9 years,58000.0,20.05,675.0
91567540,0,B,debt_consolidation,OWN,,48000.0,20.28,670.0
91573740,0,D,debt_consolidation,MORTGAGE,,72000.0,29.69,660.0
91595267,0,C,debt_consolidation,MORTGAGE,4 years,35000.0,17.22,675.0
91614580,0,G,debt_consolidation,MORTGAGE,< 1 year,80000.0,22.56,680.0
91617279,0,B,debt_consolidation,RENT,,36000.0,26.11,730.0
91632254,0,C,credit_card,MORTGAGE,6 years,75000.0,25.76,665.0
91668375,0,C,debt_consolidation,RENT,2 years,52000.0,23.93,685.0
91680271,0,C,debt_consolidation,RENT,3 years,50000.0,6.48,665.0
91803916,0,F,home_improvement,MORTGAGE,8 years,117000.0,9.51,690.0
91874218,0,E,debt_consolidation,MORTGAGE,10+ years,90000.0,27.11,705.0
91894554,0,C,debt_consolidation,RENT,4 years,55000.0,31.8,675.0
92055226,0,G,debt_consolidation,MORTGAGE,10+ years,73300.0,30.93,710.0
92113339,0,B,small_business,RENT,5 years,100000.0,17.06,730.0
92143941,0,E,debt_consolidation,MORTGAGE,2 years,55000.0,25.44,685.0
92215833,0,B,debt_consolidation,MORTGAGE,10+ years,50000.0,15.0,710.0
92220336,0,C,credit_card,RENT,2 years,40000.0,20.18,715.0
92248564,0,G,debt_consolidation,RENT,4 years,36000.0,21.37,680.0
92261282,0,E,debt_consolidation,RENT,< 1 year,72000.0,29.73,665.0
92279689,0,B,home_improvement,MORTGAGE,10+ years,85000.0,26.64,685.0
92281164,0,D,credit_card,MORTGAGE,7 years,23000.0,30.69,715.0
92300238,0,G,debt_consolidation,MORTGAGE,6 years,135000.0,10.9,670.0
92500983,0,A,debt_consolidation,RENT,10+ years,98800.0,14.59,785.0
92587809,0,G,debt_consolidation,RENT,3 years,40000.0,21.36,670.0
92627334,0,C,home_improvement,OWN,5 years,68000.0,12.3,760.0
92627845,0,G,debt_consolidation,MORTGAGE,5 years,65000.0,32.6,660.0
92961597,0,B,debt_consolidation,RENT,2 years,175000.0,17.47,670.0
92981600,0,B,debt_consolidation,MORTGAGE,3 years,46600.0,21.32,670.0
92991805,0,A,credit_card,MORTGAGE,3 years,140000.0,19.32,745.0
93116272,0,F,credit_card,OWN,10+ years,54000.0,12.16,675.0
93147812,0,E,debt_consolidation,MORTGAGE,5 years,125000.0,14.13,685.0
93157810,0,G,debt_consolidation,RENT,8 years,50046.0,30.48,720.0
93378171,0,D,credit_card,MORTGAGE,10+ years,65000.0,12.08,660.0
93390697,0,D,debt_consolidation,RENT,10+ years,108600.0,30.19,690.0
93402874,0,E,home_improvement,MORTGAGE,,49000.0,28.31,670.0
93524736,0,E,debt_consolidation,OWN,10+ years,115000.0,32.86,675.0
93574850,0,G,credit_card,MORTGAGE,10+ years,90000.0,21.83,660.0
93605639,1,C,credit_card,RENT,10+ years,95000.0,13.01,660.0
93623373,0,F,debt_consolidation,MORTGAGE,10+ years,100000.0,29.74,690.0
93635262,0,F,debt_consolidation,RENT,4 years,44780.0,31.06,675.0
93642140,0,F,other,RENT,2 years,9600.0,9.38,675.0
93676154,1,G,debt_consolidation,RENT,,24999.0,26.07,675.0
93686054,0,D,debt_consolidation,MORTGAGE,10+ years,70000.0,20.13,700.0
93687205,0,G,moving,MORTGAGE,,38000.0,0.85,685.0
93713951,0,B,credit_card,RENT,2 years,40000.0,15.72,690.0
93738442,0,D,other,RENT,10+ years,62000.0,30.03,685.0
93790873,0,G,debt_consolidation,MORTGAGE,8 years,59508.0,32.06,665.0
93790996,0,G,credit_card,RENT,10+ years,95000.0,29.45,660.0
93811310,0,B,debt_consolidation,MORTGAGE,6 years,130000.0,8.89,680.0
93840792,0,D,debt_consolidation,OWN,6 years,120000.0,27.6,665.0
93850355,0,D,credit_card,MORTGAGE,8 years,140000.0,6.5,665.0
93930733,0,D,debt_consolidation,RENT,8 years,150000.0,12.95,695.0
93930838,0,B,debt_consolidation,RENT,3 years,60000.0,30.22,710.0
93979129,0,B,debt_consolidation,MORTGAGE,4 years,150000.0,16.64,680.0
93982379,0,B,credit_card,MORTGAGE,5 years,65000.0,17.6,665.0
93991794,0,F,debt_consolidation,MORTGAGE,2 years,86500.0,28.72,660.0
93996454,0,B,debt_consolidation,MORTGAGE,10+ years,90000.0,30.79,700.0
94025576,0,F,debt_consolidation,OWN,2 years,41000.0,14.7,670.0
94038044,0,G,debt_consolidation,MORTGAGE,2 years,34000.0,18.99,670.0
94045669,0,C,debt_consolidation,RENT,1 year,60000.0,10.6,670.0
94056676,0,B,debt_consolidation,MORTGAGE,4 years,48000.0,11.8,660.0
94097470,0,E,debt_consolidation,RENT,3 years,50000.0,33.99,690.0
94098552,0,A,home_improvement,MORTGAGE,6 years,580000.0,6.88,695.0
94108439,0,E,debt_consolidation,RENT,10+ years,50000.0,30.1,720.0
94141530,0,B,debt_consolidation,MORTGAGE,6 years,50000.0,33.97,695.0
94142221,0,D,debt_consolidation,MORTGAGE,2 years,68000.0,9.07,695.0
94151984,0,C,other,MORTGAGE,2 years,140000.0,16.29,680.0
94152512,1,G,other,RENT,< 1 year,60000.0,4.9,665.0
94159186,0,G,major_purchase,RENT,3 years,76887.0,18.0,690.0
94186135,0,G,debt_consolidation,MORTGAGE,10+ years,50000.0,9.43,670.0
94231097,0,C,credit_card,RENT,10+ years,38890.0,32.16,665.0
94239939,0,C,debt_consolidation,MORTGAGE,5 years,38000.0,7.17,695.0
94255383,0,E,debt_consolidation,MORTGAGE,10+ years,75000.0,17.6,685.0
94256896,0,F,debt_consolidation,MORTGAGE,7 years,120000.0,23.28,660.0
94261015,0,C,debt_consolidation,MORTGAGE,10+ years,40000.0,22.8,690.0
94292834,0,G,other,RENT,4 years,59999.0,22.92,660.0
94306564,0,E,vacation,MORTGAGE,2 years,38000.0,13.83,695.0
94337083,0,G,debt_consolidation,RENT,10+ years,60000.0,30.22,665.0
94339634,0,D,debt_consolidation,RENT,1 year,60000.0,24.02,670.0
94346299,0,D,small_business,RENT,5 years,80000.0,30.24,675.0
94353731,0,D,credit_card,RENT,1 year,170000.0,16.36,675.0
94355442,0,G,other,RENT,< 1 year,34000.0,5.68,665.0
94382841,0,E,credit_card,MORTGAGE,10+ years,45000.0,29.49,695.0
94388921,0,E,major_purchase,RENT,4 years,82080.0,1.9,730.0
94391246,0,D,debt_consolidation,RENT,10+ years,70000.0,26.29,665.0
94392025,0,D,credit_card,MORTGAGE,7 years,25000.0,10.61,695.0
94415870,0,C,debt_consolidation,RENT,10+ years,70000.0,17.42,685.0
94418299,0,G,debt_consolidation,MORTGAGE,3 years,46150.0,26.35,665.0
94444096,0,E,debt_consolidation,MORTGAGE,2 years,106800.0,18.6,685.0
94449855,0,E,debt_consolidation,OWN,< 1 year,31000.0,26.29,690.0
94468084,0,B,debt_consolidation,MORTGAGE,10+ years,88000.0,24.87,690.0
94546510,0,D,debt_consolidation,RENT,5 years,70000.0,12.5,680.0
94831604,0,F,major_purchase,MORTGAGE,5 years,84000.0,25.49,685.0
95026756,0,F,debt_consolidation,MORTGAGE,10+ years,56000.0,14.7,670.0
95063415,0,G,medical,MORTGAGE,7 years,40000.0,22.98,660.0
95091494,0,G,credit_card,OWN,< 1 year,52000.0,33.9,660.0
95199715,0,D,debt_consolidation,MORTGAGE,5 years,75000.0,6.58,725.0
95223023,0,F,debt_consolidation,MORTGAGE,10+ years,71015.68,25.28,670.0
95227180,0,C,debt_consolidation,MORTGAGE,10+ years,110000.0,15.53,660.0
95251134,0,C,debt_consolidation,RENT,< 1 year,55000.0,10.74,670.0
95268602,0,E,debt_consolidation,OWN,10+ years,52000.0,25.43,670.0
95269782,0,G,debt_consolidation,MORTGAGE,< 1 year,54000.0,19.11,715.0
95294390,1,D,medical,MORTGAGE,,89481.0,29.81,725.0
95314111,0,D,home_improvement,MORTGAGE,10+ years,26000.0,7.53,715.0
95317701,0,E,debt_consolidation,RENT,10+ years,58000.0,30.86,665.0
95324514,0,A,credit_card,RENT,1 year,60000.0,17.72,710.0
95347867,0,G,other,RENT,< 1 year,48000.0,26.45,695.0
95364902,0,D,debt_consolidation,MORTGAGE,5 years,80000.0,24.77,660.0
95397184,0,A,debt_consolidation,MORTGAGE,< 1 year,40000.0,17.31,750.0
95407419,0,C,credit_card,MORTGAGE,4 years,225000.0,24.71,675.0
95557223,0,C,debt_consolidation,RENT,8 years,60000.0,9.54,675.0
95588982,0,C,debt_consolidation,MORTGAGE,,31000.0,15.95,665.0
95726242,0,D,debt_consolidation,MORTGAGE,10+ years,80000.0,6.24,665.0
95735967,0,F,debt_consolidation,MORTGAGE,10+ years,84000.0,22.36,710.0
95766104,0,E,debt_consolidation,MORTGAGE,9 years,70000.0,26.26,695.0
96003507,0,A,credit_card,MORTGAGE,2 years,145000.0,20.96,770.0
96053355,0,D,credit_card,MORTGAGE,8 years,63000.0,17.79,720.0
96143347,0,E,debt_consolidation,RENT,2 years,60000.0,23.82,665.0
96186675,0,B,debt_consolidation,MORTGAGE,3 years,65000.0,26.59,675.0
96197062,0,F,small_business,MORTGAGE,8 years,53000.0,1.81,680.0
96209467,0,E,debt_consolidation,MORTGAGE,10+ years,85000.0,25.19,705.0
96325770,0,C,small_business,MORTGAGE,3 years,47500.0,19.86,735.0
96329659,0,B,debt_consolidation,RENT,4 years,120000.0,20.28,675.0
96329674,0,A,credit_card,RENT,2 years,220000.0,6.13,710.0
96460045,0,C,credit_card,RENT,3 years,100000.0,10.56,700.0
96558788,0,A,debt_consolidation,MORTGAGE,< 1 year,145000.0,18.53,740.0
96565343,0,F,debt_consolidation,RENT,10+ years,90000.0,17.68,685.0
96590812,0,D,debt_consolidation,RENT,2 years,80000.0,17.07,690.0
96647543,1,E,debt_consolidation,RENT,,22740.0,34.09,685.0
96662721,0,B,vacation,OWN,4 years,155000.0,21.71,680.0
96683558,0,B,credit_card,RENT,9 years,34920.0,32.23,710.0
96708067,0,F,debt_consolidation,MORTGAGE,4 years,65000.0,15.81,675.0
96752349,0,E,debt_consolidation,MORTGAGE,10+ years,55000.0,17.67,680.0
96799482,0,B,debt_consolidation,RENT,3 years,68000.0,19.04,685.0
96877362,0,E,medical,RENT,5 years,96000.0,13.15,760.0
96919254,0,A,credit_card,RENT,7 years,52000.0,19.76,705.0
96930510,0,C,debt_consolidation,RENT,8 years,48000.0,21.93,700.0
96933408,0,B,credit_card,OWN,2 years,105000.0,14.58,680.0
96934465,0,F,other,RENT,1 year,85000.0,8.27,695.0
96943382,0,A,debt_consolidation,RENT,4 years,96500.0,17.09,750.0
96974108,1,G,credit_card,MORTGAGE,5 years,88000.0,32.14,705.0
96993808,0,D,small_business,MORTGAGE,10+ years,320000.0,4.05,680.0
97162550,0,G,credit_card,MORTGAGE,8 years,60000.0,20.44,685.0
97232984,0,A,debt_consolidation,RENT,9 years,48000.0,5.13,765.0
97327914,0,F,debt_consolidation,MORTGAGE,< 1 year,106000.0,13.88,730.0
97337867,0,C,debt_consolidation,RENT,10+ years,55500.0,11.9,665.0
97347589,0,D,debt_consolidation,MORTGAGE,10+ years,80000.0,25.34,660.0
97357380,0,E,other,OWN,10+ years,180000.0,22.4,660.0
97366405,0,A,credit_card,MORTGAGE,6 years,114000.0,16.04,745.0
97388919,0,E,debt_consolidation,RENT,2 years,30000.0,16.2,660.0
97425162,0,F,debt_consolidation,RENT,1 year,68500.0,30.94,690.0
97434698,0,E,debt_consolidation,MORTGAGE,< 1 year,110000.0,2.83,670.0
97445116,0,B,car,RENT,5 years,55000.0,16.69,675.0
97473591,0,B,debt_consolidation,RENT,4 years,78000.0,22.77,660.0
97490908,0,G,debt_consolidation,MORTGAGE,10+ years,89240.0,29.2,685.0
97508920,0,C,debt_consolidation,RENT,6 years,125000.0,12.0,685.0
97533900,0,A,credit_card,MORTGAGE,2 years,77000.0,10.86,700.0
97555160,0,A,credit_card,MORTGAGE,10+ years,110000.0,25.57,780.0
97568412,0,D,debt_consolidation,MORTGAGE,4 years,65000.0,28.73,695.0
97593320,0,A,debt_consolidation,MORTGAGE,10+ years,75000.0,13.21,705.0
97593955,0,E,credit_card,RENT,< 1 year,155000.0,9.38,685.0
97594886,0,C,home_improvement,MORTGAGE,,110000.0,20.52,715.0
97595048,0,A,debt_consolidation,MORTGAGE,5 years,103900.0,7.85,705.0
97620643,0,B,debt_consolidation,OWN,,25000.0,29.72,715.0
97629721,0,B,debt_consolidation,MORTGAGE,10+ years,97000.0,6.71,755.0
97690753,0,F,debt_consolidation,MORTGAGE,6 years,82975.0,24.44,690.0
97789441,0,G,debt_consolidation,MORTGAGE,7 years,85000.0,24.75,680.0
97809532,0,B,credit_card,RENT,6 years,95000.0,10.76,670.0
97829293,0,B,moving,MORTGAGE,1 year,150000.0,23.0,665.0
97882261,0,C,debt_consolidation,MORTGAGE,1 year,72000.0,15.02,670.0
97912301,0,B,credit_card,RENT,4 years,15605.0,17.77,670.0
97933878,0,A,credit_card,RENT,10+ years,41000.0,19.29,705.0
98103824,0,C,debt_consolidation,MORTGAGE,10+ years,85000.0,32.47,690.0
98126452,0,E,debt_consolidation,RENT,,51792.0,20.16,690.0
98126546,0,A,credit_card,MORTGAGE,1 year,97000.0,25.18,685.0
98139462,0,F,debt_consolidation,MORTGAGE,10+ years,63000.0,11.96,660.0
98148915,0,D,major_purchase,MORTGAGE,5 years,40000.0,17.28,680.0
98169277,1,G,debt_consolidation,RENT,< 1 year,87500.0,16.18,735.0
98267240,0,B,car,MORTGAGE,10+ years,90000.0,29.61,745.0
98277346,0,D,debt_consolidation,MORTGAGE,10+ years,150000.0,15.81,715.0
98768476,1,E,credit_card,MORTGAGE,10+ years,70000.0,22.65,675.0
98826839,0,B,debt_consolidation,MORTGAGE,10+ years,68549.0,20.99,665.0
98845584,0,E,credit_card,RENT,3 years,50000.0,16.48,670.0
98846416,0,F,other,RENT,2 years,60000.0,12.58,715.0
98905152,0,D,debt_consolidation,MORTGAGE,10+ years,44000.0,31.07,660.0
98927979,0,G,debt_consolidation,MORTGAGE,1 year,86000.0,24.74,685.0
98945397,0,A,credit_card,OWN,< 1 year,110000.0,20.98,740.0
98947825,0,G,debt_consolidation,RENT,< 1 year,50180.0,22.65,675.0
98961142,0,A,credit_card,MORTGAGE,2 years,386000.0,14.34,715.0
99233245,0,D,debt_consolidation,RENT,10+ years,86000.0,17.21,700.0
99257233,0,F,other,RENT,< 1 year,110000.0,28.98,660.0
99259915,0,C,credit_card,RENT,1 year,100000.0,32.08,695.0
99330637,0,E,credit_card,RENT,1 year,37000.0,22.38,700.0
99511005,0,A,car,MORTGAGE,10+ years,42000.0,11.26,700.0
99657128,0,D,debt_consolidation,RENT,2 years,32000.0,25.36,690.0
99657842,0,G,debt_consolidation,MORTGAGE,5 years,94000.0,17.13,710.0
99677953,0,B,debt_consolidation,RENT,4 years,30000.0,9.4,700.0
99706213,0,F,debt_consolidation,MORTGAGE,10+ years,108000.0,24.69,720.0
99776809,0,A,home_improvement,MORTGAGE,3 years,100000.0,14.28,720.0
99807498,0,G,debt_consolidation,RENT,5 years,77000.0,18.08,680.0
99869501,0,C,debt_consolidation,MORTGAGE,10+ years,145000.0,8.09,710.0
99892036,0,G,debt_consolidation,RENT,2 years,129000.0,16.66,660.0
99911272,0,B,credit_card,MORTGAGE,7 years,110000.0,4.57,670.0
99913965,0,F,debt_consolidation,RENT,1 year,68000.0,23.76,715.0
99954442,0,E,moving,RENT,10+ years,120000.0,13.85,680.0
99975756,0,A,credit_card,OWN,6 years,65000.0,5.82,710.0
100016250,0,E,debt_consolidation,OWN,4 years,29000.0,31.54,675.0
100024717,0,A,debt_consolidation,MORTGAGE,4 years,52000.0,15.9,775.0
100026576,0,D,home_improvement,RENT,3 years,85000.0,8.73,670.0
100045184,0,C,home_improvement,MORTGAGE,10+ years,102000.0,19.3,800.0
100061294,0,E,credit_card,MORTGAGE,10+ years,56000.0,28.27,685.0
100084901,0,B,debt_consolidation,MORTGAGE,10+ years,49900.0,21.07,700.0
100104804,0,A,debt_consolidation,RENT,,107000.0,11.98,790.0
100105776,0,B,debt_consolidation,RENT,10+ years,55000.0,20.73,680.0
100153208,0,B,small_business,MORTGAGE,10+ years,100000.0,6.78,705.0
100162867,0,E,debt_consolidation,RENT,2 years,48500.0,23.66,665.0
100246281,0,B,debt_consolidation,MORTGAGE,10+ years,104000.0,29.02,670.0
100407232,0,B,debt_consolidation,MORTGAGE,10+ years,60000.0,21.78,680.0
100449698,0,E,debt_consolidation,MORTGAGE,10+ years,98000.0,20.01,685.0
100455646,0,G,debt_consolidation,MORTGAGE,10+ years,92000.0,17.38,665.0
100458219,0,F,major_purchase,MORTGAGE,10+ years,127000.0,24.09,670.0
100459586,0,B,debt_consolidation,RENT,2 years,67000.0,16.26,705.0
100473290,0,D,other,RENT,1 year,22000.0,8.56,690.0
101282315,0,F,debt_consolidation,MORTGAGE,9 years,80000.0,34.65,665.0
102046353,0,B,credit_card,OWN,10+ years,24000.0,22.3,740.0
102076323,0,A,debt_consolidation,RENT,10+ years,125000.0,10.6,805.0
102095162,0,E,car,RENT,2 years,35000.0,9.88,665.0
102165737,0,B,credit_card,RENT,< 1 year,90000.0,11.07,665.0
102319488,0,E,other,RENT,4 years,58000.0,27.17,670.0
102374152,0,D,debt_consolidation,RENT,3 years,42837.0,23.14,700.0
102375714,0,B,debt_consolidation,MORTGAGE,10+ years,204000.0,12.15,740.0
102465340,1,C,credit_card,RENT,4 years,55000.0,25.77,725.0
102485618,0,G,medical,RENT,,41000.0,18.94,710.0
102487184,1,D,debt_consolidation,RENT,2 years,60000.0,16.87,695.0
102660115,1,E,other,RENT,5 years,78360.0,0.69,745.0
102661072,0,B,credit_card,RENT,2 years,50000.0,13.03,720.0
102947245,0,B,home_improvement,RENT,10+ years,40000.0,3.93,805.0
103197286,1,F,debt_consolidation,MORTGAGE,7 years,48000.0,14.98,685.0
103213018,0,C,debt_consolidation,OWN,3 years,40000.0,26.55,690.0
103327182,0,E,debt_consolidation,MORTGAGE,7 years,38500.0,45.92,685.0
103468387,0,G,house,MORTGAGE,2 years,52000.0,49.91,660.0
103470552,0,E,medical,RENT,1 year,56000.0,19.07,730.0
103473732,1,E,debt_consolidation,RENT,2 years,54600.0,15.32,700.0
103518243,0,C,debt_consolidation,RENT,10+ years,65000.0,13.48,665.0
103537840,0,G,debt_consolidation,MORTGAGE,10+ years,100000.0,32.09,700.0
103547653,0,G,debt_consolidation,MORTGAGE,1 year,115000.0,30.9,675.0
103637718,0,C,debt_consolidation,RENT,< 1 year,40000.0,30.48,695.0
103668170,1,B,credit_card,OWN,10+ years,30000.0,23.96,695.0
103752502,0,G,debt_consolidation,RENT,3 years,70000.0,24.58,680.0
103912019,0,C,debt_consolidation,MORTGAGE,10+ years,35000.0,28.29,675.0
103921732,0,C,other,RENT,9 years,75000.0,23.73,760.0
104028127,0,D,credit_card,RENT,1 year,60000.0,12.66,710.0
104093284,0,D,debt_consolidation,MORTGAGE,3 years,82000.0,21.89,710.0
104202410,0,C,moving,RENT,10+ years,89000.0,15.97,675.0
104222441,0,B,credit_card,RENT,10+ years,260000.0,9.46,700.0
104223727,0,D,debt_consolidation,MORTGAGE,10+ years,135000.0,17.24,660.0
104281330,0,D,credit_card,RENT,10+ years,94000.0,13.9,660.0
104283216,0,G,debt_consolidation,MORTGAGE,7 years,88000.0,11.25,665.0
104302315,0,G,debt_consolidation,RENT,7 years,91600.0,16.12,750.0
104309395,0,C,credit_card,MORTGAGE,10+ years,105000.0,6.64,660.0
104310792,0,A,credit_card,OWN,< 1 year,33280.0,10.21,745.0
104318827,0,A,debt_consolidation,MORTGAGE,10+ years,350000.0,16.79,690.0
104339798,0,E,debt_consolidation,MORTGAGE,5 years,50000.0,5.5,720.0
104601796,0,D,debt_consolidation,MORTGAGE,10+ years,87000.0,22.4,665.0
104684304,0,C,debt_consolidation,MORTGAGE,10+ years,128500.0,19.84,700.0
104900052,0,F,debt_consolidation,OWN,2 years,42000.0,34.87,710.0
104956191,0,C,debt_consolidation,OWN,10+ years,96500.0,11.38,700.0
105111339,0,F,credit_card,RENT,3 years,50000.0,33.27,700.0
105151427,0,B,debt_consolidation,RENT,2 years,42000.0,24.97,715.0
105153981,0,G,other,RENT,4 years,38000.0,16.41,685.0
105158911,0,E,debt_consolidation,MORTGAGE,8 years,41300.0,25.95,665.0
105447316,0,G,debt_consolidation,MORTGAGE,4 years,109000.0,18.21,665.0
105527674,0,A,credit_card,MORTGAGE,< 1 year,70000.0,11.43,735.0
105722164,0,D,credit_card,RENT,4 years,46000.0,28.91,660.0
105782812,0,B,other,RENT,2 years,105000.0,7.3,670.0
105884149,0,B,debt_consolidation,MORTGAGE,3 years,100000.0,14.33,770.0
105903697,0,B,debt_consolidation,MORTGAGE,5 years,140000.0,15.52,680.0
105940389,0,F,debt_consolidation,MORTGAGE,9 years,38000.0,50.95,700.0
106195229,0,A,debt_consolidation,MORTGAGE,7 years,120000.0,10.56,720.0
106205777,0,F,debt_consolidation,OWN,10+ years,66500.0,19.2,685.0
106211896,0,G,debt_consolidation,RENT,< 1 year,47000.0,36.59,665.0
106237494,0,E,debt_consolidation,MORTGAGE,5 years,85000.0,32.33,695.0
106296438,0,D,debt_consolidation,RENT,1 year,55000.0,11.67,695.0
106337776,0,D,debt_consolidation,RENT,10+ years,58752.0,33.86,685.0
106408094,0,D,credit_card,RENT,8 years,42000.0,23.43,675.0
106492640,0,E,house,RENT,1 year,32640.0,13.21,700.0
106492750,0,B,medical,MORTGAGE,< 1 year,85000.0,21.08,705.0
106501885,0,G,debt_consolidation,RENT,1 year,76600.0,10.78,705.0
106732092,0,D,debt_consolidation,RENT,9 years,12000.0,15.7,690.0
106806249,0,G,debt_consolidation,RENT,6 years,85000.0,34.22,670.0
106956444,0,C,home_improvement,MORTGAGE,6 years,87320.0,20.81,675.0
106996205,0,D,debt_consolidation,RENT,2 years,50000.0,20.14,690.0
107028729,0,A,debt_consolidation,MORTGAGE,10+ years,68000.0,9.53,745.0
107064832,0,C,major_purchase,RENT,5 years,130000.0,6.25,670.0
107068527,0,E,credit_card,RENT,3 years,105000.0,29.1,690.0
107071506,0,D,debt_consolidation,MORTGAGE,1 year,50000.0,12.99,700.0
107072712,0,G,car,MORTGAGE,10+ years,49000.0,8.03,680.0
107079006,0,G,major_purchase,MORTGAGE,10+ years,100000.0,31.03,690.0
107105371,0,C,debt_consolidation,MORTGAGE,10+ years,90000.0,24.03,695.0
107136686,0,G,house,MORTGAGE,2 years,113000.0,27.37,665.0
107177165,0,A,credit_card,MORTGAGE,2 years,88000.0,15.85,765.0
107226378,0,E,home_improvement,MORTGAGE,10+ years,70000.0,14.18,675.0
107256964,0,C,debt_consolidation,RENT,10+ years,63000.0,18.67,675.0
107360959,0,C,other,RENT,9 years,45000.0,13.87,665.0
107370458,0,E,credit_card,MORTGAGE,1 year,34560.0,27.57,720.0
107520043,0,G,debt_consolidation,MORTGAGE,6 years,100000.0,30.96,685.0
107520676,0,G,debt_consolidation,RENT,< 1 year,82000.0,31.11,710.0
107635532,0,F,debt_consolidation,OWN,8 years,125000.0,26.23,675.0
107639350,0,F,other,RENT,10+ years,78000.0,23.58,670.0
107650525,1,G,other,MORTGAGE,2 years,88000.0,8.32,695.0
107659998,0,A,debt_consolidation,RENT,< 1 year,35000.0,13.2,755.0
107743167,0,G,debt_consolidation,RENT,8 years,52000.0,30.93,690.0
107970488,0,G,debt_consolidation,MORTGAGE,10+ years,92087.0,29.23,715.0
108108919,0,A,credit_card,RENT,2 years,98000.0,10.66,690.0
108173473,0,C,debt_consolidation,MORTGAGE,4 years,50000.0,27.99,705.0
108183580,0,D,debt_consolidation,MORTGAGE,10+ years,82500.0,27.61,660.0
108501570,0,C,credit_card,MORTGAGE,10+ years,57000.0,24.82,675.0
108518453,0,C,debt_consolidation,OWN,6 years,40000.0,23.1,690.0
108609644,1,E,debt_consolidation,OWN,2 years,114500.0,28.19,660.0
108774918,0,D,debt_consolidation,RENT,1 year,40000.0,26.85,690.0
108915927,0,B,debt_consolidation,MORTGAGE,6 years,100000.0,13.52,695.0
108970980,0,A,debt_consolidation,OWN,,44000.0,13.94,710.0
109005841,0,B,debt_consolidation,RENT,8 years,60000.0,19.68,750.0
109037642,1,C,debt_consolidation,MORTGAGE,9 years,75000.0,18.88,710.0
109141556,0,E,debt_consolidation,MORTGAGE,10+ years,288000.0,24.64,675.0
109232366,0,G,other,RENT,3 years,60000.0,34.23,680.0
109235606,0,G,credit_card,OWN,3 years,31200.0,32.31,660.0
109282698,0,E,debt_consolidation,MORTGAGE,2 years,46500.0,10.3,720.0
109320087,0,C,home_improvement,MORTGAGE,3 years,130000.0,14.18,745.0
109326390,0,C,credit_card,RENT,3 years,48000.0,7.3,675.0
109340989,0,G,small_business,MORTGAGE,10+ years,95000.0,16.07,695.0
109341773,0,A,debt_consolidation,MORTGAGE,10+ years,70000.0,9.62,805.0
109352919,0,F,debt_consolidation,OWN,3 years,50000.0,28.92,670.0
109353909,0,F,debt_consolidation,MORTGAGE,2 years,90000.0,31.61,685.0
109371061,0,G,small_business,RENT,1 year,180000.0,4.73,685.0
109564595,0,B,credit_card,MORTGAGE,10+ years,135000.0,21.54,700.0
109607763,0,D,credit_card,MORTGAGE,7 years,70000.0,31.46,695.0
109678746,0,G,debt_consolidation,RENT,8 years,57000.0,34.65,675.0
109680779,0,A,credit_card,OWN,10+ years,64000.0,18.77,740.0
109685794,1,G,debt_consolidation,RENT,10+ years,135000.0,16.6,695.0
109720137,0,E,debt_consolidation,OWN,1 year,52500.0,22.42,690.0
109732554,0,D,credit_card,OWN,1 year,78000.0,22.57,690.0
109788892,0,E,debt_consolidation,RENT,7 years,42000.0,21.31,665.0
109832727,0,A,debt_consolidation,RENT,2 years,74000.0,25.84,710.0
109848989,0,C,debt_consolidation,RENT,10+ years,30000.0,22.04,685.0
109871467,0,E,car,OWN,10+ years,43000.0,33.69,685.0
109952994,1,G,debt_consolidation,OWN,< 1 year,46000.0,20.35,700.0
109956071,0,C,vacation,MORTGAGE,10+ years,65000.0,13.7,695.0
109957386,0,E,debt_consolidation,OWN,,59000.0,11.31,685.0
109981888,0,G,small_business,MORTGAGE,2 years,50000.0,31.54,715.0
110001305,1,E,vacation,OWN,10+ years,65000.0,2.95,720.0
110003228,0,C,debt_consolidation,RENT,4 years,58000.0,26.51,695.0
110025524,0,A,home_improvement,OWN,3 years,29000.0,8.44,765.0
110038313,0,F,credit_card,RENT,10+ years,90000.0,17.91,675.0
110050911,0,G,debt_consolidation,RENT,1 year,50000.0,28.47,675.0
110052001,0,C,debt_consolidation,MORTGAGE,3 years,160000.0,23.53,665.0
110062380,0,G,debt_consolidation,RENT,< 1 year,140000.0,21.8,665.0
110077175,0,A,debt_consolidation,RENT,3 years,72600.0,21.74,740.0
110087383,0,B,debt_consolidation,RENT,1 year,61000.0,11.65,675.0
110087908,0,G,other,RENT,5 years,100000.0,1.93,695.0
110111995,0,A,debt_consolidation,RENT,,105000.0,28.43,680.0
110181464,0,C,credit_card,RENT,5 years,55000.0,11.0,695.0
110253013,0,C,home_improvement,MORTGAGE,10+ years,60000.0,29.86,685.0
110361696,0,E,other,RENT,10+ years,140000.0,11.92,685.0
110380055,0,F,debt_consolidation,OWN,,23000.0,11.33,695.0
110411925,0,G,debt_consolidation,OWN,4 years,160000.0,25.28,725.0
110437034,0,E,major_purchase,RENT,,21000.0,25.43,715.0
110441314,0,C,debt_consolidation,OWN,4 years,18500.0,29.14,725.0
110460158,0,D,home_improvement,OWN,6 years,102000.0,8.05,660.0
110530126,0,C,debt_consolidation,MORTGAGE,10+ years,71000.0,26.81,665.0
110540775,0,F,debt_consolidation,MORTGAGE,1 year,77000.0,27.34,660.0
110608652,0,D,credit_card,RENT,10+ years,67000.0,28.19,660.0
110663299,0,A,debt_consolidation,MORTGAGE,7 years,82000.0,11.84,700.0
110684791,0,A,debt_consolidation,MORTGAGE,10+ years,140000.0,6.88,730.0
110690969,0,C,debt_consolidation,MORTGAGE,10+ years,102000.0,32.48,660.0
110806124,1,A,debt_consolidation,MORTGAGE,2 years,40000.0,15.32,755.0
110925199,0,D,debt_consolidation,MORTGAGE,< 1 year,38760.0,0.96,820.0
111050889,0,D,debt_consolidation,OWN,10+ years,50000.0,29.38,690.0
111051579,0,G,debt_consolidation,MORTGAGE,,0.0,,665.0
111069810,0,C,debt_consolidation,MORTGAGE,9 years,36200.0,31.6,740.0
111097951,0,B,debt_consolidation,MORTGAGE,10+ years,91000.0,24.28,720.0
111099079,0,B,debt_consolidation,MORTGAGE,< 1 year,30160.0,20.37,780.0
111123262,0,G,debt_consolidation,OWN,6 years,70000.0,25.02,660.0
111130529,0,A,home_improvement,MORTGAGE,10+ years,50000.0,26.76,720.0
111411453,0,G,other,MORTGAGE,2 years,100000.0,22.74,665.0
111448501,0,E,home_improvement,OWN,,34986.6,20.95,665.0
111480343,0,E,debt_consolidation,RENT,10+ years,100000.0,11.71,670.0
111517751,1,G,credit_card,RENT,10+ years,45000.0,24.85,665.0
111529309,0,C,debt_consolidation,RENT,< 1 year,42000.0,19.09,675.0
111588929,0,G,debt_consolidation,MORTGAGE,7 years,70000.0,33.46,670.0
111649969,1,G,other,RENT,10+ years,65000.0,23.01,680.0
111672367,0,E,home_improvement,RENT,3 years,18500.0,24.72,675.0
111683467,0,B,debt_consolidation,MORTGAGE,,58000.0,16.7,715.0
111683918,0,G,debt_consolidation,RENT,2 years,50000.0,25.49,680.0
111684847,0,F,debt_consolidation,MORTGAGE,10+ years,46800.0,15.1,680.0
111703501,0,C,debt_consolidation,MORTGAGE,< 1 year,38000.0,30.83,705.0
111707265,1,F,moving,MORTGAGE,< 1 year,53000.0,25.61,680.0
111737386,0,B,debt_consolidation,RENT,6 years,76000.0,15.2,710.0
111740903,0,G,debt_consolidation,MORTGAGE,10+ years,200000.0,4.78,705.0
111774308,0,C,other,RENT,10+ years,176000.0,5.28,690.0
111828331,0,G,debt_consolidation,MORTGAGE,2 years,75000.0,24.4,660.0
111856053,0,G,debt_consolidation,RENT,3 years,52000.0,15.99,670.0
111858348,0,G,home_improvement,OWN,3 years,32760.0,10.92,685.0
111867035,1,G,debt_consolidation,MORTGAGE,1 year,40000.0,27.89,660.0
111895454,0,G,debt_consolidation,MORTGAGE,10+ years,210000.0,8.55,675.0
111909124,0,F,debt_consolidation,MORTGAGE,5 years,80000.0,15.33,710.0
111925506,0,B,other,RENT,9 years,59000.0,22.78,685.0
112034964,0,D,small_business,MORTGAGE,10+ years,1200000.0,11.66,675.0
112062985,0,G,debt_consolidation,OWN,10+ years,85000.0,31.18,670.0
112085722,0,F,credit_card,MORTGAGE,10+ years,74000.0,19.86,675.0
112117289,0,G,other,MORTGAGE,4 years,26000.0,18.56,720.0
112220490,0,C,debt_consolidation,OWN,5 years,41000.0,26.26,675.0
112370015,0,B,debt_consolidation,RENT,1 year,45000.0,17.2,680.0
112380283,0,C,major_purchase,MORTGAGE,10+ years,100000.0,16.81,730.0
112446286,0,F,debt_consolidation,MORTGAGE,2 years,60000.0,9.98,700.0
112456588,0,B,car,RENT,10+ years,71000.0,17.11,670.0
112465153,0,C,debt_consolidation,MORTGAGE,10+ years,66000.0,19.82,660.0
112497129,0,C,credit_card,RENT,1 year,60000.0,11.12,675.0
112605591,0,A,debt_consolidation,MORTGAGE,10+ years,70000.0,19.63,745.0
112636473,0,F,debt_consolidation,MORTGAGE,2 years,41600.0,28.16,670.0
112675392,0,A,debt_consolidation,OWN,2 years,29000.0,29.47,725.0
112729042,0,G,debt_consolidation,RENT,2 years,45000.0,26.8,665.0
112733478,0,E,debt_consolidation,MORTGAGE,3 years,10200.0,122.94,675.0
112745524,0,A,home_improvement,MORTGAGE,7 years,145000.0,22.01,690.0
112754798,0,B,home_improvement,MORTGAGE,< 1 year,31000.0,43.09,680.0
112817953,0,D,debt_consolidation,MORTGAGE,10+ years,70000.0,12.57,675.0
112849933,0,B,debt_consolidation,RENT,< 1 year,49920.0,14.64,665.0
112872781,0,G,debt_consolidation,RENT,10+ years,92163.0,21.13,710.0
112876221,0,G,moving,RENT,3 years,50000.0,6.07,660.0
112886418,0,B,other,OWN,4 years,57000.0,15.71,705.0
112907769,0,D,other,RENT,1 year,47700.0,9.69,675.0
112977174,0,D,debt_consolidation,RENT,2 years,49992.0,28.23,675.0
112987766,0,C,debt_consolidation,RENT,4 years,55000.0,11.98,680.0
113012398,0,G,debt_consolidation,MORTGAGE,1 year,115000.0,28.54,680.0
113026537,0,D,debt_consolidation,MORTGAGE,1 year,60000.0,13.16,665.0
113033367,0,G,debt_consolidation,RENT,7 years,35000.0,13.13,665.0
113070035,0,G,small_business,OWN,1 year,100000.0,4.7,660.0
113086221,0,G,credit_card,MORTGAGE,3 years,35000.0,22.02,665.0
113093709,0,A,debt_consolidation,MORTGAGE,10+ years,55000.0,18.44,680.0
113121500,0,A,debt_consolidation,MORTGAGE,8 years,160000.0,12.05,725.0
113124779,0,G,debt_consolidation,RENT,10+ years,130000.0,16.25,705.0
113127033,0,A,debt_consolidation,OWN,,52000.0,27.69,690.0
113144672,0,G,debt_consolidation,RENT,5 years,60000.0,12.02,665.0
113151118,0,G,credit_card,MORTGAGE,9 years,63000.0,31.71,665.0
113154111,0,B,medical,OWN,10+ years,65000.0,11.0,665.0
113161164,0,C,debt_consolidation,MORTGAGE,< 1 year,57000.0,13.39,765.0
113178752,0,C,debt_consolidation,RENT,10+ years,45000.0,9.6,745.0
113395268,0,G,debt_consolidation,RENT,2 years,99125.0,30.94,690.0
113489946,0,B,medical,RENT,8 years,60000.0,29.58,730.0
113494633,0,G,debt_consolidation,MORTGAGE,10+ years,47500.0,24.89,670.0
113512384,0,G,debt_consolidation,MORTGAGE,8 years,37000.0,18.75,665.0
113539450,0,G,debt_consolidation,MORTGAGE,10+ years,160000.0,16.79,670.0
113559257,0,C,debt_consolidation,MORTGAGE,10+ years,65000.0,18.69,665.0
113618900,0,F,major_purchase,RENT,5 years,88992.0,0.57,700.0
113690276,0,B,debt_consolidation,OWN,1 year,72000.0,12.58,675.0
113809131,0,F,credit_card,MORTGAGE,3 years,65000.0,32.76,695.0
113822227,1,E,credit_card,MORTGAGE,3 years,54000.0,19.41,660.0
113840713,0,G,other,RENT,10+ years,58000.0,19.02,695.0
113847382,0,D,debt_consolidation,OWN,< 1 year,56000.0,8.64,670.0
113864383,0,A,debt_consolidation,MORTGAGE,10+ years,100000.0,14.2,670.0
113912394,0,A,debt_consolidation,RENT,4 years,70000.0,17.03,765.0
113964648,0,G,house,RENT,8 years,74000.0,16.12,660.0
113967416,0,G,other,MORTGAGE,2 years,38000.0,23.86,700.0
114032971,0,F,credit_card,RENT,1 year,75000.0,23.22,665.0
114044957,0,G,debt_consolidation,MORTGAGE,10+ years,124000.0,34.12,695.0
114052853,0,C,credit_card,OWN,10+ years,125000.0,10.68,680.0
114072182,0,F,home_improvement,MORTGAGE,5 years,70660.0,30.2,660.0
114161248,0,G,debt_consolidation,MORTGAGE,5 years,60000.0,13.2,660.0
114165067,0,F,debt_consolidation,MORTGAGE,9 years,159000.0,24.67,680.0
114171117,0,E,debt_consolidation,RENT,10+ years,100000.0,21.16,675.0
114173300,0,C,vacation,RENT,< 1 year,33000.0,21.24,690.0
114201671,0,G,home_improvement,MORTGAGE,< 1 year,75000.0,33.12,660.0
114223275,0,F,debt_consolidation,RENT,< 1 year,25000.0,61.21,695.0
114236837,0,F,medical,OWN,5 years,75000.0,14.94,680.0
114517954,1,G,other,RENT,< 1 year,45000.0,3.15,660.0
114785234,0,F,debt_consolidation,RENT,10+ years,100000.0,32.76,660.0
114844178,0,G,credit_card,RENT,3 years,54000.0,27.4,705.0
114943946,0,F,credit_card,RENT,10+ years,94579.0,10.2,690.0
115014205,0,C,credit_card,RENT,2 years,80000.0,18.14,675.0
115069385,0,B,debt_consolidation,MORTGAGE,10+ years,106000.0,11.32,670.0
115074311,0,C,major_purchase,RENT,1 year,24000.0,19.1,705.0
115080972,0,E,debt_consolidation,RENT,< 1 year,105000.0,19.74,690.0
115084505,0,B,other,RENT,2 years,75000.0,22.59,755.0
115096252,0,C,major_purchase,RENT,,10000.0,28.45,660.0
115104594,0,G,credit_card,RENT,10+ years,98000.0,19.23,660.0
115149512,0,B,debt_consolidation,RENT,5 years,57000.0,8.38,660.0
115175797,0,A,debt_consolidation,MORTGAGE,10+ years,90000.0,10.27,745.0
115177279,0,F,other,OWN,4 years,27000.0,23.69,685.0
115233469,0,G,debt_consolidation,RENT,6 years,148000.0,18.79,660.0
115236113,0,G,debt_consolidation,RENT,1 year,55000.0,19.62,690.0
115249145,0,E,credit_card,RENT,1 year,45000.0,18.74,690.0
115350303,0,G,debt_consolidation,MORTGAGE,,73678.0,9.24,660.0
115359795,0,G,debt_consolidation,MORTGAGE,< 1 year,65000.0,47.27,665.0
115360371,0,G,other,RENT,8 years,48000.0,23.88,700.0
115384818,0,A,debt_consolidation,RENT,3 years,80000.0,9.71,695.0
115388815,0,D,other,MORTGAGE,1 year,115000.0,14.83,675.0
115394911,0,C,debt_consolidation,MORTGAGE,10+ years,22000.0,25.15,670.0
115467549,0,G,debt_consolidation,RENT,3 years,37752.0,22.0,680.0
115647522,0,G,debt_consolidation,RENT,2 years,62000.0,18.97,660.0
115647629,0,D,other,RENT,10+ years,90852.0,3.99,660.0
115701767,1,D,credit_card,MORTGAGE,10+ years,51000.0,29.11,685.0
115702345,0,G,debt_consolidation,MORTGAGE,10+ years,89009.0,32.1,680.0
115707520,0,D,debt_consolidation,RENT,2 years,34500.0,25.7,700.0
115715545,0,C,debt_consolidation,MORTGAGE,1 year,39999.0,32.7,685.0
116154114,0,A,other,MORTGAGE,< 1 year,125000.0,7.07,775.0
116250279,0,C,debt_consolidation,MORTGAGE,3 years,100000.0,8.65,675.0
116259601,0,A,home_improvement,MORTGAGE,7 years,111000.0,18.04,720.0
116265638,0,F,debt_consolidation,MORTGAGE,10+ years,37000.0,15.6,720.0
116271411,0,D,debt_consolidation,RENT,10+ years,104400.0,16.61,680.0
116523243,0,C,debt_consolidation,MORTGAGE,9 years,80000.0,23.34,680.0
116524284,0,C,credit_card,MORTGAGE,2 years,200000.0,12.98,695.0
116596959,0,D,credit_card,MORTGAGE,10+ years,70000.0,16.53,670.0
116610020,0,F,home_improvement,MORTGAGE,7 years,179380.0,16.64,660.0
116612780,0,F,debt_consolidation,MORTGAGE,4 years,55000.0,25.09,665.0
116772451,0,G,other,RENT,8 years,45000.0,21.04,690.0
116803768,0,G,credit_card,RENT,10+ years,165756.0,33.74,665.0
116816928,0,C,debt_consolidation,MORTGAGE,8 years,72000.0,17.61,700.0
116827551,0,B,debt_consolidation,MORTGAGE,10+ years,88540.0,10.41,665.0
116828261,0,G,debt_consolidation,RENT,< 1 year,43000.0,34.3,690.0
116845022,0,G,small_business,MORTGAGE,10+ years,72000.0,23.78,700.0
116867621,0,A,debt_consolidation,MORTGAGE,10+ years,72000.0,25.48,700.0
116870846,0,D,credit_card,RENT,5 years,130000.0,28.95,665.0
116878437,0,F,other,RENT,10+ years,45000.0,2.24,670.0
116880925,0,G,debt_consolidation,RENT,7 years,36000.0,5.27,690.0
116882289,0,G,home_improvement,MORTGAGE,10+ years,96000.0,16.65,685.0
116926767,0,G,debt_consolidation,RENT,10+ years,37377.0,33.65,675.0
117000246,0,G,debt_consolidation,RENT,1 year,111000.0,23.12,675.0
117191383,0,G,debt_consolidation,RENT,,2500.0,240.87,690.0
117218341,0,D,debt_consolidation,RENT,10+ years,42000.0,34.2,695.0
117220388,0,F,credit_card,MORTGAGE,10+ years,265075.0,10.24,665.0
117226284,0,B,debt_consolidation,OWN,10+ years,40000.0,30.82,725.0
117237165,0,A,credit_card,RENT,4 years,123000.0,13.59,790.0
117238443,0,G,credit_card,MORTGAGE,10+ years,54000.0,9.42,660.0
117249462,0,E,debt_consolidation,RENT,7 years,78000.0,22.38,695.0
117498386,0,B,debt_consolidation,MORTGAGE,10+ years,90000.0,21.65,660.0
117844668,0,D,debt_consolidation,RENT,5 years,76000.0,14.87,670.0
117851089,0,D,debt_consolidation,RENT,10+ years,51000.0,27.86,690.0
117875389,0,G,other,MORTGAGE,5 years,38675.0,30.32,675.0
117879735,0,G,debt_consolidation,MORTGAGE,10+ years,87000.0,20.94,665.0
117897155,0,F,other,RENT,5 years,25000.0,33.85,710.0
117957020,1,E,other,RENT,2 years,46800.0,21.92,700.0
118028815,0,D,debt_consolidation,MORTGAGE,10+ years,70000.0,33.96,660.0
118068950,0,G,credit_card,OWN,1 year,137500.0,26.63,665.0
118076835,0,A,debt_consolidation,MORTGAGE,10+ years,110000.0,13.06,720.0
118126867,0,C,debt_consolidation,MORTGAGE,,44000.0,29.16,715.0
118154965,0,G,small_business,RENT,< 1 year,25000.0,79.5,680.0
118157215,0,D,debt_consolidation,MORTGAGE,10+ years,160000.0,24.56,665.0
118161950,0,E,credit_card,MORTGAGE,8 years,65000.0,43.11,680.0
118162782,0,B,debt_consolidation,MORTGAGE,< 1 year,69000.0,24.73,745.0
118180443,0,G,major_purchase,OWN,< 1 year,66000.0,22.69,705.0
118183437,0,F,debt_consolidation,RENT,10+ years,65000.0,10.71,675.0
118191769,0,E,debt_consolidation,RENT,,39000.0,28.34,685.0
118206476,0,A,debt_consolidation,RENT,< 1 year,30000.0,2.0,725.0
118209590,0,E,other,RENT,5 years,85000.0,10.07,665.0
118219427,0,B,debt_consolidation,RENT,,55000.0,18.96,670.0
118223959,0,C,debt_consolidation,MORTGAGE,10+ years,57000.0,19.77,705.0
118231566,0,G,debt_consolidation,RENT,10+ years,400000.0,17.81,680.0
118246071,0,A,home_improvement,MORTGAGE,4 years,60000.0,28.28,730.0
118312733,0,B,debt_consolidation,RENT,10+ years,120000.0,16.58,755.0
118323393,0,G,debt_consolidation,OWN,10+ years,42000.0,28.74,665.0
118325126,0,G,home_improvement,MORTGAGE,8 years,104220.0,31.34,725.0
118331789,0,F,debt_consolidation,OWN,10+ years,100000.0,28.01,685.0
118437558,0,B,credit_card,RENT,8 years,55000.0,29.46,690.0
118557253,0,E,debt_consolidation,MORTGAGE,10+ years,75000.0,22.42,670.0
118605288,0,B,debt_consolidation,MORTGAGE,3 years,54595.0,27.79,705.0
118617159,0,F,debt_consolidation,RENT,10+ years,30000.0,32.76,680.0
118645378,0,E,other,RENT,4 years,80000.0,12.45,705.0
118675909,0,A,credit_card,RENT,2 years,55000.0,22.91,700.0
118677512,0,G,debt_consolidation,RENT,4 years,45000.0,19.49,670.0
118983408,0,D,major_purchase,OWN,5 years,39000.0,14.16,660.0
119034932,0,E,major_purchase,OWN,3 years,145000.0,1.15,675.0
119044492,0,E,other,RENT,< 1 year,30000.0,20.2,725.0
119221315,0,F,debt_consolidation,OWN,10+ years,45000.0,47.47,670.0
119231246,0,D,debt_consolidation,MORTGAGE,3 years,80000.0,20.07,715.0
119246548,0,G,debt_consolidation,RENT,6 years,48000.0,24.4,675.0
119248329,0,G,debt_consolidation,OWN,4 years,52000.0,27.39,660.0
119266677,0,B,debt_consolidation,RENT,5 years,47500.0,14.73,680.0
119280211,0,A,other,RENT,3 years,28000.0,31.25,725.0
119282953,0,D,debt_consolidation,RENT,1 year,32000.0,27.42,700.0
119296842,0,B,debt_consolidation,RENT,6 years,103060.0,32.58,680.0
119299984,0,G,debt_consolidation,OWN,3 years,31000.0,14.32,660.0
119301342,0,B,home_improvement,OWN,7 years,150000.0,15.47,700.0
119302819,1,F,debt_consolidation,OWN,,46200.0,18.21,725.0
119307619,0,F,debt_consolidation,MORTGAGE,1 year,140000.0,10.64,675.0
119336653,0,C,debt_consolidation,MORTGAGE,< 1 year,0.0,,720.0
119337453,0,A,debt_consolidation,RENT,10+ years,60000.0,14.9,685.0
119344895,1,F,debt_consolidation,MORTGAGE,10+ years,53758.0,33.24,680.0
119345285,0,D,debt_consolidation,OWN,9 years,112000.0,26.12,690.0
119358289,0,C,debt_consolidation,RENT,5 years,100000.0,22.62,665.0
119360032,0,B,debt_consolidation,RENT,10+ years,70000.0,28.81,760.0
119365184,0,F,debt_consolidation,RENT,8 years,82000.0,33.68,665.0
119369452,0,B,credit_card,MORTGAGE,4 years,85000.0,8.25,705.0
119381054,0,B,debt_consolidation,MORTGAGE,9 years,45000.0,5.92,665.0
119387467,0,C,credit_card,MORTGAGE,10+ years,123000.0,15.8,695.0
119388251,0,E,debt_consolidation,RENT,3 years,20000.0,31.51,695.0
119413613,0,G,debt_consolidation,MORTGAGE,,20400.0,82.82,680.0
119505481,0,F,home_improvement,OWN,1 year,30000.0,4.96,695.0
119692082,0,B,debt_consolidation,RENT,,53000.0,14.11,690.0
119698068,0,C,debt_consolidation,MORTGAGE,< 1 year,74256.0,4.67,695.0
119810270,0,G,car,MORTGAGE,2 years,120000.0,14.26,695.0
119821026,0,B,credit_card,MORTGAGE,10+ years,93000.0,6.32,680.0
119898646,0,B,debt_consolidation,RENT,2 years,75000.0,13.28,695.0
119957195,0,D,debt_consolidation,RENT,10+ years,50000.0,27.8,670.0
119957485,0,D,home_improvement,MORTGAGE,10+ years,91900.0,18.69,660.0
119958342,0,E,debt_consolidation,MORTGAGE,< 1 year,225000.0,8.63,680.0
119974306,0,G,debt_consolidation,RENT,2 years,55000.0,19.57,670.0
119988211,0,G,credit_card,OWN,,46142.0,8.79,740.0
119991549,0,G,debt_consolidation,MORTGAGE,10+ years,105000.0,15.9,660.0
120000217,0,F,credit_card,RENT,,41943.36,33.76,665.0
120005057,0,G,other,MORTGAGE,6 years,55000.0,37.86,760.0
120021927,0,F,debt_consolidation,RENT,< 1 year,29000.0,4.68,665.0
120025212,0,G,home_improvement,MORTGAGE,10+ years,61000.0,21.37,675.0
120034915,0,D,debt_consolidation,OWN,,1982.0,47.92,680.0
120036379,0,E,credit_card,OWN,,46000.0,9.31,660.0
120140203,0,A,credit_card,MORTGAGE,2 years,225000.0,27.74,790.0
120141235,0,A,debt_consolidation,MORTGAGE,10+ years,119400.0,15.48,730.0
120142894,0,D,debt_consolidation,MORTGAGE,10+ years,200000.0,24.99,710.0
120152445,0,E,debt_consolidation,RENT,7 years,59000.0,11.72,660.0
120152552,0,E,credit_card,MORTGAGE,10+ years,75000.0,22.54,685.0
120162695,0,G,debt_consolidation,OWN,10+ years,125000.0,5.19,660.0
120189318,0,C,credit_card,MORTGAGE,10+ years,63000.0,26.93,685.0
120207964,0,G,credit_card,MORTGAGE,10+ years,151000.0,27.69,665.0
120211167,0,E,debt_consolidation,RENT,< 1 year,90000.0,9.8,720.0
120216656,0,G,credit_card,RENT,3 years,75000.0,13.35,665.0
120216986,0,C,debt_consolidation,MORTGAGE,< 1 year,130000.0,22.83,740.0
120230292,0,G,debt_consolidation,MORTGAGE,5 years,120000.0,9.33,665.0
120234284,0,E,other,RENT,10+ years,42000.0,24.51,660.0
120253426,0,G,debt_consolidation,MORTGAGE,10+ years,55000.0,33.71,670.0
120275483,0,C,credit_card,RENT,2 years,100000.0,10.85,660.0
120403960,0,A,debt_consolidation,RENT,2 years,36000.0,5.53,720.0
120579803,0,C,credit_card,RENT,1 year,28320.0,20.59,665.0
120584888,0,B,credit_card,MORTGAGE,6 years,80000.0,36.44,710.0
120590480,0,C,other,MORTGAGE,7 years,52000.0,20.77,660.0
120610695,0,C,credit_card,MORTGAGE,< 1 year,110000.0,15.45,675.0
120629131,0,D,debt_consolidation,RENT,5 years,65000.0,21.03,670.0
120642535,0,C,credit_card,MORTGAGE,< 1 year,50000.0,26.01,680.0
120654619,0,C,credit_card,MORTGAGE,< 1 year,100000.0,20.68,720.0
120889676,0,B,debt_consolidation,MORTGAGE,,67000.0,24.07,720.0
120944468,0,F,debt_consolidation,RENT,2 years,68000.0,29.66,690.0
121201631,0,D,other,RENT,1 year,40000.0,1.62,670.0
121232949,0,B,credit_card,RENT,2 years,70000.0,10.22,670.0
121280826,0,A,debt_consolidation,MORTGAGE,7 years,150000.0,15.81,775.0
121291369,0,D,home_improvement,MORTGAGE,< 1 year,60000.0,9.34,660.0
121321199,0,D,credit_card,MORTGAGE,< 1 year,35000.0,15.43,680.0
121335363,0,A,debt_consolidation,RENT,2 years,36000.0,16.93,725.0
121359340,1,G,other,RENT,10+ years,96000.0,9.13,675.0
121373731,0,G,debt_consolidation,MORTGAGE,,30000.0,142.64,665.0
121378956,0,C,credit_card,RENT,10+ years,149000.0,17.07,710.0
121379542,0,E,credit_card,RENT,10+ years,40000.0,15.81,685.0
121386997,0,D,debt_consolidation,MORTGAGE,,31955.0,18.63,670.0
121390101,0,A,home_improvement,MORTGAGE,6 years,120000.0,14.99,775.0
121392224,0,G,home_improvement,OWN,10+ years,100000.0,26.54,660.0
121714969,0,C,debt_consolidation,MORTGAGE,6 years,108000.0,12.26,705.0
121718129,0,A,credit_card,MORTGAGE,10+ years,194000.0,16.05,715.0
121722351,1,G,other,MORTGAGE,5 years,45000.0,24.16,685.0
121774670,0,E,debt_consolidation,RENT,3 years,34000.0,53.97,690.0
121799818,0,A,credit_card,MORTGAGE,10+ years,75000.0,25.06,665.0
121810765,0,C,medical,MORTGAGE,10+ years,85000.0,9.78,665.0
121828121,0,A,debt_consolidation,RENT,10+ years,52000.0,24.81,725.0
121833872,0,G,credit_card,RENT,10+ years,70000.0,36.34,710.0
121837934,0,G,debt_consolidation,RENT,4 years,50000.0,12.46,680.0
121926083,0,G,debt_consolidation,RENT,10+ years,66000.0,8.09,660.0
122191817,1,E,renewable_energy,RENT,4 years,48000.0,27.8,665.0
122201146,0,F,other,MORTGAGE,3 years,150000.0,15.37,720.0
122206514,0,B,debt_consolidation,MORTGAGE,10+ years,290000.0,20.58,690.0
122240435,0,B,debt_consolidation,RENT,9 years,150000.0,5.99,720.0
122244754,0,B,debt_consolidation,MORTGAGE,10+ years,110000.0,22.75,715.0
122273040,1,C,credit_card,RENT,4 years,32000.0,26.73,680.0
122324372,0,C,debt_consolidation,RENT,10+ years,75000.0,36.78,755.0
122341149,0,C,debt_consolidation,MORTGAGE,< 1 year,60000.0,15.24,755.0
122665549,0,G,debt_consolidation,RENT,< 1 year,275000.0,9.72,660.0
122686336,0,G,debt_consolidation,MORTGAGE,10+ years,105000.0,33.95,675.0
123022347,0,C,debt_consolidation,MORTGAGE,10+ years,60000.0,26.78,710.0
123027504,0,B,debt_consolidation,MORTGAGE,4 years,58500.0,8.66,670.0
123036223,0,A,credit_card,RENT,1 year,42000.0,30.89,715.0
123061920,0,B,home_improvement,MORTGAGE,< 1 year,195000.0,3.87,770.0
123326536,0,A,credit_card,MORTGAGE,5 years,175000.0,9.13,690.0
123590032,0,A,debt_consolidation,MORTGAGE,9 years,130000.0,10.65,760.0
123613927,0,A,car,OWN,10+ years,50000.0,31.82,775.0
123886493,0,A,home_improvement,MORTGAGE,10+ years,105000.0,16.66,710.0
123890168,0,A,home_improvement,MORTGAGE,6 years,130000.0,5.67,750.0
123961020,0,B,other,RENT,2 years,150000.0,7.82,730.0
123973751,0,D,credit_card,RENT,4 years,85000.0,17.34,685.0
123987911,0,E,debt_consolidation,RENT,3 years,28000.0,58.21,690.0
123991714,0,A,home_improvement,MORTGAGE,5 years,60000.0,25.64,730.0
124000698,0,D,debt_consolidation,RENT,2 years,135000.0,26.83,670.0
124041904,0,A,credit_card,MORTGAGE,,45000.0,15.84,780.0
124050556,0,E,debt_consolidation,MORTGAGE,10+ years,42500.0,40.13,705.0
124083077,0,A,other,OWN,10+ years,40000.0,0.52,805.0
124088890,0,D,other,OWN,4 years,65000.0,19.49,690.0
124092770,0,E,debt_consolidation,MORTGAGE,3 years,55000.0,23.67,675.0
124100714,0,D,moving,OWN,,48000.0,38.25,680.0
124141608,0,D,debt_consolidation,RENT,,28526.0,17.21,670.0
124141902,0,F,credit_card,MORTGAGE,10+ years,85000.0,23.24,675.0
124149252,0,D,debt_consolidation,MORTGAGE,2 years,160000.0,17.49,685.0
124151837,0,D,debt_consolidation,RENT,8 years,32000.0,18.99,680.0
124742262,0,B,credit_card,OWN,7 years,30000.0,6.12,700.0
124785249,0,G,debt_consolidation,MORTGAGE,10+ years,24000.0,48.6,735.0
124878699,0,B,credit_card,MORTGAGE,10+ years,26000.0,35.88,715.0
124965108,0,B,home_improvement,MORTGAGE,7 years,80000.0,24.24,720.0
124983565,0,D,debt_consolidation,MORTGAGE,7 years,55000.0,30.81,675.0
125050044,0,B,debt_consolidation,RENT,10+ years,100500.0,23.76,660.0
125068858,0,A,debt_consolidation,MORTGAGE,5 years,60000.0,11.08,725.0
125069348,0,A,debt_consolidation,MORTGAGE,10+ years,72000.0,25.67,805.0
125090013,0,C,credit_card,RENT,4 years,80000.0,9.57,710.0
125131220,0,D,other,RENT,,46000.0,37.46,660.0
125137752,0,A,debt_consolidation,RENT,8 years,30000.0,3.8,785.0
125153420,1,E,debt_consolidation,RENT,10+ years,60000.0,30.86,710.0
125164636,0,C,debt_consolidation,RENT,2 years,42000.0,35.17,705.0
125177913,0,D,home_improvement,MORTGAGE,,96000.0,11.78,660.0
125197028,0,A,debt_consolidation,RENT,10+ years,40000.0,21.85,720.0
125221515,0,E,debt_consolidation,MORTGAGE,10+ years,90000.0,17.5,680.0
125267510,0,D,debt_consolidation,OWN,10+ years,95000.0,6.05,675.0
125288051,0,B,debt_consolidation,RENT,< 1 year,22000.0,5.56,670.0
125308670,0,D,house,RENT,10+ years,80000.0,21.32,755.0
125347386,0,C,debt_consolidation,MORTGAGE,10+ years,128000.0,11.09,665.0
125391535,0,E,debt_consolidation,OWN,4 years,70000.0,20.08,690.0
125470336,0,A,debt_consolidation,RENT,3 years,30000.0,13.76,785.0
125582308,0,A,debt_consolidation,OWN,10+ years,100000.0,12.07,725.0
125676740,0,A,home_improvement,MORTGAGE,1 year,65000.0,14.01,735.0
125701225,0,B,other,RENT,1 year,80000.0,10.07,705.0
125707604,0,C,car,OWN,10+ years,75000.0,7.79,680.0
125718157,0,A,credit_card,MORTGAGE,10+ years,65000.0,5.76,700.0
125727307,0,D,debt_consolidation,RENT,4 years,45000.0,10.27,690.0
125729849,0,E,debt_consolidation,MORTGAGE,3 years,60000.0,18.58,695.0
125738909,0,D,debt_consolidation,RENT,< 1 year,110000.0,14.82,670.0
125786911,0,B,debt_consolidation,MORTGAGE,10+ years,161000.0,33.04,700.0
125810305,0,C,credit_card,OWN,,25000.0,20.88,660.0
125827470,0,F,debt_consolidation,RENT,< 1 year,22000.0,66.08,690.0
125892345,0,D,debt_consolidation,MORTGAGE,10+ years,150000.0,9.46,675.0
125941317,0,A,debt_consolidation,MORTGAGE,10+ years,63000.0,9.22,825.0
125945218,0,D,credit_card,RENT,10+ years,150000.0,11.67,740.0
125952109,0,C,credit_card,MORTGAGE,10+ years,85000.0,8.39,675.0
125957989,0,A,car,OWN,5 years,215000.0,4.96,705.0
126028953,0,A,credit_card,RENT,10+ years,160000.0,20.16,720.0
126070740,0,D,debt_consolidation,RENT,10+ years,98000.0,33.94,680.0
126073197,0,E,debt_consolidation,RENT,3 years,49500.0,12.09,690.0
126154600,0,B,vacation,OWN,10+ years,126000.0,13.83,670.0
126193819,0,A,small_business,MORTGAGE,3 years,100000.0,13.37,715.0
126205077,0,B,debt_consolidation,RENT,10+ years,70000.0,26.89,690.0
126231751,0,A,debt_consolidation,OWN,9 years,118000.0,5.14,690.0
126267389,0,B,debt_consolidation,MORTGAGE,10+ years,40000.0,3.54,710.0
126282762,0,C,other,OWN,10+ years,75000.0,19.23,770.0
126289277,0,B,debt_consolidation,MORTGAGE,8 years,210000.0,11.85,690.0
126300507,0,B,debt_consolidation,OWN,10+ years,56000.0,38.86,770.0
126376310,0,E,major_purchase,MORTGAGE,7 years,108000.0,16.7,700.0
126376900,0,F,debt_consolidation,MORTGAGE,10+ years,65000.0,14.7,685.0
126381526,0,F,credit_card,RENT,10+ years,76200.0,16.9,665.0
126415004,0,B,debt_consolidation,RENT,,30000.0,3.68,680.0
126420222,0,C,home_improvement,MORTGAGE,10+ years,57000.0,13.51,675.0
126467584,0,B,credit_card,RENT,4 years,58289.49,12.89,715.0
126472442,0,A,debt_consolidation,MORTGAGE,< 1 year,90000.0,17.76,745.0
126573586,0,D,debt_consolidation,OWN,10+ years,30000.0,6.4,695.0
126626553,0,A,debt_consolidation,OWN,,40000.0,25.62,685.0
126688508,0,B,home_improvement,MORTGAGE,2 years,72000.0,17.67,735.0
126689714,0,F,debt_consolidation,MORTGAGE,3 years,57000.0,28.48,680.0
126760417,0,A,credit_card,MORTGAGE,10+ years,40000.0,14.25,740.0
126796856,0,A,debt_consolidation,MORTGAGE,2 years,21496.0,6.92,725.0
126817151,0,A,debt_consolidation,RENT,3 years,125000.0,12.37,740.0
126817852,1,E,home_improvement,MORTGAGE,10+ years,75000.0,15.23,710.0
126832974,0,A,debt_consolidation,OWN,10+ years,57500.0,38.7,710.0
126856905,0,D,home_improvement,MORTGAGE,4 years,100000.0,17.59,675.0
126866399,0,D,debt_consolidation,RENT,10+ years,90000.0,17.41,680.0
126902999,0,A,debt_consolidation,RENT,6 years,90000.0,13.19,705.0
126912132,0,A,debt_consolidation,MORTGAGE,8 years,48560.0,10.49,735.0
126963722,0,D,major_purchase,MORTGAGE,10+ years,90000.0,5.2,675.0
127020855,0,D,credit_card,MORTGAGE,8 years,50000.0,33.84,795.0
127024211,0,A,credit_card,RENT,,0.0,,750.0
127033641,0,A,debt_consolidation,RENT,< 1 year,40000.0,6.96,735.0
127051114,0,A,credit_card,RENT,< 1 year,94000.0,23.87,745.0
127053802,0,E,credit_card,OWN,,12000.0,14.6,685.0
127097343,0,E,other,RENT,10+ years,80000.0,14.72,700.0
127148540,0,C,debt_consolidation,RENT,10+ years,115000.0,19.45,715.0
127168064,0,A,other,MORTGAGE,4 years,65000.0,18.0,740.0
127188355,0,D,debt_consolidation,MORTGAGE,4 years,74000.0,19.91,695.0
127262251,0,B,home_improvement,RENT,3 years,42000.0,2.7,690.0
127295971,0,F,debt_consolidation,MORTGAGE,4 years,92086.0,21.69,730.0
127369633,0,E,debt_consolidation,RENT,6 years,64000.0,23.83,660.0
127372219,0,A,major_purchase,RENT,10+ years,95000.0,6.86,720.0
127508157,0,A,credit_card,MORTGAGE,10+ years,210000.0,18.12,710.0
127526746,0,D,credit_card,RENT,5 years,24000.0,20.15,665.0
127589770,0,A,medical,MORTGAGE,10+ years,220000.0,10.49,790.0
127646467,0,D,debt_consolidation,RENT,4 years,85000.0,24.0,760.0
127703750,0,A,moving,RENT,3 years,130000.0,0.46,795.0
127705899,0,D,debt_consolidation,RENT,10+ years,40000.0,31.02,680.0
127798465,0,A,debt_consolidation,MORTGAGE,4 years,100500.0,10.6,730.0
127897361,0,C,debt_consolidation,RENT,9 years,18500.0,19.99,695.0
127911398,0,B,credit_card,RENT,9 years,42500.0,22.23,735.0
127969688,0,C,debt_consolidation,RENT,,34800.0,33.97,670.0
128022617,0,A,debt_consolidation,MORTGAGE,3 years,121398.0,24.45,780.0
128085755,0,A,credit_card,RENT,10+ years,38000.0,6.35,765.0
128132781,1,D,home_improvement,OWN,10+ years,48000.0,18.43,660.0
128194881,0,A,credit_card,MORTGAGE,3 years,138000.0,31.71,710.0
128216772,0,C,other,MORTGAGE,10+ years,70000.0,15.77,660.0
128220697,0,A,medical,MORTGAGE,6 years,50338.0,1.19,815.0
128234268,0,D,other,OWN,3 years,155000.0,13.93,680.0
128237310,0,A,credit_card,MORTGAGE,10+ years,58000.0,21.52,775.0
128269247,0,B,debt_consolidation,OWN,10+ years,113000.0,9.69,695.0
128358376,0,E,major_purchase,RENT,2 years,35000.0,72.51,665.0
128373256,0,B,small_business,OWN,,45000.0,1.89,795.0
128491305,0,A,debt_consolidation,RENT,7 years,70000.0,20.06,720.0
128492781,0,B,debt_consolidation,RENT,3 years,57200.0,28.91,750.0
128554781,0,A,credit_card,MORTGAGE,10+ years,65000.0,13.85,685.0
128556337,0,B,major_purchase,RENT,< 1 year,80000.0,5.12,755.0
128563007,0,B,debt_consolidation,MORTGAGE,1 year,98000.0,6.15,790.0
128625842,0,D,debt_consolidation,MORTGAGE,10+ years,95000.0,21.83,685.0
128662495,0,D,debt_consolidation,OWN,2 years,40000.0,22.39,715.0
128783483,0,E,home_improvement,OWN,,13812.0,68.03,695.0
128837393,0,B,debt_consolidation,MORTGAGE,10+ years,40000.0,20.67,800.0
128838363,0,C,credit_card,MORTGAGE,7 years,46000.0,31.31,660.0
128896798,0,D,debt_consolidation,MORTGAGE,7 years,54000.0,18.33,665.0
128914913,1,E,debt_consolidation,MORTGAGE,10+ years,90000.0,34.55,690.0
128981819,0,C,debt_consolidation,MORTGAGE,10+ years,40000.0,7.56,665.0
128997390,0,E,debt_consolidation,RENT,< 1 year,15600.0,26.92,690.0
129003736,0,D,debt_consolidation,MORTGAGE,2 years,35360.0,30.45,660.0
129045213,0,E,debt_consolidation,MORTGAGE,2 years,50000.0,32.21,675.0
129092521,0,G,other,RENT,< 1 year,86000.0,29.19,700.0
129129750,0,C,debt_consolidation,RENT,< 1 year,172498.0,28.68,705.0
129170399,0,A,major_purchase,RENT,2 years,60000.0,5.31,735.0
129222011,0,A,debt_consolidation,RENT,1 year,30000.0,17.88,760.0
129232377,0,G,debt_consolidation,RENT,3 years,55000.0,22.08,700.0
129337498,0,E,debt_consolidation,RENT,2 years,48000.0,16.55,690.0
129354139,0,C,other,RENT,2 years,50570.0,18.25,660.0
129360649,0,A,debt_consolidation,RENT,7 years,52000.0,12.88,785.0
129370956,0,B,major_purchase,RENT,2 years,75000.0,28.8,710.0
129405189,0,C,home_improvement,MORTGAGE,10+ years,140000.0,11.63,700.0
129435610,0,C,debt_consolidation,MORTGAGE,1 year,54000.0,41.02,660.0
129464380,0,A,major_purchase,OWN,10+ years,65997.0,21.49,785.0
129528069,0,D,credit_card,RENT,< 1 year,165000.0,31.73,695.0
129591365,0,A,debt_consolidation,RENT,7 years,52000.0,8.52,785.0
129622998,0,D,other,MORTGAGE,2 years,47500.0,52.23,715.0
129662585,0,B,debt_consolidation,RENT,8 years,125000.0,21.31,680.0
129668630,0,C,credit_card,RENT,6 years,20000.0,26.11,675.0
129686778,0,G,debt_consolidation,MORTGAGE,1 year,61000.0,31.09,675.0
129751228,0,C,credit_card,MORTGAGE,2 years,120000.0,15.39,680.0
129800562,0,A,credit_card,RENT,4 years,145000.0,15.01,710.0
129802476,0,C,debt_consolidation,RENT,4 years,40000.0,9.09,660.0
129827326,0,C,credit_card,MORTGAGE,,44000.0,24.09,690.0
129925900,1,D,home_improvement,OWN,10+ years,175000.0,22.37,690.0
129969927,0,F,credit_card,MORTGAGE,10+ years,29000.0,25.06,665.0
129975574,0,A,moving,RENT,10+ years,47000.0,15.76,765.0
130022955,0,E,debt_consolidation,RENT,2 years,50000.0,33.46,700.0
130032620,1,E,debt_consolidation,RENT,10+ years,79000.0,16.59,710.0
130096157,0,B,other,MORTGAGE,10+ years,115000.0,19.17,750.0
130097548,0,B,credit_card,MORTGAGE,< 1 year,48000.0,46.28,680.0
130113498,0,E,debt_consolidation,MORTGAGE,9 years,95000.0,16.4,695.0
130127705,0,E,debt_consolidation,MORTGAGE,10+ years,130000.0,17.87,660.0
130141977,0,G,credit_card,MORTGAGE,10+ years,38000.0,29.91,750.0
130148497,0,A,debt_consolidation,RENT,4 years,48000.0,10.6,730.0
130238112,0,C,credit_card,MORTGAGE,6 years,45000.0,16.37,680.0
130249971,0,A,other,MORTGAGE,6 years,80000.0,19.49,745.0
130331807,0,B,credit_card,RENT,2 years,65000.0,6.3,660.0
130373978,0,E,house,RENT,4 years,72000.0,20.85,680.0
130378480,0,A,debt_consolidation,OWN,4 years,42000.0,22.86,800.0
130395791,0,B,credit_card,RENT,,37000.0,20.3,695.0
130406169,0,E,debt_consolidation,RENT,4 years,26000.0,10.53,715.0
130410651,0,B,debt_consolidation,MORTGAGE,2 years,40000.0,25.05,715.0
130511088,0,B,debt_consolidation,MORTGAGE,10+ years,110000.0,8.05,770.0
130530605,0,A,credit_card,MORTGAGE,10+ years,44000.0,39.42,700.0
130558752,0,B,debt_consolidation,RENT,10+ years,39000.0,33.82,680.0
130562128,0,C,home_improvement,MORTGAGE,10+ years,250000.0,3.23,705.0
130708000,0,D,debt_consolidation,RENT,6 years,39000.0,37.23,670.0
130748108,0,D,credit_card,MORTGAGE,5 years,53000.0,35.39,720.0
130789653,0,G,debt_consolidation,MORTGAGE,,0.0,,730.0
130795983,0,A,debt_consolidation,RENT,9 years,40000.0,26.79,740.0
130889430,0,B,debt_consolidation,MORTGAGE,3 years,160000.0,5.63,735.0
130915093,0,B,debt_consolidation,RENT,1 year,30000.0,24.04,700.0
131003086,0,B,debt_consolidation,RENT,10+ years,90000.0,15.48,700.0
131061874,1,E,debt_consolidation,RENT,7 years,62000.0,15.33,685.0
131072272,0,D,debt_consolidation,MORTGAGE,6 years,80000.0,20.15,715.0
131079707,0,F,debt_consolidation,RENT,8 years,52000.0,39.28,750.0
131107765,0,A,debt_consolidation,RENT,10+ years,69611.0,26.02,795.0
131124253,0,E,debt_consolidation,MORTGAGE,10+ years,21022.0,32.72,670.0
131206203,0,F,debt_consolidation,MORTGAGE,10+ years,145000.0,26.38,695.0
131238134,0,B,debt_consolidation,MORTGAGE,10+ years,55000.0,14.03,760.0
131269528,0,B,debt_consolidation,MORTGAGE,3 years,225000.0,17.08,685.0
131314875,0,D,vacation,MORTGAGE,10+ years,220000.0,2.15,660.0
131336762,0,E,car,RENT,10+ years,64587.0,4.72,665.0
131364117,0,C,credit_card,RENT,2 years,24000.0,15.4,675.0
131377533,0,C,credit_card,MORTGAGE,10+ years,30000.0,33.32,715.0
131388439,0,B,credit_card,RENT,7 years,125000.0,18.65,660.0
131400196,0,A,medical,MORTGAGE,,42000.0,3.66,770.0
131402963,0,D,other,RENT,,6000.0,5.0,795.0
131422399,0,E,credit_card,RENT,5 years,70000.0,25.0,695.0
131434362,0,C,credit_card,MORTGAGE,10+ years,48900.0,25.74,660.0
131508050,0,A,home_improvement,MORTGAGE,< 1 year,30000.0,24.96,700.0
131516075,0,A,credit_card,MORTGAGE,7 years,80000.0,33.18,710.0
131520838,0,C,credit_card,RENT,1 year,200000.0,9.03,665.0
131569115,0,B,debt_consolidation,MORTGAGE,2 years,88000.0,17.41,710.0
131613083,0,A,credit_card,RENT,1 year,42000.0,22.5,725.0
131629229,0,B,debt_consolidation,MORTGAGE,2 years,170000.0,9.62,685.0
131652756,0,B,debt_consolidation,RENT,10+ years,64844.48,31.26,710.0
131657405,0,F,debt_consolidation,MORTGAGE,10+ years,80000.0,33.59,680.0
131707644,0,B,debt_consolidation,OWN,10+ years,290000.0,0.14,795.0
131718764,0,A,debt_consolidation,RENT,2 years,65000.0,12.99,755.0
131724827,0,C,debt_consolidation,RENT,4 years,60000.0,27.2,710.0
131911216,0,B,home_improvement,MORTGAGE,2 years,40000.0,7.77,730.0
131992474,0,B,debt_consolidation,RENT,5 years,301260.0,6.15,680.0
132023882,0,A,other,OWN,8 years,285000.0,0.44,765.0
132054735,0,A,debt_consolidation,MORTGAGE,10+ years,115000.0,29.53,715.0
132055371,0,A,debt_consolidation,OWN,,34000.0,57.08,815.0
132061151,0,A,debt_consolidation,MORTGAGE,9 years,42000.0,35.69,685.0
132075240,0,E,credit_card,OWN,10+ years,41000.0,26.7,680.0
132113629,0,E,debt_consolidation,OWN,10+ years,40000.0,49.26,675.0
132156091,0,D,debt_consolidation,MORTGAGE,1 year,275000.0,11.16,715.0
132180710,0,B,debt_consolidation,OWN,,50000.0,15.12,790.0
132244401,0,D,other,RENT,10+ years,60008.0,24.0,670.0
132290293,0,F,debt_consolidation,RENT,10+ years,30000.0,36.88,695.0
132308704,0,E,moving,RENT,,39360.0,55.88,665.0
132310973,0,A,debt_consolidation,OWN,7 years,85000.0,7.7,765.0
132319211,0,E,debt_consolidation,RENT,4 years,75000.0,17.63,690.0
132352291,0,A,debt_consolidation,RENT,2 years,53000.0,14.56,660.0
132367064,0,C,home_improvement,MORTGAGE,2 years,106772.0,28.8,700.0
132383742,0,E,debt_consolidation,RENT,3 years,49785.0,36.79,670.0
132395394,0,C,credit_card,MORTGAGE,5 years,84000.0,26.73,725.0
132401103,0,C,credit_card,MORTGAGE,8 years,70000.0,26.42,700.0
132402030,0,A,credit_card,RENT,3 years,35000.0,11.21,685.0
132429923,0,F,home_improvement,RENT,3 years,67000.0,5.84,675.0
132436331,0,D,debt_consolidation,MORTGAGE,8 years,37000.0,36.07,670.0
132457692,0,A,other,OWN,10+ years,98100.0,13.28,825.0
132472321,0,A,vacation,RENT,1 year,64800.0,11.22,695.0
132483821,0,C,credit_card,RENT,10+ years,60000.0,32.74,765.0
132515144,0,A,house,OWN,10+ years,80000.0,11.64,700.0
132516903,0,B,debt_consolidation,MORTGAGE,10+ years,45000.0,11.2,670.0
132582887,0,B,house,MORTGAGE,,56000.0,9.49,695.0
132594986,0,C,debt_consolidation,OWN,10+ years,79300.0,26.77,710.0
132669868,0,G,debt_consolidation,OWN,,31000.0,37.79,660.0
132671673,0,C,debt_consolidation,RENT,9 years,38000.0,27.67,665.0
132763656,0,E,debt_consolidation,RENT,6 years,96000.0,21.65,670.0
132764031,0,F,major_purchase,MORTGAGE,10+ years,67000.0,23.23,670.0
132784790,0,B,credit_card,RENT,2 years,90000.0,20.43,725.0
132814305,0,A,debt_consolidation,RENT,10+ years,35000.0,6.31,735.0
132860231,0,D,debt_consolidation,RENT,6 years,20000.0,55.1,700.0
132875187,0,B,debt_consolidation,RENT,2 years,51000.0,8.78,715.0
132885710,0,G,credit_card,RENT,1 year,47000.0,40.65,675.0
132898310,0,E,debt_consolidation,MORTGAGE,4 years,32000.0,15.6,660.0
132921558,0,E,debt_consolidation,RENT,< 1 year,26800.0,16.08,665.0
132983711,0,B,house,OWN,10+ years,260000.0,8.42,700.0
132998139,0,A,debt_consolidation,MORTGAGE,8 years,107000.0,20.21,725.0
133039312,0,E,house,RENT,10+ years,55000.0,18.98,745.0
133077716,0,C,small_business,RENT,10+ years,75000.0,13.26,710.0
133130279,0,A,debt_consolidation,MORTGAGE,,33000.0,12.98,740.0
133208690,0,C,debt_consolidation,MORTGAGE,10+ years,130000.0,26.21,715.0
133211024,0,B,debt_consolidation,MORTGAGE,8 years,79000.0,22.53,710.0
133314394,0,C,debt_consolidation,RENT,1 year,14000.0,8.58,700.0
133343274,0,F,debt_consolidation,RENT,< 1 year,38500.0,33.85,690.0
133396150,0,G,house,RENT,< 1 year,50000.0,1.44,715.0
133432186,0,A,credit_card,MORTGAGE,10+ years,65000.0,17.47,725.0
133566293,0,A,car,RENT,3 years,42000.0,12.94,780.0
133598607,0,B,major_purchase,MORTGAGE,1 year,90000.0,4.8,775.0
133629269,0,A,credit_card,MORTGAGE,< 1 year,68000.0,25.63,700.0
133631255,0,B,credit_card,MORTGAGE,2 years,65000.0,17.34,675.0
133715647,0,C,other,RENT,10+ years,47650.0,25.01,715.0
133716573,0,E,debt_consolidation,RENT,9 years,90000.0,24.63,665.0
133760657,0,B,debt_consolidation,OWN,5 years,73000.0,33.55,775.0
133761026,0,B,medical,RENT,9 years,175000.0,13.04,735.0
133802714,0,C,home_improvement,MORTGAGE,3 years,103000.0,20.55,660.0
133823303,0,B,debt_consolidation,MORTGAGE,3 years,67000.0,16.96,720.0
133829766,0,F,other,RENT,2 years,150000.0,8.46,680.0
133879960,0,D,credit_card,MORTGAGE,10+ years,52500.0,34.35,695.0
133906692,0,F,debt_consolidation,MORTGAGE,10+ years,45000.0,12.56,670.0
133943182,0,F,medical,RENT,6 years,56000.0,34.25,660.0
134006141,0,A,credit_card,OWN,10+ years,155500.0,13.02,690.0
134042125,0,A,credit_card,MORTGAGE,,55000.0,5.59,680.0
134103166,0,D,medical,RENT,10+ years,60713.0,38.29,740.0
134123225,0,A,credit_card,MORTGAGE,10+ years,90000.0,13.52,685.0
134127285,0,D,debt_consolidation,OWN,10+ years,30000.0,27.16,665.0
134142253,0,D,debt_consolidation,RENT,2 years,138000.0,4.48,670.0
134336210,0,A,debt_consolidation,MORTGAGE,< 1 year,90000.0,28.79,700.0
134359499,0,F,debt_consolidation,RENT,10+ years,59675.0,26.93,675.0
134361228,0,C,other,RENT,10+ years,90000.0,8.31,675.0
134396216,0,F,debt_consolidation,RENT,6 years,57000.0,13.54,665.0
134413283,0,A,debt_consolidation,MORTGAGE,10+ years,120000.0,17.17,725.0
134598776,0,G,home_improvement,MORTGAGE,10+ years,62000.0,19.9,700.0
134621486,0,D,debt_consolidation,RENT,2 years,30000.0,29.48,700.0
134648096,0,A,credit_card,RENT,10+ years,68000.0,31.27,725.0
134693819,0,D,debt_consolidation,MORTGAGE,,43000.0,38.79,685.0
134731410,0,A,credit_card,MORTGAGE,3 years,58000.0,12.52,690.0
134844638,0,C,other,RENT,,14000.0,3.0,700.0
134880176,0,F,debt_consolidation,MORTGAGE,4 years,42000.0,30.86,735.0
134892071,1,F,debt_consolidation,RENT,9 years,170000.0,16.35,700.0
134906148,0,A,house,MORTGAGE,8 years,155000.0,0.19,690.0
134927440,0,D,debt_consolidation,RENT,10+ years,35308.0,34.98,705.0
134955610,0,B,credit_card,RENT,,70000.0,8.61,685.0
134963392,0,E,other,MORTGAGE,10+ years,58501.0,16.62,680.0
134963756,0,A,moving,RENT,< 1 year,45000.0,17.15,760.0
134970363,0,A,medical,RENT,10+ years,64000.0,9.04,810.0
135035375,0,G,debt_consolidation,RENT,6 years,80000.0,22.85,685.0
135086600,0,F,debt_consolidation,RENT,3 years,96000.0,30.23,660.0
135108929,0,A,credit_card,MORTGAGE,7 years,160000.0,14.66,785.0
135110660,1,C,debt_consolidation,RENT,10+ years,50000.0,10.68,685.0
135128101,0,B,credit_card,MORTGAGE,5 years,45000.0,8.61,660.0
135246729,0,B,debt_consolidation,MORTGAGE,3 years,175000.0,12.68,680.0
135266305,0,C,home_improvement,MORTGAGE,10+ years,113000.0,7.7,715.0
135313191,0,D,debt_consolidation,RENT,,18000.0,32.47,660.0
135402483,0,C,debt_consolidation,MORTGAGE,10+ years,95000.0,34.77,715.0
135491047,0,B,debt_consolidation,MORTGAGE,2 years,54800.0,8.39,675.0
135553067,0,D,debt_consolidation,MORTGAGE,6 years,67500.0,22.83,665.0
135583845,0,A,credit_card,RENT,9 years,97000.0,9.87,675.0
135595439,0,C,credit_card,MORTGAGE,10+ years,59500.0,28.54,715.0
135686834,0,E,car,RENT,2 years,40800.0,6.06,660.0
135702924,0,D,other,MORTGAGE,10+ years,40000.0,5.4,675.0
135810360,0,C,vacation,RENT,10+ years,50000.0,33.39,700.0
135817141,0,C,debt_consolidation,OWN,1 year,50000.0,13.61,700.0
135898634,0,E,credit_card,OWN,10+ years,65000.0,21.53,660.0
135902470,0,B,other,OWN,4 years,84000.0,16.72,760.0
136042671,0,B,debt_consolidation,RENT,< 1 year,4160000.0,0.3,695.0
136099480,0,B,credit_card,MORTGAGE,2 years,135000.0,32.11,680.0
136174035,0,F,debt_consolidation,RENT,10+ years,103000.0,30.13,675.0
136193327,0,E,debt_consolidation,RENT,3 years,78000.0,21.28,670.0
136205417,0,A,credit_card,RENT,2 years,48800.0,11.16,750.0
136221433,0,D,credit_card,MORTGAGE,3 years,63000.0,11.49,660.0
136222860,0,B,debt_consolidation,MORTGAGE,10+ years,65000.0,9.99,720.0
136308318,0,F,other,RENT,10+ years,65000.0,28.82,675.0
136359016,0,B,credit_card,MORTGAGE,10+ years,65000.0,18.06,670.0
136361248,0,D,major_purchase,MORTGAGE,7 years,84000.0,14.17,705.0
136409702,1,B,debt_consolidation,MORTGAGE,7 years,60000.0,25.26,670.0
136456167,0,B,credit_card,RENT,4 years,72000.0,2.27,715.0
136461376,0,A,debt_consolidation,MORTGAGE,10+ years,88000.0,10.23,715.0
136467901,0,D,vacation,MORTGAGE,1 year,78000.0,33.4,690.0
136495813,0,D,debt_consolidation,MORTGAGE,10+ years,92000.0,30.09,660.0
136497154,0,C,credit_card,MORTGAGE,10+ years,136000.0,26.2,695.0
136533226,0,E,credit_card,OWN,2 years,51000.0,30.85,695.0
136547048,0,B,home_improvement,MORTGAGE,10+ years,214255.0,27.01,670.0
136551707,0,A,debt_consolidation,RENT,3 years,35000.0,18.07,730.0
136583896,0,C,credit_card,RENT,10+ years,69000.0,23.15,665.0
136606230,0,A,credit_card,MORTGAGE,4 years,52200.0,17.7,790.0
136610151,0,C,debt_consolidation,MORTGAGE,10+ years,72000.0,45.87,705.0
136625400,0,G,other,RENT,10+ years,50000.0,26.55,750.0
136635141,0,G,debt_consolidation,MORTGAGE,3 years,70000.0,35.11,675.0
136726016,0,A,credit_card,RENT,10+ years,32000.0,11.07,735.0
136745186,0,B,major_purchase,MORTGAGE,4 years,90000.0,9.41,720.0
136780048,0,A,credit_card,RENT,2 years,55000.0,11.98,705.0
136811810,0,D,debt_consolidation,RENT,1 year,42000.0,37.03,675.0
137020807,0,B,debt_consolidation,MORTGAGE,,96000.0,15.26,805.0
137040795,1,G,other,MORTGAGE,6 years,40000.0,11.88,700.0
137136634,0,E,other,RENT,3 years,136000.0,8.25,705.0
137165366,0,B,debt_consolidation,MORTGAGE,10+ years,113000.0,22.79,720.0
137233771,0,E,debt_consolidation,OWN,< 1 year,58000.0,8.71,665.0
137252942,0,D,debt_consolidation,MORTGAGE,< 1 year,50000.0,23.5,660.0
137273542,0,B,debt_consolidation,RENT,2 years,38000.0,8.29,735.0
137296734,0,B,credit_card,RENT,2 years,60000.0,17.74,705.0
137304139,0,D,medical,OWN,10+ years,45000.0,31.33,730.0
137306731,0,D,debt_consolidation,RENT,2 years,189000.0,12.26,670.0
137320000,0,B,credit_card,RENT,1 year,35000.0,6.21,700.0
137330952,0,D,credit_card,RENT,< 1 year,55000.0,10.58,670.0
137331046,0,D,moving,MORTGAGE,10+ years,52000.0,11.59,695.0
137355370,0,A,credit_card,RENT,4 years,41345.0,8.42,690.0
137356418,0,D,debt_consolidation,RENT,5 years,35000.0,26.44,690.0
137387624,0,C,home_improvement,MORTGAGE,10+ years,72000.0,20.45,695.0
137415640,0,D,debt_consolidation,RENT,2 years,35000.0,39.44,690.0
137462029,0,F,debt_consolidation,OWN,3 years,72800.0,12.18,695.0
137465443,0,B,debt_consolidation,RENT,10+ years,60000.0,31.96,670.0
137496278,1,D,debt_consolidation,RENT,2 years,45000.0,20.27,675.0
137511549,1,D,debt_consolidation,MORTGAGE,10+ years,150000.0,11.41,715.0
137630322,0,B,debt_consolidation,OWN,8 years,92000.0,12.05,815.0
137667275,0,B,debt_consolidation,RENT,1 year,45000.0,12.96,735.0
137736767,0,E,other,RENT,10+ years,149000.0,0.56,745.0
137746906,1,F,debt_consolidation,RENT,,80448.0,21.72,680.0
137812269,0,D,other,MORTGAGE,10+ years,43000.0,12.06,670.0
137883535,0,D,debt_consolidation,RENT,,19000.0,106.7,660.0
137886570,0,A,credit_card,MORTGAGE,< 1 year,70000.0,21.57,710.0
137952606,0,B,medical,RENT,10+ years,73000.0,1.74,785.0
137963223,1,E,debt_consolidation,RENT,6 years,39000.0,29.82,690.0
137975231,0,D,debt_consolidation,RENT,3 years,42800.0,5.86,705.0
138003878,0,B,debt_consolidation,RENT,< 1 year,45000.0,22.91,770.0
138013488,0,F,other,MORTGAGE,10+ years,100000.0,11.53,660.0
138032194,0,B,credit_card,OWN,10+ years,120000.0,8.01,685.0
138038734,0,C,debt_consolidation,RENT,4 years,75000.0,14.08,660.0
138054092,0,A,debt_consolidation,OWN,10+ years,35000.0,27.85,775.0
138061466,0,A,debt_consolidation,MORTGAGE,8 years,68000.0,17.35,700.0
138131549,0,B,major_purchase,RENT,7 years,210000.0,2.31,740.0
138133911,0,E,credit_card,MORTGAGE,10+ years,130000.0,17.04,675.0
138143315,0,E,other,RENT,1 year,60000.0,14.52,690.0
138146826,0,B,credit_card,MORTGAGE,< 1 year,125000.0,8.98,710.0
138209015,0,C,debt_consolidation,RENT,,22000.0,28.37,705.0
138211564,0,C,credit_card,MORTGAGE,10+ years,130000.0,24.75,715.0
138228696,0,A,debt_consolidation,MORTGAGE,1 year,103000.0,26.26,735.0
138265556,0,A,debt_consolidation,RENT,1 year,44290.0,29.59,800.0
138269573,0,A,credit_card,MORTGAGE,10+ years,140000.0,32.5,750.0
138285945,0,D,moving,RENT,3 years,80000.0,10.71,660.0
138303880,0,D,debt_consolidation,RENT,3 years,80000.0,14.42,665.0
138357393,0,D,home_improvement,MORTGAGE,7 years,70000.0,27.12,675.0
138366256,0,F,debt_consolidation,MORTGAGE,2 years,30000.0,33.14,665.0
138432276,0,F,other,RENT,< 1 year,168000.0,28.56,695.0
138442835,0,C,debt_consolidation,RENT,10+ years,31200.0,18.5,680.0
138453204,0,D,credit_card,OWN,4 years,78000.0,33.86,705.0
138487766,0,A,debt_consolidation,MORTGAGE,10+ years,82000.0,6.85,715.0
138505952,0,F,debt_consolidation,RENT,10+ years,93000.0,22.5,660.0
138513501,0,E,debt_consolidation,MORTGAGE,10+ years,145000.0,16.86,660.0
138523664,0,A,debt_consolidation,MORTGAGE,10+ years,60000.0,13.16,675.0
138530375,0,B,debt_consolidation,MORTGAGE,4 years,117000.0,19.12,730.0
138544975,0,F,credit_card,RENT,< 1 year,29190.0,32.81,715.0
138572932,0,D,debt_consolidation,MORTGAGE,1 year,28140.0,21.96,665.0
138600423,0,A,credit_card,MORTGAGE,,104916.0,9.95,670.0
138630120,0,B,credit_card,MORTGAGE,6 years,130000.0,9.17,685.0
138632735,0,D,credit_card,RENT,1 year,65000.0,20.14,660.0
138632864,0,A,debt_consolidation,MORTGAGE,3 years,54500.0,15.36,695.0
138670373,0,F,debt_consolidation,OWN,7 years,66000.0,25.25,710.0
138811150,0,A,credit_card,OWN,< 1 year,256335.0,24.44,725.0
138814163,0,G,other,RENT,< 1 year,16000.0,30.91,690.0
138875492,0,E,credit_card,MORTGAGE,10+ years,255000.0,19.95,680.0
138893900,0,E,debt_consolidation,RENT,2 years,165000.0,20.28,665.0
138921475,0,B,credit_card,MORTGAGE,10+ years,175000.0,10.34,805.0
138921581,0,E,debt_consolidation,MORTGAGE,< 1 year,65000.0,29.71,685.0
138947161,0,D,credit_card,RENT,4 years,29000.0,22.68,720.0
138958776,0,F,debt_consolidation,MORTGAGE,4 years,90000.0,33.6,685.0
138982937,0,F,medical,RENT,3 years,46000.0,28.82,665.0
139075037,0,D,debt_consolidation,RENT,< 1 year,38400.0,7.69,670.0
139084130,0,B,other,MORTGAGE,5 years,65000.0,7.99,770.0
139106203,1,C,debt_consolidation,RENT,,28414.0,20.49,690.0
139114190,0,B,credit_card,RENT,5 years,125000.0,8.32,710.0
139147538,0,D,debt_consolidation,RENT,,5000.0,45.67,680.0
139221091,0,D,credit_card,RENT,4 years,78000.0,20.72,660.0
139229006,0,A,credit_card,RENT,2 years,98273.0,19.03,715.0
139276870,0,E,moving,RENT,,15036.0,18.99,740.0
139343100,0,D,debt_consolidation,RENT,1 year,41600.0,22.22,680.0
139354263,0,E,debt_consolidation,OWN,< 1 year,35000.0,23.66,675.0
139363743,0,C,debt_consolidation,RENT,< 1 year,72000.0,8.94,675.0
139388298,0,F,debt_consolidation,RENT,2 years,35360.0,29.19,700.0
139429213,0,D,small_business,RENT,5 years,85000.0,22.41,665.0
139434099,0,D,debt_consolidation,MORTGAGE,5 years,57200.0,17.39,670.0
139434417,0,A,credit_card,RENT,2 years,52000.0,22.62,700.0
139447273,0,C,debt_consolidation,MORTGAGE,7 years,80000.0,23.1,670.0
139509720,0,A,credit_card,RENT,1 year,38000.0,7.93,720.0
139611422,0,A,debt_consolidation,RENT,10+ years,125000.0,18.92,715.0
139635089,0,A,debt_consolidation,MORTGAGE,< 1 year,105000.0,11.91,710.0
139677308,0,A,debt_consolidation,MORTGAGE,10+ years,95000.0,33.55,740.0
139754107,0,B,home_improvement,RENT,6 years,130000.0,1.87,685.0
139821925,0,E,debt_consolidation,RENT,5 years,55000.0,2.9,690.0
139835921,0,C,moving,RENT,2 years,86224.0,17.44,670.0
139851660,0,C,debt_consolidation,RENT,7 years,95000.0,26.09,730.0
139873454,0,D,vacation,MORTGAGE,2 years,46000.0,18.6,740.0
139969396,0,B,credit_card,MORTGAGE,8 years,51000.0,16.47,700.0
140002949,0,G,debt_consolidation,RENT,3 years,30000.0,24.2,730.0
140105160,0,B,credit_card,MORTGAGE,10+ years,40000.0,51.97,665.0
140201355,1,G,credit_card,MORTGAGE,3 years,33000.0,41.67,670.0
140238599,0,B,other,RENT,4 years,41000.0,12.82,760.0
140289949,0,A,debt_consolidation,MORTGAGE,6 years,52000.0,31.66,730.0
140290672,0,E,debt_consolidation,RENT,10+ years,77000.0,27.9,685.0
140309995,0,E,debt_consolidation,MORTGAGE,,21600.0,16.94,665.0
140318746,0,B,debt_consolidation,MORTGAGE,10+ years,120000.0,25.02,665.0
140325734,0,A,credit_card,OWN,10+ years,85000.0,13.77,750.0
140350677,0,A,credit_card,OWN,,53954.0,24.15,760.0
140376148,0,D,home_improvement,OWN,10+ years,130000.0,8.97,685.0
140377954,0,A,credit_card,MORTGAGE,10+ years,105664.0,35.65,730.0
140381491,0,F,other,RENT,< 1 year,85000.0,5.38,675.0
140387378,0,C,house,RENT,4 years,53000.0,21.63,685.0
140405344,0,A,debt_consolidation,MORTGAGE,< 1 year,90000.0,8.52,715.0
140461205,0,A,debt_consolidation,RENT,2 years,75000.0,12.85,700.0
140566029,0,C,major_purchase,RENT,10+ years,204000.0,12.0,665.0
140571377,0,A,debt_consolidation,MORTGAGE,10+ years,100000.0,8.66,680.0
140727862,0,A,debt_consolidation,MORTGAGE,10+ years,90000.0,23.73,730.0
140743289,0,A,debt_consolidation,RENT,4 years,210000.0,10.1,775.0
140750955,0,E,home_improvement,OWN,10+ years,80000.0,21.71,710.0
140752716,0,F,home_improvement,OWN,1 year,68000.0,5.75,715.0
140954749,0,A,credit_card,RENT,,48000.0,18.15,730.0
140984471,0,G,debt_consolidation,RENT,1 year,49000.0,28.48,750.0
141051506,0,C,debt_consolidation,OWN,10+ years,50000.0,14.93,665.0
141078310,0,C,credit_card,OWN,1 year,50000.0,21.75,695.0
141091015,0,A,debt_consolidation,RENT,10+ years,100000.0,16.34,715.0
141105206,0,A,credit_card,MORTGAGE,< 1 year,60000.0,5.52,705.0
141112163,0,A,debt_consolidation,RENT,10+ years,120000.0,9.11,685.0
141169583,0,D,debt_consolidation,MORTGAGE,10+ years,85000.0,33.31,725.0
141198490,0,B,small_business,RENT,7 years,95000.0,15.96,735.0
141217664,0,B,credit_card,RENT,10+ years,30000.0,11.84,670.0
141236177,0,D,medical,MORTGAGE,10+ years,42600.0,25.41,675.0
141275271,0,F,debt_consolidation,MORTGAGE,10+ years,45000.0,30.21,665.0
141285023,0,E,home_improvement,RENT,2 years,45000.0,4.13,680.0
141297056,0,D,debt_consolidation,RENT,4 years,90000.0,20.8,665.0
141333788,0,A,debt_consolidation,MORTGAGE,5 years,107000.0,8.97,685.0
141339764,0,A,other,OWN,,70000.0,3.51,790.0
141371895,0,E,debt_consolidation,OWN,5 years,78000.0,22.34,700.0
141382897,0,C,home_improvement,MORTGAGE,10+ years,100000.0,18.6,700.0
141385435,0,E,home_improvement,MORTGAGE,4 years,75000.0,1.38,735.0
141447385,0,B,debt_consolidation,MORTGAGE,10+ years,140000.0,8.13,665.0
141467090,0,C,home_improvement,RENT,10+ years,113802.0,19.33,675.0
141475188,0,B,credit_card,MORTGAGE,< 1 year,39000.0,32.34,680.0
141495702,0,C,credit_card,RENT,10+ years,47000.0,30.75,690.0
141530058,0,C,debt_consolidation,MORTGAGE,10+ years,91000.0,4.98,660.0
141546741,0,A,debt_consolidation,MORTGAGE,< 1 year,30000.0,23.04,760.0
141575107,0,E,other,RENT,2 years,69000.0,28.19,695.0
141583516,0,B,debt_consolidation,MORTGAGE,10+ years,100000.0,8.47,720.0
141594737,0,G,credit_card,MORTGAGE,2 years,100000.0,24.5,660.0
141683031,0,D,other,RENT,5 years,140000.0,13.67,670.0
141896970,0,E,debt_consolidation,ANY,2 years,55000.0,36.66,695.0
141929342,0,C,debt_consolidation,OWN,,35000.0,15.6,685.0
141935532,0,D,other,MORTGAGE,10+ years,56000.0,22.87,685.0
141937698,0,D,vacation,MORTGAGE,6 years,75000.0,21.73,705.0
141968494,0,D,vacation,RENT,10+ years,52000.0,19.29,660.0
141979501,0,A,credit_card,MORTGAGE,5 years,98000.0,16.32,710.0
142033357,0,E,debt_consolidation,OWN,4 years,39850.0,21.2,675.0
142042466,0,D,credit_card,MORTGAGE,10+ years,45300.0,12.61,660.0
142067849,0,A,debt_consolidation,RENT,10+ years,75000.0,10.14,695.0
142069218,0,C,debt_consolidation,RENT,6 years,50000.0,20.31,690.0
142098309,0,D,debt_consolidation,OWN,2 years,28500.0,22.11,675.0
142155633,0,A,home_improvement,MORTGAGE,10+ years,120000.0,13.72,725.0
142158383,0,E,debt_consolidation,MORTGAGE,10+ years,25500.0,24.89,675.0
142197211,0,D,credit_card,MORTGAGE,10+ years,78892.0,38.64,680.0
142244387,0,A,credit_card,MORTGAGE,2 years,57500.0,18.41,700.0
142302256,0,A,credit_card,OWN,< 1 year,90000.0,13.68,690.0
142323219,0,D,credit_card,MORTGAGE,4 years,90000.0,29.52,720.0
142362711,0,D,debt_consolidation,RENT,3 years,52100.0,25.32,685.0
142389260,0,C,home_improvement,RENT,6 years,94000.0,38.61,695.0
142445165,0,C,other,OWN,1 year,60000.0,0.62,715.0
142477128,0,B,debt_consolidation,MORTGAGE,10+ years,95000.0,25.05,715.0
142495865,0,A,other,OWN,10+ years,115000.0,18.56,725.0
142516184,0,A,other,MORTGAGE,< 1 year,100000.0,7.97,840.0
142583117,0,B,debt_consolidation,MORTGAGE,10+ years,140000.0,17.98,740.0
142586226,0,B,debt_consolidation,RENT,2 years,30160.0,7.08,670.0
142613635,0,A,credit_card,RENT,< 1 year,50000.0,19.32,690.0
142646794,0,E,debt_consolidation,MORTGAGE,9 years,225000.0,21.93,730.0
142752958,0,B,credit_card,MORTGAGE,5 years,185000.0,30.11,665.0
142809043,1,B,debt_consolidation,RENT,,27600.0,14.87,725.0
142868265,0,B,major_purchase,RENT,7 years,60000.0,6.18,705.0
142953782,0,E,debt_consolidation,RENT,5 years,70000.0,7.08,675.0
142981871,0,E,debt_consolidation,RENT,10+ years,80000.0,17.91,665.0
143028198,0,B,debt_consolidation,RENT,1 year,90000.0,5.7,685.0
143057765,0,D,other,MORTGAGE,8 years,50000.0,35.65,685.0
143084924,0,E,debt_consolidation,RENT,10+ years,45000.0,21.41,675.0
143086112,0,A,medical,OWN,,70000.0,19.53,695.0
143154512,0,G,debt_consolidation,RENT,,36870.0,30.47,680.0
143165259,0,B,debt_consolidation,RENT,< 1 year,75000.0,10.14,740.0
143179839,0,C,debt_consolidation,MORTGAGE,7 years,40000.0,23.91,690.0
143242099,0,B,home_improvement,MORTGAGE,2 years,96000.0,36.7,730.0
143308539,0,B,credit_card,MORTGAGE,1 year,75000.0,11.57,700.0
143313068,0,B,credit_card,MORTGAGE,< 1 year,92400.0,17.44,665.0
143360048,1,C,debt_consolidation,MORTGAGE,< 1 year,95000.0,28.76,675.0
143368738,0,D,home_improvement,MORTGAGE,3 years,120000.0,31.78,680.0
143395896,0,F,debt_consolidation,MORTGAGE,10+ years,102000.0,14.85,705.0
143460827,0,B,credit_card,OWN,3 years,66000.0,12.75,695.0
143493045,0,B,debt_consolidation,MORTGAGE,3 years,30000.0,23.19,680.0
143502101,0,B,debt_consolidation,MORTGAGE,10+ years,80000.0,30.95,685.0
143515008,0,D,credit_card,MORTGAGE,10+ years,55000.0,29.11,660.0
143520082,0,G,other,RENT,3 years,19437.0,30.27,710.0
143563585,0,A,credit_card,RENT,< 1 year,135000.0,5.51,755.0
143577331,0,A,debt_consolidation,MORTGAGE,10+ years,280000.0,6.45,745.0
143618400,0,B,debt_consolidation,OWN,6 years,50000.0,3.55,780.0
143638298,0,A,debt_consolidation,MORTGAGE,< 1 year,52500.0,29.81,725.0
143650212,0,A,home_improvement,RENT,8 years,106000.0,9.87,750.0
143710267,0,E,major_purchase,OWN,10+ years,235000.0,2.56,690.0
143805525,0,B,debt_consolidation,MORTGAGE,10+ years,135000.0,11.55,680.0
143907297,0,A,debt_consolidation,RENT,3 years,100000.0,25.17,755.0
143917071,0,A,credit_card,RENT,< 1 year,45000.0,17.87,720.0
143918911,0,A,debt_consolidation,OWN,8 years,150000.0,11.01,735.0
143922257,0,D,debt_consolidation,RENT,3 years,62000.0,19.51,690.0
143922515,0,A,debt_consolidation,MORTGAGE,10+ years,94000.0,1.07,800.0
143953973,0,C,debt_consolidation,MORTGAGE,10+ years,119000.0,13.0,665.0
143962133,1,E,debt_consolidation,RENT,6 years,92500.0,29.16,710.0
144003196,0,A,other,MORTGAGE,7 years,55000.0,24.33,725.0
144080108,0,B,debt_consolidation,MORTGAGE,1 year,60000.0,9.42,660.0
144114882,0,A,debt_consolidation,MORTGAGE,1 year,160000.0,9.15,755.0
144115949,0,D,debt_consolidation,OWN,2 years,36000.0,36.3,730.0
144117745,0,A,debt_consolidation,MORTGAGE,4 years,260000.0,15.84,695.0
144129174,0,C,credit_card,RENT,4 years,92000.0,18.39,675.0
144132636,0,D,debt_consolidation,MORTGAGE,10+ years,77801.0,31.53,710.0
144140196,0,B,car,MORTGAGE,10+ years,110000.0,11.24,775.0
144143700,0,A,credit_card,RENT,2 years,71000.0,16.92,710.0
144224889,0,E,debt_consolidation,MORTGAGE,10+ years,269000.0,9.37,670.0
144234837,0,A,moving,RENT,,12516.0,33.37,785.0
144265836,0,E,debt_consolidation,MORTGAGE,1 year,72000.0,25.82,690.0
144292053,0,D,credit_card,RENT,3 years,26002.0,19.81,695.0
144300625,0,A,credit_card,RENT,10+ years,67000.0,39.71,745.0
144353065,0,A,debt_consolidation,RENT,7 years,78000.0,20.89,725.0
144360663,0,E,debt_consolidation,MORTGAGE,10+ years,70000.0,26.28,675.0
144363554,0,D,credit_card,MORTGAGE,10+ years,180000.0,18.11,660.0
144389866,0,B,debt_consolidation,RENT,< 1 year,55000.0,21.36,695.0
144407384,0,E,debt_consolidation,OWN,10+ years,44000.0,33.09,670.0
144428101,0,A,debt_consolidation,OWN,< 1 year,85000.0,28.66,675.0
144466564,0,D,debt_consolidation,MORTGAGE,2 years,102000.0,9.69,665.0
144492169,0,B,debt_consolidation,RENT,< 1 year,125065.0,3.4,680.0
144515612,0,B,credit_card,RENT,< 1 year,250000.0,9.4,705.0
144516693,0,B,debt_consolidation,MORTGAGE,2 years,60000.0,44.79,765.0
144520553,0,E,debt_consolidation,MORTGAGE,10+ years,125000.0,16.77,665.0
144533615,0,B,debt_consolidation,MORTGAGE,10+ years,75000.0,19.2,670.0
144540029,0,A,credit_card,MORTGAGE,6 years,127000.0,28.14,765.0
144549679,0,C,credit_card,MORTGAGE,2 years,150000.0,22.86,695.0
144569450,0,C,debt_consolidation,RENT,10+ years,210000.0,23.01,725.0
144592563,1,E,medical,RENT,,20000.0,35.05,755.0
144658473,0,E,small_business,MORTGAGE,1 year,65000.0,20.37,685.0
144677565,0,A,debt_consolidation,RENT,3 years,163000.0,25.12,710.0
144692176,0,D,home_improvement,MORTGAGE,4 years,100000.0,13.15,685.0
144693869,0,B,debt_consolidation,MORTGAGE,10+ years,50000.0,8.38,845.0
144705367,0,C,debt_consolidation,MORTGAGE,5 years,60000.0,28.68,685.0
144764095,0,C,other,MORTGAGE,3 years,68210.0,10.28,765.0
144786214,0,A,debt_consolidation,OWN,10+ years,85000.0,9.71,770.0
144821746,0,B,credit_card,MORTGAGE,2 years,23500.0,7.35,660.0
145045503,0,B,debt_consolidation,MORTGAGE,10+ years,80000.0,36.68,660.0
145056563,0,A,debt_consolidation,OWN,< 1 year,58000.0,11.96,695.0
145059385,0,A,credit_card,RENT,< 1 year,72000.0,13.35,730.0
145071977,0,E,other,RENT,7 years,130000.0,17.25,690.0
145081823,0,C,debt_consolidation,RENT,3 years,135000.0,18.01,675.0
145132708,0,A,debt_consolidation,OWN,1 year,80000.0,12.53,680.0
145202189,0,D,debt_consolidation,MORTGAGE,,35880.0,33.28,715.0
145208273,0,F,debt_consolidation,MORTGAGE,10+ years,54162.0,13.07,670.0
145212057,0,B,debt_consolidation,MORTGAGE,10+ years,65000.0,35.88,705.0
145217455,0,D,home_improvement,MORTGAGE,2 years,30000.0,57.12,695.0
145221195,0,C,debt_consolidation,OWN,10+ years,176000.0,21.68,710.0
145222706,0,B,debt_consolidation,MORTGAGE,2 years,88500.0,12.89,700.0
145269195,0,A,credit_card,RENT,< 1 year,99000.0,7.48,755.0
145270707,0,A,credit_card,MORTGAGE,9 years,101000.0,13.06,775.0
145274936,0,A,debt_consolidation,MORTGAGE,5 years,92000.0,16.46,755.0
145279270,0,C,credit_card,MORTGAGE,1 year,80000.0,9.26,695.0
145279758,0,C,debt_consolidation,OWN,,19300.0,11.69,660.0
145291766,0,C,debt_consolidation,MORTGAGE,2 years,85000.0,22.84,660.0
145330711,0,B,debt_consolidation,OWN,,48000.0,16.09,685.0
145372450,1,D,debt_consolidation,MORTGAGE,8 years,100000.0,20.26,665.0
145381835,0,D,debt_consolidation,RENT,1 year,35000.0,23.63,675.0
145414802,0,C,credit_card,OWN,,30000.0,5.16,700.0
145437919,1,E,debt_consolidation,OWN,7 years,66000.0,16.6,660.0
145452512,0,E,other,MORTGAGE,10+ years,120000.0,16.43,665.0
145510025,0,A,debt_consolidation,MORTGAGE,4 years,55500.0,17.92,720.0
