vintage_month,months_on_book,cohort_loans,cumulative_defaults,cum_default_rate_pct
2007-06,1,1,0.0,0.0
2007-06,2,1,0.0,0.0
2007-06,3,1,0.0,0.0
2007-06,4,1,0.0,0.0
2007-06,5,1,0.0,0.0
2007-06,6,1,0.0,0.0
2007-06,7,1,0.0,0.0
2007-06,8,1,0.0,0.0
2007-06,9,1,0.0,0.0
2007-06,10,1,0.0,0.0
2007-06,11,1,0.0,0.0
2007-06,12,1,0.0,0.0
2007-06,13,1,0.0,0.0
2007-06,14,1,0.0,0.0
2007-06,15,1,0.0,0.0
2007-06,16,1,0.0,0.0
2007-06,17,1,0.0,0.0
2007-06,18,1,0.0,0.0
2007-06,19,1,0.0,0.0
2007-06,20,1,0.0,0.0
2007-06,21,1,0.0,0.0
2007-06,22,1,0.0,0.0
2007-06,23,1,0.0,0.0
2007-06,24,1,0.0,0.0
2007-06,25,1,0.0,0.0
2007-06,26,1,0.0,0.0
2007-06,27,1,0.0,0.0
2007-06,28,1,0.0,0.0
2007-06,29,1,0.0,0.0
2007-06,30,1,0.0,0.0
2007-11,1,2,0.0,0.0
2007-11,2,2,0.0,0.0
2007-11,3,2,0.0,0.0
2007-12,1,2,0.0,0.0
2007-12,2,2,0.0,0.0
2007-12,3,2,0.0,0.0
2007-12,4,2,0.0,0.0
2007-12,5,2,0.0,0.0
2007-12,6,2,0.0,0.0
2007-12,7,2,0.0,0.0
2007-12,8,2,0.0,0.0
2007-12,9,2,0.0,0.0
2007-12,10,2,0.0,0.0
2007-12,11,2,0.0,0.0
2007-12,12,2,0.0,0.0
2007-12,13,2,0.0,0.0
2007-12,14,2,0.0,0.0
2007-12,15,2,0.0,0.0
2007-12,16,2,0.0,0.0
2007-12,17,2,0.0,0.0
2007-12,18,2,0.0,0.0
2007-12,19,2,0.0,0.0
2007-12,20,2,0.0,0.0
2007-12,21,2,0.0,0.0
2007-12,22,2,0.0,0.0
2007-12,23,2,0.0,0.0
2007-12,24,2,0.0,0.0
2007-12,25,2,0.0,0.0
2007-12,26,2,0.0,0.0
2007-12,27,2,0.0,0.0
2007-12,28,2,0.0,0.0
2007-12,29,2,0.0,0.0
2007-12,30,2,0.0,0.0
2007-12,31,2,0.0,0.0
2007-12,32,2,0.0,0.0
2007-12,33,2,0.0,0.0
2007-12,34,2,0.0,0.0
2007-12,35,2,0.0,0.0
2007-12,36,2,0.0,0.0
2008-01,1,1,0.0,0.0
2008-01,2,1,0.0,0.0
2008-01,3,1,0.0,0.0
2008-01,4,1,0.0,0.0
2008-01,5,1,0.0,0.0
2008-01,6,1,0.0,0.0
2008-01,7,1,0.0,0.0
2008-01,8,1,0.0,0.0
2008-01,9,1,0.0,0.0
2008-01,10,1,0.0,0.0
2008-01,11,1,0.0,0.0
2008-01,12,1,0.0,0.0
2008-01,13,1,0.0,0.0
2008-02,1,1,0.0,0.0
2008-02,2,1,0.0,0.0
2008-02,3,1,0.0,0.0
2008-02,4,1,0.0,0.0
2008-02,5,1,0.0,0.0
2008-02,6,1,0.0,0.0
2008-02,7,1,0.0,0.0
2008-02,8,1,0.0,0.0
2008-02,9,1,0.0,0.0
2008-02,10,1,0.0,0.0
2008-02,11,1,0.0,0.0
2008-02,12,1,0.0,0.0
2008-02,13,1,0.0,0.0
2008-02,14,1,0.0,0.0
2008-02,15,1,0.0,0.0
2008-02,16,1,0.0,0.0
2008-02,17,1,0.0,0.0
2008-03,1,3,0.0,0.0
2008-03,2,3,0.0,0.0
2008-03,3,3,0.0,0.0
2008-03,4,3,0.0,0.0
2008-03,5,3,0.0,0.0
2008-03,6,3,0.0,0.0
2008-03,7,3,0.0,0.0
2008-03,8,3,0.0,0.0
2008-03,9,3,0.0,0.0
2008-03,10,3,0.0,0.0
2008-03,11,3,0.0,0.0
2008-03,12,3,0.0,0.0
2008-03,13,3,0.0,0.0
2008-03,14,3,0.0,0.0
2008-03,15,3,0.0,0.0
2008-03,16,3,0.0,0.0
2008-03,17,3,0.0,0.0
2008-03,18,3,0.0,0.0
2008-03,19,3,0.0,0.0
2008-03,20,3,0.0,0.0
2008-03,21,3,0.0,0.0
2008-03,22,3,0.0,0.0
2008-03,23,3,0.0,0.0
2008-03,24,3,0.0,0.0
2008-03,25,3,0.0,0.0
2008-03,26,3,0.0,0.0
2008-03,27,3,0.0,0.0
2008-03,28,3,0.0,0.0
2008-03,29,3,0.0,0.0
2008-03,30,3,0.0,0.0
2008-03,31,3,0.0,0.0
2008-03,32,3,0.0,0.0
2008-03,33,3,0.0,0.0
2008-03,34,3,0.0,0.0
2008-03,35,3,0.0,0.0
2008-03,36,3,0.0,0.0
2008-04,1,1,0.0,0.0
2008-04,2,1,0.0,0.0
2008-04,3,1,0.0,0.0
2008-04,4,1,0.0,0.0
2008-04,5,1,0.0,0.0
2008-04,6,1,0.0,0.0
2008-04,7,1,0.0,0.0
2008-04,8,1,0.0,0.0
2008-04,9,1,0.0,0.0
2008-04,10,1,0.0,0.0
2008-04,11,1,0.0,0.0
2008-04,12,1,0.0,0.0
2008-04,13,1,0.0,0.0
2008-04,14,1,0.0,0.0
2008-04,15,1,0.0,0.0
2008-04,16,1,0.0,0.0
2008-04,17,1,0.0,0.0
2008-04,18,1,0.0,0.0
2008-04,19,1,0.0,0.0
2008-04,20,1,0.0,0.0
2008-04,21,1,0.0,0.0
2008-04,22,1,0.0,0.0
2008-04,23,1,0.0,0.0
2008-04,24,1,0.0,0.0
2008-04,25,1,0.0,0.0
2008-04,26,1,0.0,0.0
2008-04,27,1,0.0,0.0
2008-04,28,1,0.0,0.0
2008-04,29,1,0.0,0.0
2008-04,30,1,0.0,0.0
2008-04,31,1,0.0,0.0
2008-04,32,1,0.0,0.0
2008-04,33,1,0.0,0.0
2008-04,34,1,0.0,0.0
2008-04,35,1,0.0,0.0
2008-04,36,1,0.0,0.0
2008-07,1,2,0.0,0.0
2008-07,2,2,0.0,0.0
2008-07,3,2,0.0,0.0
2008-07,4,2,0.0,0.0
2008-07,5,2,0.0,0.0
2008-07,6,2,0.0,0.0
2008-07,7,2,0.0,0.0
2008-07,8,2,0.0,0.0
2008-07,9,2,0.0,0.0
2008-07,10,2,0.0,0.0
2008-07,11,2,0.0,0.0
2008-07,12,2,0.0,0.0
2008-07,13,2,0.0,0.0
2008-07,14,2,0.0,0.0
2008-07,15,2,0.0,0.0
2008-07,16,2,0.0,0.0
2008-07,17,2,0.0,0.0
2008-07,18,2,0.0,0.0
2008-07,19,2,0.0,0.0
2008-07,20,2,0.0,0.0
2008-07,21,2,1.0,50.0
2008-08,1,1,0.0,0.0
2008-08,2,1,0.0,0.0
2008-08,3,1,0.0,0.0
2008-08,4,1,0.0,0.0
2008-08,5,1,0.0,0.0
2008-08,6,1,0.0,0.0
2008-08,7,1,0.0,0.0
2008-08,8,1,0.0,0.0
2008-08,9,1,0.0,0.0
2008-08,10,1,0.0,0.0
2008-08,11,1,0.0,0.0
2008-08,12,1,0.0,0.0
2008-08,13,1,0.0,0.0
2008-08,14,1,0.0,0.0
2008-08,15,1,0.0,0.0
2008-08,16,1,0.0,0.0
2008-08,17,1,0.0,0.0
2008-08,18,1,0.0,0.0
2008-08,19,1,0.0,0.0
2008-08,20,1,0.0,0.0
2008-08,21,1,0.0,0.0
2008-08,22,1,0.0,0.0
2008-08,23,1,0.0,0.0
2008-08,24,1,0.0,0.0
2008-08,25,1,0.0,0.0
2008-08,26,1,0.0,0.0
2008-08,27,1,0.0,0.0
2008-08,28,1,0.0,0.0
2008-08,29,1,0.0,0.0
2008-08,30,1,0.0,0.0
2008-08,31,1,0.0,0.0
2008-08,32,1,0.0,0.0
2008-08,33,1,0.0,0.0
2008-08,34,1,0.0,0.0
2008-08,35,1,0.0,0.0
2008-08,36,1,0.0,0.0
2008-11,1,1,0.0,0.0
2008-11,2,1,0.0,0.0
2008-11,3,1,0.0,0.0
2008-11,4,1,0.0,0.0
2008-11,5,1,0.0,0.0
2008-11,6,1,0.0,0.0
2008-11,7,1,0.0,0.0
2008-11,8,1,0.0,0.0
2008-11,9,1,0.0,0.0
2008-11,10,1,0.0,0.0
2008-11,11,1,0.0,0.0
2008-11,12,1,0.0,0.0
2008-11,13,1,0.0,0.0
2008-11,14,1,0.0,0.0
2008-11,15,1,0.0,0.0
2008-11,16,1,0.0,0.0
2008-11,17,1,0.0,0.0
2008-11,18,1,0.0,0.0
2008-11,19,1,0.0,0.0
2008-11,20,1,0.0,0.0
2008-11,21,1,0.0,0.0
2008-11,22,1,0.0,0.0
2008-11,23,1,0.0,0.0
2008-11,24,1,0.0,0.0
2008-11,25,1,0.0,0.0
2008-11,26,1,0.0,0.0
2008-11,27,1,0.0,0.0
2008-11,28,1,0.0,0.0
2008-11,29,1,0.0,0.0
2008-11,30,1,0.0,0.0
2008-11,31,1,0.0,0.0
2008-11,32,1,0.0,0.0
2008-11,33,1,0.0,0.0
2008-11,34,1,0.0,0.0
2008-11,35,1,0.0,0.0
2008-11,36,1,0.0,0.0
2009-02,1,1,0.0,0.0
2009-02,2,1,0.0,0.0
2009-02,3,1,0.0,0.0
2009-02,4,1,0.0,0.0
2009-02,5,1,0.0,0.0
2009-02,6,1,0.0,0.0
2009-02,7,1,0.0,0.0
2009-02,8,1,0.0,0.0
2009-02,9,1,0.0,0.0
2009-02,10,1,0.0,0.0
2009-03,1,1,0.0,0.0
2009-03,2,1,0.0,0.0
2009-03,3,1,0.0,0.0
2009-03,4,1,0.0,0.0
2009-03,5,1,0.0,0.0
2009-03,6,1,0.0,0.0
2009-03,7,1,0.0,0.0
2009-03,8,1,0.0,0.0
2009-03,9,1,0.0,0.0
2009-03,10,1,0.0,0.0
2009-03,11,1,0.0,0.0
2009-03,12,1,0.0,0.0
2009-03,13,1,0.0,0.0
2009-03,14,1,0.0,0.0
2009-03,15,1,0.0,0.0
2009-03,16,1,0.0,0.0
2009-03,17,1,0.0,0.0
2009-03,18,1,0.0,0.0
2009-03,19,1,0.0,0.0
2009-03,20,1,0.0,0.0
2009-06,1,2,0.0,0.0
2009-06,2,2,0.0,0.0
2009-06,3,2,0.0,0.0
2009-06,4,2,0.0,0.0
2009-06,5,2,0.0,0.0
2009-06,6,2,0.0,0.0
2009-06,7,2,0.0,0.0
2009-06,8,2,0.0,0.0
2009-06,9,2,0.0,0.0
2009-06,10,2,0.0,0.0
2009-06,11,2,0.0,0.0
2009-06,12,2,0.0,0.0
2009-06,13,2,0.0,0.0
2009-06,14,2,0.0,0.0
2009-06,15,2,0.0,0.0
2009-06,16,2,0.0,0.0
2009-06,17,2,0.0,0.0
2009-06,18,2,0.0,0.0
2009-06,19,2,0.0,0.0
2009-06,20,2,0.0,0.0
2009-06,21,2,0.0,0.0
2009-06,22,2,0.0,0.0
2009-06,23,2,0.0,0.0
2009-06,24,2,0.0,0.0
2009-06,25,2,0.0,0.0
2009-06,26,2,0.0,0.0
2009-07,1,2,0.0,0.0
2009-07,2,2,0.0,0.0
2009-07,3,2,0.0,0.0
2009-07,4,2,0.0,0.0
2009-07,5,2,0.0,0.0
2009-07,6,2,0.0,0.0
2009-07,7,2,0.0,0.0
2009-07,8,2,0.0,0.0
2009-07,9,2,0.0,0.0
2009-07,10,2,0.0,0.0
2009-07,11,2,0.0,0.0
2009-07,12,2,0.0,0.0
2009-07,13,2,0.0,0.0
2009-07,14,2,0.0,0.0
2009-07,15,2,0.0,0.0
2009-07,16,2,0.0,0.0
2009-07,17,2,0.0,0.0
2009-07,18,2,0.0,0.0
2009-07,19,2,0.0,0.0
2009-07,20,2,0.0,0.0
2009-07,21,2,0.0,0.0
2009-07,22,2,0.0,0.0
2009-07,23,2,0.0,0.0
2009-07,24,2,0.0,0.0
2009-07,25,2,0.0,0.0
2009-07,26,2,0.0,0.0
2009-07,27,2,0.0,0.0
2009-07,28,2,0.0,0.0
2009-07,29,2,0.0,0.0
2009-07,30,2,1.0,50.0
2009-07,31,2,1.0,50.0
2009-07,32,2,1.0,50.0
2009-07,33,2,1.0,50.0
2009-07,34,2,1.0,50.0
2009-07,35,2,1.0,50.0
2009-07,36,2,1.0,50.0
2009-12,1,1,0.0,0.0
2009-12,2,1,0.0,0.0
2010-01,1,1,0.0,0.0
2010-01,2,1,0.0,0.0
2010-01,3,1,0.0,0.0
2010-01,4,1,0.0,0.0
2010-01,5,1,0.0,0.0
2010-01,6,1,0.0,0.0
2010-01,7,1,0.0,0.0
2010-01,8,1,0.0,0.0
2010-01,9,1,0.0,0.0
2010-01,10,1,0.0,0.0
2010-01,11,1,0.0,0.0
2010-02,1,1,0.0,0.0
2010-02,2,1,0.0,0.0
2010-02,3,1,0.0,0.0
2010-02,4,1,0.0,0.0
2010-02,5,1,0.0,0.0
2010-02,6,1,0.0,0.0
2010-02,7,1,0.0,0.0
2010-02,8,1,0.0,0.0
2010-02,9,1,0.0,0.0
2010-02,10,1,0.0,0.0
2010-02,11,1,0.0,0.0
2010-02,12,1,0.0,0.0
2010-02,13,1,0.0,0.0
2010-02,14,1,0.0,0.0
2010-02,15,1,0.0,0.0
2010-02,16,1,0.0,0.0
2010-02,17,1,0.0,0.0
2010-02,18,1,0.0,0.0
2010-02,19,1,0.0,0.0
2010-02,20,1,0.0,0.0
2010-02,21,1,0.0,0.0
2010-02,22,1,0.0,0.0
2010-02,23,1,0.0,0.0
2010-02,24,1,0.0,0.0
2010-02,25,1,0.0,0.0
2010-02,26,1,0.0,0.0
2010-02,27,1,1.0,100.0
2010-04,1,1,0.0,0.0
2010-04,2,1,0.0,0.0
2010-04,3,1,0.0,0.0
2010-04,4,1,0.0,0.0
2010-04,5,1,0.0,0.0
2010-04,6,1,0.0,0.0
2010-04,7,1,0.0,0.0
2010-04,8,1,0.0,0.0
2010-04,9,1,0.0,0.0
2010-04,10,1,0.0,0.0
2010-04,11,1,0.0,0.0
2010-04,12,1,0.0,0.0
2010-04,13,1,0.0,0.0
2010-04,14,1,0.0,0.0
2010-04,15,1,0.0,0.0
2010-04,16,1,0.0,0.0
2010-05,1,2,0.0,0.0
2010-05,2,2,0.0,0.0
2010-05,3,2,0.0,0.0
2010-05,4,2,0.0,0.0
2010-05,5,2,0.0,0.0
2010-05,6,2,0.0,0.0
2010-05,7,2,0.0,0.0
2010-05,8,2,0.0,0.0
2010-05,9,2,0.0,0.0
2010-05,10,2,0.0,0.0
2010-05,11,2,0.0,0.0
2010-05,12,2,0.0,0.0
2010-05,13,2,0.0,0.0
2010-05,14,2,0.0,0.0
2010-05,15,2,0.0,0.0
2010-05,16,2,0.0,0.0
2010-05,17,2,0.0,0.0
2010-05,18,2,0.0,0.0
2010-05,19,2,0.0,0.0
2010-05,20,2,0.0,0.0
2010-05,21,2,0.0,0.0
2010-05,22,2,0.0,0.0
2010-05,23,2,0.0,0.0
2010-05,24,2,0.0,0.0
2010-05,25,2,0.0,0.0
2010-05,26,2,0.0,0.0
2010-05,27,2,0.0,0.0
2010-05,28,2,0.0,0.0
2010-05,29,2,0.0,0.0
2010-05,30,2,0.0,0.0
2010-05,31,2,0.0,0.0
2010-05,32,2,0.0,0.0
2010-05,33,2,0.0,0.0
2010-05,34,2,0.0,0.0
2010-05,35,2,0.0,0.0
2010-05,36,2,0.0,0.0
2010-06,1,3,0.0,0.0
2010-06,2,3,0.0,0.0
2010-06,3,3,0.0,0.0
2010-06,4,3,0.0,0.0
2010-06,5,3,0.0,0.0
2010-06,6,3,0.0,0.0
2010-06,7,3,0.0,0.0
2010-06,8,3,0.0,0.0
2010-06,9,3,0.0,0.0
2010-06,10,3,0.0,0.0
2010-06,11,3,0.0,0.0
2010-06,12,3,0.0,0.0
2010-06,13,3,0.0,0.0
2010-06,14,3,0.0,0.0
2010-06,15,3,0.0,0.0
2010-06,16,3,0.0,0.0
2010-06,17,3,0.0,0.0
2010-06,18,3,0.0,0.0
2010-06,19,3,0.0,0.0
2010-06,20,3,0.0,0.0
2010-06,21,3,0.0,0.0
2010-06,22,3,0.0,0.0
2010-06,23,3,0.0,0.0
2010-06,24,3,0.0,0.0
2010-06,25,3,0.0,0.0
2010-06,26,3,0.0,0.0
2010-06,27,3,0.0,0.0
2010-06,28,3,0.0,0.0
2010-06,29,3,0.0,0.0
2010-06,30,3,0.0,0.0
2010-06,31,3,0.0,0.0
2010-06,32,3,0.0,0.0
2010-06,33,3,0.0,0.0
2010-06,34,3,0.0,0.0
2010-06,35,3,0.0,0.0
2010-06,36,3,0.0,0.0
2010-07,1,3,0.0,0.0
2010-07,2,3,0.0,0.0
2010-07,3,3,0.0,0.0
2010-07,4,3,0.0,0.0
2010-07,5,3,0.0,0.0
2010-07,6,3,0.0,0.0
2010-07,7,3,0.0,0.0
2010-07,8,3,0.0,0.0
2010-07,9,3,0.0,0.0
2010-07,10,3,0.0,0.0
2010-07,11,3,0.0,0.0
2010-07,12,3,0.0,0.0
2010-07,13,3,0.0,0.0
2010-07,14,3,0.0,0.0
2010-07,15,3,0.0,0.0
2010-07,16,3,0.0,0.0
2010-07,17,3,0.0,0.0
2010-07,18,3,0.0,0.0
2010-07,19,3,0.0,0.0
2010-07,20,3,0.0,0.0
2010-07,21,3,0.0,0.0
2010-07,22,3,0.0,0.0
2010-07,23,3,0.0,0.0
2010-07,24,3,0.0,0.0
2010-07,25,3,0.0,0.0
2010-07,26,3,0.0,0.0
2010-07,27,3,0.0,0.0
2010-07,28,3,0.0,0.0
2010-07,29,3,0.0,0.0
2010-07,30,3,0.0,0.0
2010-07,31,3,0.0,0.0
2010-07,32,3,0.0,0.0
2010-07,33,3,0.0,0.0
2010-07,34,3,0.0,0.0
2010-07,35,3,0.0,0.0
2010-07,36,3,0.0,0.0
2010-08,1,1,0.0,0.0
2010-08,2,1,0.0,0.0
2010-08,3,1,0.0,0.0
2010-08,4,1,0.0,0.0
2010-08,5,1,0.0,0.0
2010-08,6,1,0.0,0.0
2010-08,7,1,0.0,0.0
2010-08,8,1,0.0,0.0
2010-08,9,1,0.0,0.0
2010-08,10,1,0.0,0.0
2010-08,11,1,0.0,0.0
2010-08,12,1,0.0,0.0
2010-08,13,1,0.0,0.0
2010-08,14,1,0.0,0.0
2010-08,15,1,0.0,0.0
2010-09,1,1,0.0,0.0
2010-09,2,1,0.0,0.0
2010-09,3,1,0.0,0.0
2010-09,4,1,0.0,0.0
2010-09,5,1,0.0,0.0
2010-09,6,1,0.0,0.0
2010-09,7,1,0.0,0.0
2010-09,8,1,0.0,0.0
2010-09,9,1,0.0,0.0
2010-09,10,1,0.0,0.0
2010-09,11,1,0.0,0.0
2010-09,12,1,0.0,0.0
2010-09,13,1,0.0,0.0
2010-09,14,1,0.0,0.0
2010-09,15,1,0.0,0.0
2010-09,16,1,0.0,0.0
2010-09,17,1,0.0,0.0
2010-09,18,1,0.0,0.0
2010-09,19,1,0.0,0.0
2010-09,20,1,0.0,0.0
2010-09,21,1,1.0,100.0
2010-10,1,3,0.0,0.0
2010-10,2,3,0.0,0.0
2010-10,3,3,0.0,0.0
2010-10,4,3,0.0,0.0
2010-10,5,3,0.0,0.0
2010-10,6,3,0.0,0.0
2010-10,7,3,0.0,0.0
2010-10,8,3,0.0,0.0
2010-10,9,3,0.0,0.0
2010-10,10,3,0.0,0.0
2010-10,11,3,0.0,0.0
2010-10,12,3,0.0,0.0
2010-12,1,3,0.0,0.0
2010-12,2,3,0.0,0.0
2010-12,3,3,0.0,0.0
2010-12,4,3,0.0,0.0
2010-12,5,3,0.0,0.0
2010-12,6,3,0.0,0.0
2010-12,7,3,0.0,0.0
2010-12,8,3,0.0,0.0
2010-12,9,3,0.0,0.0
2010-12,10,3,0.0,0.0
2010-12,11,3,0.0,0.0
2010-12,12,3,0.0,0.0
2010-12,13,3,0.0,0.0
2010-12,14,3,0.0,0.0
2010-12,15,3,0.0,0.0
2010-12,16,3,0.0,0.0
2010-12,17,3,0.0,0.0
2010-12,18,3,0.0,0.0
2010-12,19,3,0.0,0.0
2010-12,20,3,0.0,0.0
2010-12,21,3,0.0,0.0
2010-12,22,3,0.0,0.0
2010-12,23,3,0.0,0.0
2010-12,24,3,0.0,0.0
2010-12,25,3,0.0,0.0
2010-12,26,3,0.0,0.0
2010-12,27,3,0.0,0.0
2010-12,28,3,0.0,0.0
2010-12,29,3,0.0,0.0
2010-12,30,3,0.0,0.0
2010-12,31,3,0.0,0.0
2010-12,32,3,0.0,0.0
2010-12,33,3,0.0,0.0
2010-12,34,3,0.0,0.0
2010-12,35,3,0.0,0.0
2010-12,36,3,0.0,0.0
2011-02,1,5,0.0,0.0
2011-02,2,5,0.0,0.0
2011-02,3,5,0.0,0.0
2011-02,4,5,0.0,0.0
2011-02,5,5,0.0,0.0
2011-02,6,5,0.0,0.0
2011-02,7,5,0.0,0.0
2011-02,8,5,0.0,0.0
2011-02,9,5,0.0,0.0
2011-02,10,5,0.0,0.0
2011-02,11,5,0.0,0.0
2011-02,12,5,0.0,0.0
2011-02,13,5,0.0,0.0
2011-02,14,5,0.0,0.0
2011-02,15,5,0.0,0.0
2011-02,16,5,0.0,0.0
2011-02,17,5,0.0,0.0
2011-02,18,5,0.0,0.0
2011-02,19,5,0.0,0.0
2011-02,20,5,0.0,0.0
2011-02,21,5,1.0,20.0
2011-02,22,5,1.0,20.0
2011-02,23,5,1.0,20.0
2011-02,24,5,1.0,20.0
2011-02,25,5,2.0,40.0
2011-02,26,5,2.0,40.0
2011-02,27,5,2.0,40.0
2011-02,28,5,2.0,40.0
2011-02,29,5,2.0,40.0
2011-02,30,5,2.0,40.0
2011-02,31,5,2.0,40.0
2011-02,32,5,2.0,40.0
2011-02,33,5,2.0,40.0
2011-02,34,5,2.0,40.0
2011-02,35,5,2.0,40.0
2011-02,36,5,2.0,40.0
2011-03,1,3,0.0,0.0
2011-03,2,3,0.0,0.0
2011-03,3,3,0.0,0.0
2011-03,4,3,0.0,0.0
2011-03,5,3,0.0,0.0
2011-03,6,3,0.0,0.0
2011-03,7,3,0.0,0.0
2011-03,8,3,0.0,0.0
2011-03,9,3,0.0,0.0
2011-03,10,3,0.0,0.0
2011-03,11,3,0.0,0.0
2011-03,12,3,0.0,0.0
2011-03,13,3,0.0,0.0
2011-03,14,3,0.0,0.0
2011-03,15,3,0.0,0.0
2011-03,16,3,0.0,0.0
2011-03,17,3,0.0,0.0
2011-03,18,3,0.0,0.0
2011-03,19,3,0.0,0.0
2011-03,20,3,0.0,0.0
2011-03,21,3,0.0,0.0
2011-03,22,3,0.0,0.0
2011-03,23,3,0.0,0.0
2011-03,24,3,0.0,0.0
2011-03,25,3,0.0,0.0
2011-03,26,3,0.0,0.0
2011-03,27,3,0.0,0.0
2011-03,28,3,0.0,0.0
2011-03,29,3,0.0,0.0
2011-03,30,3,0.0,0.0
2011-03,31,3,0.0,0.0
2011-03,32,3,0.0,0.0
2011-03,33,3,0.0,0.0
2011-03,34,3,0.0,0.0
2011-03,35,3,0.0,0.0
2011-03,36,3,0.0,0.0
2011-03,37,3,0.0,0.0
2011-03,38,3,0.0,0.0
2011-03,39,3,0.0,0.0
2011-03,40,3,0.0,0.0
2011-03,41,3,0.0,0.0
2011-03,42,3,0.0,0.0
2011-03,43,3,0.0,0.0
2011-03,44,3,0.0,0.0
2011-03,45,3,0.0,0.0
2011-03,46,3,0.0,0.0
2011-03,47,3,0.0,0.0
2011-03,48,3,0.0,0.0
2011-03,49,3,0.0,0.0
2011-03,50,3,0.0,0.0
2011-03,51,3,0.0,0.0
2011-03,52,3,0.0,0.0
2011-03,53,3,0.0,0.0
2011-03,54,3,0.0,0.0
2011-03,55,3,0.0,0.0
2011-03,56,3,0.0,0.0
2011-03,57,3,0.0,0.0
2011-03,58,3,0.0,0.0
2011-04,1,4,0.0,0.0
2011-04,2,4,0.0,0.0
2011-04,3,4,0.0,0.0
2011-04,4,4,0.0,0.0
2011-04,5,4,0.0,0.0
2011-04,6,4,0.0,0.0
2011-04,7,4,0.0,0.0
2011-04,8,4,0.0,0.0
2011-04,9,4,0.0,0.0
2011-04,10,4,0.0,0.0
2011-04,11,4,0.0,0.0
2011-04,12,4,0.0,0.0
2011-04,13,4,0.0,0.0
2011-04,14,4,0.0,0.0
2011-04,15,4,0.0,0.0
2011-04,16,4,0.0,0.0
2011-04,17,4,0.0,0.0
2011-04,18,4,0.0,0.0
2011-04,19,4,0.0,0.0
2011-04,20,4,0.0,0.0
2011-04,21,4,0.0,0.0
2011-04,22,4,0.0,0.0
2011-04,23,4,0.0,0.0
2011-04,24,4,0.0,0.0
2011-04,25,4,0.0,0.0
2011-04,26,4,0.0,0.0
2011-04,27,4,0.0,0.0
2011-04,28,4,0.0,0.0
2011-04,29,4,0.0,0.0
2011-04,30,4,0.0,0.0
2011-05,1,3,0.0,0.0
2011-05,2,3,0.0,0.0
2011-05,3,3,0.0,0.0
2011-05,4,3,0.0,0.0
2011-05,5,3,0.0,0.0
2011-05,6,3,0.0,0.0
2011-05,7,3,0.0,0.0
2011-05,8,3,0.0,0.0
2011-05,9,3,0.0,0.0
2011-05,10,3,0.0,0.0
2011-05,11,3,0.0,0.0
2011-05,12,3,0.0,0.0
2011-05,13,3,0.0,0.0
2011-05,14,3,0.0,0.0
2011-05,15,3,0.0,0.0
2011-05,16,3,0.0,0.0
2011-05,17,3,0.0,0.0
2011-05,18,3,0.0,0.0
2011-05,19,3,0.0,0.0
2011-05,20,3,0.0,0.0
2011-05,21,3,0.0,0.0
2011-05,22,3,0.0,0.0
2011-05,23,3,0.0,0.0
2011-05,24,3,0.0,0.0
2011-05,25,3,0.0,0.0
2011-05,26,3,0.0,0.0
2011-05,27,3,0.0,0.0
2011-05,28,3,0.0,0.0
2011-05,29,3,0.0,0.0
2011-05,30,3,0.0,0.0
2011-05,31,3,0.0,0.0
2011-05,32,3,0.0,0.0
2011-05,33,3,0.0,0.0
2011-05,34,3,0.0,0.0
2011-05,35,3,0.0,0.0
2011-05,36,3,0.0,0.0
2011-05,37,3,0.0,0.0
2011-05,38,3,0.0,0.0
2011-05,39,3,0.0,0.0
2011-05,40,3,0.0,0.0
2011-05,41,3,0.0,0.0
2011-05,42,3,0.0,0.0
2011-05,43,3,0.0,0.0
2011-05,44,3,1.0,33.33
2011-05,45,3,1.0,33.33
2011-05,46,3,1.0,33.33
2011-05,47,3,1.0,33.33
2011-05,48,3,1.0,33.33
2011-05,49,3,1.0,33.33
2011-05,50,3,1.0,33.33
2011-05,51,3,1.0,33.33
2011-05,52,3,1.0,33.33
2011-05,53,3,1.0,33.33
2011-05,54,3,1.0,33.33
2011-05,55,3,1.0,33.33
2011-05,56,3,1.0,33.33
2011-05,57,3,1.0,33.33
2011-05,58,3,1.0,33.33
2011-05,59,3,1.0,33.33
2011-05,60,3,1.0,33.33
2011-06,1,7,0.0,0.0
2011-06,2,7,0.0,0.0
2011-06,3,7,0.0,0.0
2011-06,4,7,0.0,0.0
2011-06,5,7,0.0,0.0
2011-06,6,7,0.0,0.0
2011-06,7,7,0.0,0.0
2011-06,8,7,0.0,0.0
2011-06,9,7,0.0,0.0
2011-06,10,7,0.0,0.0
2011-06,11,7,0.0,0.0
2011-06,12,7,0.0,0.0
2011-06,13,7,0.0,0.0
2011-06,14,7,0.0,0.0
2011-06,15,7,0.0,0.0
2011-06,16,7,1.0,14.29
2011-06,17,7,1.0,14.29
2011-06,18,7,1.0,14.29
2011-06,19,7,1.0,14.29
2011-06,20,7,1.0,14.29
2011-06,21,7,1.0,14.29
2011-06,22,7,1.0,14.29
2011-06,23,7,1.0,14.29
2011-06,24,7,1.0,14.29
2011-06,25,7,1.0,14.29
2011-06,26,7,1.0,14.29
2011-06,27,7,1.0,14.29
2011-06,28,7,1.0,14.29
2011-06,29,7,1.0,14.29
2011-06,30,7,1.0,14.29
2011-06,31,7,1.0,14.29
2011-06,32,7,1.0,14.29
2011-06,33,7,2.0,28.57
2011-06,34,7,2.0,28.57
2011-06,35,7,2.0,28.57
2011-06,36,7,2.0,28.57
2011-06,37,7,2.0,28.57
2011-06,38,7,2.0,28.57
2011-06,39,7,2.0,28.57
2011-06,40,7,2.0,28.57
2011-07,1,1,0.0,0.0
2011-07,2,1,0.0,0.0
2011-07,3,1,0.0,0.0
2011-07,4,1,0.0,0.0
2011-07,5,1,0.0,0.0
2011-07,6,1,0.0,0.0
2011-07,7,1,0.0,0.0
2011-07,8,1,0.0,0.0
2011-07,9,1,0.0,0.0
2011-07,10,1,0.0,0.0
2011-07,11,1,0.0,0.0
2011-07,12,1,0.0,0.0
2011-07,13,1,0.0,0.0
2011-07,14,1,0.0,0.0
2011-07,15,1,0.0,0.0
2011-07,16,1,0.0,0.0
2011-07,17,1,0.0,0.0
2011-07,18,1,0.0,0.0
2011-07,19,1,0.0,0.0
2011-07,20,1,0.0,0.0
2011-07,21,1,0.0,0.0
2011-07,22,1,0.0,0.0
2011-07,23,1,0.0,0.0
2011-07,24,1,0.0,0.0
2011-07,25,1,0.0,0.0
2011-07,26,1,0.0,0.0
2011-07,27,1,0.0,0.0
2011-07,28,1,0.0,0.0
2011-07,29,1,0.0,0.0
2011-07,30,1,0.0,0.0
2011-07,31,1,0.0,0.0
2011-07,32,1,0.0,0.0
2011-07,33,1,0.0,0.0
2011-07,34,1,0.0,0.0
2011-07,35,1,0.0,0.0
2011-07,36,1,0.0,0.0
2011-07,37,1,0.0,0.0
2011-07,38,1,0.0,0.0
2011-07,39,1,0.0,0.0
2011-07,40,1,0.0,0.0
2011-07,41,1,0.0,0.0
2011-07,42,1,0.0,0.0
2011-07,43,1,0.0,0.0
2011-07,44,1,0.0,0.0
2011-07,45,1,0.0,0.0
2011-07,46,1,0.0,0.0
2011-07,47,1,0.0,0.0
2011-07,48,1,0.0,0.0
2011-07,49,1,0.0,0.0
2011-07,50,1,0.0,0.0
2011-07,51,1,0.0,0.0
2011-07,52,1,0.0,0.0
2011-07,53,1,0.0,0.0
2011-07,54,1,0.0,0.0
2011-07,55,1,0.0,0.0
2011-07,56,1,0.0,0.0
2011-08,1,6,0.0,0.0
2011-08,2,6,0.0,0.0
2011-08,3,6,0.0,0.0
2011-08,4,6,0.0,0.0
2011-08,5,6,0.0,0.0
2011-08,6,6,0.0,0.0
2011-08,7,6,0.0,0.0
2011-08,8,6,0.0,0.0
2011-08,9,6,0.0,0.0
2011-08,10,6,0.0,0.0
2011-08,11,6,0.0,0.0
2011-08,12,6,0.0,0.0
2011-08,13,6,0.0,0.0
2011-08,14,6,0.0,0.0
2011-08,15,6,0.0,0.0
2011-08,16,6,0.0,0.0
2011-08,17,6,0.0,0.0
2011-08,18,6,0.0,0.0
2011-08,19,6,0.0,0.0
2011-08,20,6,0.0,0.0
2011-08,21,6,0.0,0.0
2011-08,22,6,0.0,0.0
2011-08,23,6,0.0,0.0
2011-08,24,6,0.0,0.0
2011-08,25,6,0.0,0.0
2011-08,26,6,0.0,0.0
2011-08,27,6,0.0,0.0
2011-08,28,6,0.0,0.0
2011-08,29,6,0.0,0.0
2011-08,30,6,1.0,16.67
2011-08,31,6,1.0,16.67
2011-08,32,6,1.0,16.67
2011-08,33,6,1.0,16.67
2011-08,34,6,1.0,16.67
2011-08,35,6,1.0,16.67
2011-08,36,6,1.0,16.67
2011-08,37,6,1.0,16.67
2011-08,38,6,1.0,16.67
2011-08,39,6,1.0,16.67
2011-08,40,6,1.0,16.67
2011-08,41,6,1.0,16.67
2011-08,42,6,1.0,16.67
2011-08,43,6,1.0,16.67
2011-08,44,6,2.0,33.33
2011-09,1,1,0.0,0.0
2011-09,2,1,0.0,0.0
2011-09,3,1,0.0,0.0
2011-09,4,1,0.0,0.0
2011-09,5,1,0.0,0.0
2011-09,6,1,0.0,0.0
2011-09,7,1,0.0,0.0
2011-09,8,1,0.0,0.0
2011-09,9,1,0.0,0.0
2011-09,10,1,0.0,0.0
2011-09,11,1,0.0,0.0
2011-09,12,1,0.0,0.0
2011-09,13,1,0.0,0.0
2011-09,14,1,0.0,0.0
2011-09,15,1,0.0,0.0
2011-09,16,1,0.0,0.0
2011-09,17,1,0.0,0.0
2011-09,18,1,0.0,0.0
2011-09,19,1,0.0,0.0
2011-09,20,1,0.0,0.0
2011-09,21,1,0.0,0.0
2011-09,22,1,0.0,0.0
2011-09,23,1,0.0,0.0
2011-09,24,1,0.0,0.0
2011-09,25,1,0.0,0.0
2011-09,26,1,0.0,0.0
2011-09,27,1,0.0,0.0
2011-09,28,1,0.0,0.0
2011-09,29,1,0.0,0.0
2011-09,30,1,0.0,0.0
2011-09,31,1,0.0,0.0
2011-09,32,1,0.0,0.0
2011-09,33,1,0.0,0.0
2011-10,1,2,0.0,0.0
2011-10,2,2,0.0,0.0
2011-10,3,2,0.0,0.0
2011-10,4,2,0.0,0.0
2011-10,5,2,0.0,0.0
2011-10,6,2,0.0,0.0
2011-10,7,2,0.0,0.0
2011-10,8,2,0.0,0.0
2011-10,9,2,0.0,0.0
2011-10,10,2,0.0,0.0
2011-10,11,2,0.0,0.0
2011-10,12,2,0.0,0.0
2011-10,13,2,0.0,0.0
2011-10,14,2,0.0,0.0
2011-10,15,2,0.0,0.0
2011-10,16,2,0.0,0.0
2011-10,17,2,0.0,0.0
2011-10,18,2,0.0,0.0
2011-10,19,2,0.0,0.0
2011-10,20,2,0.0,0.0
2011-10,21,2,0.0,0.0
2011-10,22,2,0.0,0.0
2011-10,23,2,0.0,0.0
2011-10,24,2,0.0,0.0
2011-10,25,2,0.0,0.0
2011-10,26,2,0.0,0.0
2011-10,27,2,0.0,0.0
2011-10,28,2,0.0,0.0
2011-10,29,2,0.0,0.0
2011-10,30,2,0.0,0.0
2011-10,31,2,0.0,0.0
2011-10,32,2,0.0,0.0
2011-10,33,2,0.0,0.0
2011-10,34,2,0.0,0.0
2011-10,35,2,0.0,0.0
2011-10,36,2,0.0,0.0
2011-10,37,2,0.0,0.0
2011-10,38,2,0.0,0.0
2011-10,39,2,0.0,0.0
2011-10,40,2,0.0,0.0
2011-10,41,2,0.0,0.0
2011-10,42,2,0.0,0.0
2011-10,43,2,0.0,0.0
2011-10,44,2,0.0,0.0
2011-10,45,2,0.0,0.0
2011-10,46,2,0.0,0.0
2011-10,47,2,0.0,0.0
2011-10,48,2,0.0,0.0
2011-10,49,2,0.0,0.0
2011-10,50,2,0.0,0.0
2011-10,51,2,0.0,0.0
2011-10,52,2,0.0,0.0
2011-10,53,2,0.0,0.0
2011-10,54,2,0.0,0.0
2011-10,55,2,0.0,0.0
2011-10,56,2,0.0,0.0
2011-10,57,2,0.0,0.0
2011-10,58,2,0.0,0.0
2011-10,59,2,0.0,0.0
2011-10,60,2,0.0,0.0
2011-11,1,3,0.0,0.0
2011-11,2,3,0.0,0.0
2011-11,3,3,0.0,0.0
2011-11,4,3,0.0,0.0
2011-11,5,3,0.0,0.0
2011-11,6,3,0.0,0.0
2011-11,7,3,0.0,0.0
2011-11,8,3,0.0,0.0
2011-11,9,3,0.0,0.0
2011-11,10,3,0.0,0.0
2011-11,11,3,0.0,0.0
2011-11,12,3,0.0,0.0
2011-11,13,3,0.0,0.0
2011-11,14,3,1.0,33.33
2011-12,1,8,0.0,0.0
2011-12,2,8,0.0,0.0
2011-12,3,8,0.0,0.0
2011-12,4,8,0.0,0.0
2011-12,5,8,0.0,0.0
2011-12,6,8,0.0,0.0
2011-12,7,8,0.0,0.0
2011-12,8,8,0.0,0.0
2011-12,9,8,0.0,0.0
2011-12,10,8,0.0,0.0
2011-12,11,8,0.0,0.0
2011-12,12,8,0.0,0.0
2011-12,13,8,0.0,0.0
2011-12,14,8,0.0,0.0
2011-12,15,8,1.0,12.5
2011-12,16,8,1.0,12.5
2011-12,17,8,1.0,12.5
2011-12,18,8,1.0,12.5
2011-12,19,8,1.0,12.5
2011-12,20,8,1.0,12.5
2011-12,21,8,1.0,12.5
2011-12,22,8,1.0,12.5
2011-12,23,8,1.0,12.5
2011-12,24,8,1.0,12.5
2011-12,25,8,1.0,12.5
2011-12,26,8,1.0,12.5
2011-12,27,8,1.0,12.5
2011-12,28,8,1.0,12.5
2011-12,29,8,1.0,12.5
2011-12,30,8,1.0,12.5
2011-12,31,8,1.0,12.5
2011-12,32,8,1.0,12.5
2011-12,33,8,1.0,12.5
2011-12,34,8,1.0,12.5
2011-12,35,8,1.0,12.5
2011-12,36,8,1.0,12.5
2011-12,37,8,1.0,12.5
2011-12,38,8,1.0,12.5
2011-12,39,8,1.0,12.5
2011-12,40,8,1.0,12.5
2011-12,41,8,1.0,12.5
2011-12,42,8,1.0,12.5
2011-12,43,8,1.0,12.5
2011-12,44,8,1.0,12.5
2011-12,45,8,1.0,12.5
2011-12,46,8,1.0,12.5
2011-12,47,8,1.0,12.5
2011-12,48,8,1.0,12.5
2011-12,49,8,1.0,12.5
2011-12,50,8,1.0,12.5
2011-12,51,8,1.0,12.5
2011-12,52,8,1.0,12.5
2011-12,53,8,1.0,12.5
2011-12,54,8,1.0,12.5
2011-12,55,8,1.0,12.5
2011-12,56,8,1.0,12.5
2011-12,57,8,1.0,12.5
2011-12,58,8,1.0,12.5
2011-12,59,8,1.0,12.5
2011-12,60,8,1.0,12.5
2012-01,1,6,0.0,0.0
2012-01,2,6,0.0,0.0
2012-01,3,6,0.0,0.0
2012-01,4,6,0.0,0.0
2012-01,5,6,0.0,0.0
2012-01,6,6,0.0,0.0
2012-01,7,6,0.0,0.0
2012-01,8,6,0.0,0.0
2012-01,9,6,0.0,0.0
2012-01,10,6,0.0,0.0
2012-01,11,6,0.0,0.0
2012-01,12,6,0.0,0.0
2012-01,13,6,0.0,0.0
2012-01,14,6,0.0,0.0
2012-01,15,6,0.0,0.0
2012-01,16,6,0.0,0.0
2012-01,17,6,0.0,0.0
2012-01,18,6,0.0,0.0
2012-01,19,6,0.0,0.0
2012-01,20,6,0.0,0.0
2012-01,21,6,0.0,0.0
2012-01,22,6,0.0,0.0
2012-01,23,6,0.0,0.0
2012-01,24,6,0.0,0.0
2012-01,25,6,0.0,0.0
2012-01,26,6,0.0,0.0
2012-01,27,6,0.0,0.0
2012-01,28,6,0.0,0.0
2012-01,29,6,0.0,0.0
2012-01,30,6,0.0,0.0
2012-01,31,6,0.0,0.0
2012-01,32,6,0.0,0.0
2012-01,33,6,1.0,16.67
2012-01,34,6,1.0,16.67
2012-01,35,6,1.0,16.67
2012-01,36,6,1.0,16.67
2012-01,37,6,1.0,16.67
2012-01,38,6,1.0,16.67
2012-01,39,6,1.0,16.67
2012-01,40,6,1.0,16.67
2012-01,41,6,1.0,16.67
2012-01,42,6,1.0,16.67
2012-01,43,6,1.0,16.67
2012-01,44,6,1.0,16.67
2012-01,45,6,1.0,16.67
2012-01,46,6,1.0,16.67
2012-01,47,6,1.0,16.67
2012-01,48,6,1.0,16.67
2012-01,49,6,1.0,16.67
2012-01,50,6,1.0,16.67
2012-01,51,6,1.0,16.67
2012-01,52,6,1.0,16.67
2012-01,53,6,1.0,16.67
2012-01,54,6,1.0,16.67
2012-01,55,6,1.0,16.67
2012-01,56,6,1.0,16.67
2012-01,57,6,1.0,16.67
2012-01,58,6,1.0,16.67
2012-01,59,6,1.0,16.67
2012-01,60,6,1.0,16.67
2012-02,1,8,0.0,0.0
2012-02,2,8,0.0,0.0
2012-02,3,8,0.0,0.0
2012-02,4,8,0.0,0.0
2012-02,5,8,0.0,0.0
2012-02,6,8,0.0,0.0
2012-02,7,8,0.0,0.0
2012-02,8,8,0.0,0.0
2012-02,9,8,0.0,0.0
2012-02,10,8,0.0,0.0
2012-02,11,8,0.0,0.0
2012-02,12,8,0.0,0.0
2012-02,13,8,0.0,0.0
2012-02,14,8,0.0,0.0
2012-02,15,8,0.0,0.0
2012-02,16,8,0.0,0.0
2012-02,17,8,0.0,0.0
2012-02,18,8,0.0,0.0
2012-02,19,8,0.0,0.0
2012-02,20,8,0.0,0.0
2012-02,21,8,0.0,0.0
2012-02,22,8,0.0,0.0
2012-02,23,8,0.0,0.0
2012-02,24,8,0.0,0.0
2012-02,25,8,0.0,0.0
2012-02,26,8,0.0,0.0
2012-02,27,8,0.0,0.0
2012-02,28,8,0.0,0.0
2012-02,29,8,0.0,0.0
2012-02,30,8,0.0,0.0
2012-02,31,8,0.0,0.0
2012-02,32,8,0.0,0.0
2012-02,33,8,0.0,0.0
2012-02,34,8,0.0,0.0
2012-02,35,8,0.0,0.0
2012-02,36,8,0.0,0.0
2012-02,37,8,0.0,0.0
2012-02,38,8,0.0,0.0
2012-02,39,8,1.0,12.5
2012-03,1,4,0.0,0.0
2012-03,2,4,0.0,0.0
2012-03,3,4,0.0,0.0
2012-03,4,4,0.0,0.0
2012-03,5,4,0.0,0.0
2012-03,6,4,0.0,0.0
2012-03,7,4,0.0,0.0
2012-03,8,4,0.0,0.0
2012-03,9,4,0.0,0.0
2012-03,10,4,0.0,0.0
2012-03,11,4,0.0,0.0
2012-03,12,4,0.0,0.0
2012-03,13,4,0.0,0.0
2012-03,14,4,0.0,0.0
2012-03,15,4,0.0,0.0
2012-03,16,4,0.0,0.0
2012-03,17,4,0.0,0.0
2012-03,18,4,0.0,0.0
2012-03,19,4,0.0,0.0
2012-03,20,4,0.0,0.0
2012-03,21,4,0.0,0.0
2012-03,22,4,0.0,0.0
2012-03,23,4,0.0,0.0
2012-03,24,4,0.0,0.0
2012-03,25,4,0.0,0.0
2012-03,26,4,0.0,0.0
2012-03,27,4,0.0,0.0
2012-03,28,4,1.0,25.0
2012-03,29,4,1.0,25.0
2012-03,30,4,1.0,25.0
2012-03,31,4,1.0,25.0
2012-03,32,4,1.0,25.0
2012-03,33,4,1.0,25.0
2012-03,34,4,1.0,25.0
2012-03,35,4,1.0,25.0
2012-03,36,4,1.0,25.0
2012-04,1,4,0.0,0.0
2012-04,2,4,0.0,0.0
2012-04,3,4,0.0,0.0
2012-04,4,4,0.0,0.0
2012-04,5,4,0.0,0.0
2012-04,6,4,0.0,0.0
2012-04,7,4,0.0,0.0
2012-04,8,4,0.0,0.0
2012-04,9,4,0.0,0.0
2012-04,10,4,0.0,0.0
2012-04,11,4,0.0,0.0
2012-04,12,4,0.0,0.0
2012-04,13,4,0.0,0.0
2012-04,14,4,0.0,0.0
2012-04,15,4,0.0,0.0
2012-04,16,4,0.0,0.0
2012-04,17,4,0.0,0.0
2012-04,18,4,0.0,0.0
2012-04,19,4,0.0,0.0
2012-04,20,4,0.0,0.0
2012-04,21,4,0.0,0.0
2012-04,22,4,0.0,0.0
2012-04,23,4,0.0,0.0
2012-04,24,4,0.0,0.0
2012-04,25,4,0.0,0.0
2012-04,26,4,0.0,0.0
2012-04,27,4,0.0,0.0
2012-04,28,4,0.0,0.0
2012-04,29,4,0.0,0.0
2012-04,30,4,0.0,0.0
2012-04,31,4,0.0,0.0
2012-04,32,4,0.0,0.0
2012-04,33,4,0.0,0.0
2012-04,34,4,0.0,0.0
2012-04,35,4,0.0,0.0
2012-04,36,4,0.0,0.0
2012-05,1,7,0.0,0.0
2012-05,2,7,0.0,0.0
2012-05,3,7,0.0,0.0
2012-05,4,7,0.0,0.0
2012-05,5,7,0.0,0.0
2012-05,6,7,0.0,0.0
2012-05,7,7,0.0,0.0
2012-05,8,7,0.0,0.0
2012-05,9,7,0.0,0.0
2012-05,10,7,0.0,0.0
2012-05,11,7,0.0,0.0
2012-05,12,7,0.0,0.0
2012-05,13,7,0.0,0.0
2012-05,14,7,0.0,0.0
2012-05,15,7,0.0,0.0
2012-05,16,7,0.0,0.0
2012-05,17,7,1.0,14.29
2012-05,18,7,1.0,14.29
2012-05,19,7,1.0,14.29
2012-05,20,7,1.0,14.29
2012-05,21,7,1.0,14.29
2012-05,22,7,1.0,14.29
2012-05,23,7,1.0,14.29
2012-05,24,7,1.0,14.29
2012-05,25,7,2.0,28.57
2012-05,26,7,3.0,42.86
2012-05,27,7,3.0,42.86
2012-05,28,7,3.0,42.86
2012-05,29,7,3.0,42.86
2012-05,30,7,3.0,42.86
2012-05,31,7,3.0,42.86
2012-05,32,7,3.0,42.86
2012-05,33,7,3.0,42.86
2012-05,34,7,3.0,42.86
2012-05,35,7,3.0,42.86
2012-05,36,7,3.0,42.86
2012-05,37,7,3.0,42.86
2012-05,38,7,3.0,42.86
2012-05,39,7,3.0,42.86
2012-05,40,7,3.0,42.86
2012-05,41,7,3.0,42.86
2012-05,42,7,3.0,42.86
2012-05,43,7,3.0,42.86
2012-05,44,7,3.0,42.86
2012-05,45,7,3.0,42.86
2012-05,46,7,3.0,42.86
2012-05,47,7,3.0,42.86
2012-05,48,7,3.0,42.86
2012-05,49,7,3.0,42.86
2012-05,50,7,3.0,42.86
2012-05,51,7,3.0,42.86
2012-05,52,7,3.0,42.86
2012-05,53,7,3.0,42.86
2012-05,54,7,3.0,42.86
2012-05,55,7,3.0,42.86
2012-05,56,7,3.0,42.86
2012-05,57,7,3.0,42.86
2012-05,58,7,3.0,42.86
2012-05,59,7,3.0,42.86
2012-05,60,7,3.0,42.86
2012-06,1,3,0.0,0.0
2012-06,2,3,0.0,0.0
2012-06,3,3,0.0,0.0
2012-06,4,3,0.0,0.0
2012-06,5,3,0.0,0.0
2012-06,6,3,0.0,0.0
2012-06,7,3,0.0,0.0
2012-06,8,3,0.0,0.0
2012-06,9,3,0.0,0.0
2012-06,10,3,0.0,0.0
2012-06,11,3,0.0,0.0
2012-06,12,3,0.0,0.0
2012-06,13,3,0.0,0.0
2012-06,14,3,0.0,0.0
2012-06,15,3,0.0,0.0
2012-06,16,3,0.0,0.0
2012-06,17,3,0.0,0.0
2012-06,18,3,0.0,0.0
2012-06,19,3,0.0,0.0
2012-06,20,3,0.0,0.0
2012-06,21,3,0.0,0.0
2012-06,22,3,0.0,0.0
2012-06,23,3,0.0,0.0
2012-06,24,3,0.0,0.0
2012-06,25,3,0.0,0.0
2012-06,26,3,0.0,0.0
2012-06,27,3,0.0,0.0
2012-06,28,3,0.0,0.0
2012-06,29,3,0.0,0.0
2012-06,30,3,0.0,0.0
2012-06,31,3,0.0,0.0
2012-06,32,3,0.0,0.0
2012-06,33,3,0.0,0.0
2012-06,34,3,0.0,0.0
2012-06,35,3,0.0,0.0
2012-06,36,3,0.0,0.0
2012-07,1,11,0.0,0.0
2012-07,2,11,0.0,0.0
2012-07,3,11,0.0,0.0
2012-07,4,11,0.0,0.0
2012-07,5,11,0.0,0.0
2012-07,6,11,0.0,0.0
2012-07,7,11,0.0,0.0
2012-07,8,11,0.0,0.0
2012-07,9,11,0.0,0.0
2012-07,10,11,1.0,9.09
2012-07,11,11,1.0,9.09
2012-07,12,11,1.0,9.09
2012-07,13,11,1.0,9.09
2012-07,14,11,1.0,9.09
2012-07,15,11,1.0,9.09
2012-07,16,11,1.0,9.09
2012-07,17,11,1.0,9.09
2012-07,18,11,1.0,9.09
2012-07,19,11,1.0,9.09
2012-07,20,11,1.0,9.09
2012-07,21,11,1.0,9.09
2012-07,22,11,1.0,9.09
2012-07,23,11,1.0,9.09
2012-07,24,11,1.0,9.09
2012-07,25,11,1.0,9.09
2012-07,26,11,1.0,9.09
2012-07,27,11,2.0,18.18
2012-07,28,11,2.0,18.18
2012-07,29,11,2.0,18.18
2012-07,30,11,2.0,18.18
2012-07,31,11,2.0,18.18
2012-07,32,11,2.0,18.18
2012-07,33,11,2.0,18.18
2012-07,34,11,2.0,18.18
2012-07,35,11,2.0,18.18
2012-07,36,11,2.0,18.18
2012-07,37,11,2.0,18.18
2012-07,38,11,2.0,18.18
2012-07,39,11,2.0,18.18
2012-07,40,11,2.0,18.18
2012-07,41,11,2.0,18.18
2012-07,42,11,2.0,18.18
2012-07,43,11,2.0,18.18
2012-07,44,11,2.0,18.18
2012-07,45,11,2.0,18.18
2012-07,46,11,2.0,18.18
2012-07,47,11,2.0,18.18
2012-07,48,11,3.0,27.27
2012-07,49,11,3.0,27.27
2012-07,50,11,3.0,27.27
2012-07,51,11,3.0,27.27
2012-07,52,11,3.0,27.27
2012-07,53,11,3.0,27.27
2012-07,54,11,3.0,27.27
2012-07,55,11,3.0,27.27
2012-07,56,11,3.0,27.27
2012-07,57,11,3.0,27.27
2012-07,58,11,3.0,27.27
2012-07,59,11,3.0,27.27
2012-07,60,11,3.0,27.27
2012-08,1,7,0.0,0.0
2012-08,2,7,0.0,0.0
2012-08,3,7,0.0,0.0
2012-08,4,7,0.0,0.0
2012-08,5,7,0.0,0.0
2012-08,6,7,0.0,0.0
2012-08,7,7,0.0,0.0
2012-08,8,7,0.0,0.0
2012-08,9,7,0.0,0.0
2012-08,10,7,0.0,0.0
2012-08,11,7,0.0,0.0
2012-08,12,7,0.0,0.0
2012-08,13,7,0.0,0.0
2012-08,14,7,0.0,0.0
2012-08,15,7,0.0,0.0
2012-08,16,7,0.0,0.0
2012-08,17,7,0.0,0.0
2012-08,18,7,0.0,0.0
2012-08,19,7,0.0,0.0
2012-08,20,7,0.0,0.0
2012-08,21,7,0.0,0.0
2012-08,22,7,0.0,0.0
2012-08,23,7,0.0,0.0
2012-08,24,7,0.0,0.0
2012-08,25,7,0.0,0.0
2012-08,26,7,0.0,0.0
2012-08,27,7,0.0,0.0
2012-08,28,7,0.0,0.0
2012-08,29,7,0.0,0.0
2012-08,30,7,0.0,0.0
2012-08,31,7,0.0,0.0
2012-08,32,7,0.0,0.0
2012-08,33,7,0.0,0.0
2012-08,34,7,0.0,0.0
2012-08,35,7,0.0,0.0
2012-08,36,7,0.0,0.0
2012-08,37,7,0.0,0.0
2012-08,38,7,0.0,0.0
2012-08,39,7,0.0,0.0
2012-08,40,7,0.0,0.0
2012-08,41,7,0.0,0.0
2012-08,42,7,0.0,0.0
2012-08,43,7,0.0,0.0
2012-08,44,7,0.0,0.0
2012-08,45,7,1.0,14.29
2012-08,46,7,1.0,14.29
2012-08,47,7,1.0,14.29
2012-08,48,7,1.0,14.29
2012-08,49,7,1.0,14.29
2012-08,50,7,1.0,14.29
2012-08,51,7,1.0,14.29
2012-08,52,7,1.0,14.29
2012-08,53,7,1.0,14.29
2012-08,54,7,1.0,14.29
2012-09,1,9,0.0,0.0
2012-09,2,9,0.0,0.0
2012-09,3,9,0.0,0.0
2012-09,4,9,0.0,0.0
2012-09,5,9,0.0,0.0
2012-09,6,9,0.0,0.0
2012-09,7,9,0.0,0.0
2012-09,8,9,0.0,0.0
2012-09,9,9,0.0,0.0
2012-09,10,9,0.0,0.0
2012-09,11,9,1.0,11.11
2012-09,12,9,1.0,11.11
2012-09,13,9,1.0,11.11
2012-09,14,9,1.0,11.11
2012-09,15,9,1.0,11.11
2012-09,16,9,2.0,22.22
2012-09,17,9,2.0,22.22
2012-09,18,9,2.0,22.22
2012-09,19,9,2.0,22.22
2012-09,20,9,2.0,22.22
2012-09,21,9,2.0,22.22
2012-09,22,9,2.0,22.22
2012-09,23,9,2.0,22.22
2012-09,24,9,2.0,22.22
2012-09,25,9,2.0,22.22
2012-09,26,9,2.0,22.22
2012-09,27,9,2.0,22.22
2012-09,28,9,2.0,22.22
2012-09,29,9,2.0,22.22
2012-09,30,9,2.0,22.22
2012-09,31,9,2.0,22.22
2012-09,32,9,2.0,22.22
2012-09,33,9,2.0,22.22
2012-09,34,9,3.0,33.33
2012-09,35,9,3.0,33.33
2012-09,36,9,3.0,33.33
2012-09,37,9,3.0,33.33
2012-09,38,9,3.0,33.33
2012-09,39,9,3.0,33.33
2012-09,40,9,3.0,33.33
2012-09,41,9,3.0,33.33
2012-09,42,9,3.0,33.33
2012-09,43,9,3.0,33.33
2012-09,44,9,3.0,33.33
2012-10,1,12,0.0,0.0
2012-10,2,12,0.0,0.0
2012-10,3,12,0.0,0.0
2012-10,4,12,0.0,0.0
2012-10,5,12,0.0,0.0
2012-10,6,12,0.0,0.0
2012-10,7,12,0.0,0.0
2012-10,8,12,0.0,0.0
2012-10,9,12,0.0,0.0
2012-10,10,12,0.0,0.0
2012-10,11,12,0.0,0.0
2012-10,12,12,0.0,0.0
2012-10,13,12,0.0,0.0
2012-10,14,12,0.0,0.0
2012-10,15,12,0.0,0.0
2012-10,16,12,0.0,0.0
2012-10,17,12,0.0,0.0
2012-10,18,12,0.0,0.0
2012-10,19,12,0.0,0.0
2012-10,20,12,0.0,0.0
2012-10,21,12,0.0,0.0
2012-10,22,12,0.0,0.0
2012-10,23,12,0.0,0.0
2012-10,24,12,0.0,0.0
2012-10,25,12,0.0,0.0
2012-10,26,12,0.0,0.0
2012-10,27,12,0.0,0.0
2012-10,28,12,0.0,0.0
2012-10,29,12,0.0,0.0
2012-10,30,12,0.0,0.0
2012-10,31,12,1.0,8.33
2012-10,32,12,1.0,8.33
2012-10,33,12,1.0,8.33
2012-10,34,12,1.0,8.33
2012-10,35,12,1.0,8.33
2012-10,36,12,1.0,8.33
2012-10,37,12,1.0,8.33
2012-10,38,12,1.0,8.33
2012-10,39,12,1.0,8.33
2012-10,40,12,1.0,8.33
2012-10,41,12,1.0,8.33
2012-10,42,12,1.0,8.33
2012-10,43,12,1.0,8.33
2012-10,44,12,1.0,8.33
2012-10,45,12,1.0,8.33
2012-10,46,12,1.0,8.33
2012-10,47,12,1.0,8.33
2012-10,48,12,1.0,8.33
2012-10,49,12,1.0,8.33
2012-10,50,12,1.0,8.33
2012-10,51,12,1.0,8.33
2012-10,52,12,1.0,8.33
2012-10,53,12,1.0,8.33
2012-10,54,12,1.0,8.33
2012-10,55,12,1.0,8.33
2012-10,56,12,1.0,8.33
2012-10,57,12,1.0,8.33
2012-10,58,12,1.0,8.33
2012-10,59,12,1.0,8.33
2012-10,60,12,1.0,8.33
2012-11,1,11,0.0,0.0
2012-11,2,11,0.0,0.0
2012-11,3,11,0.0,0.0
2012-11,4,11,0.0,0.0
2012-11,5,11,0.0,0.0
2012-11,6,11,0.0,0.0
2012-11,7,11,0.0,0.0
2012-11,8,11,0.0,0.0
2012-11,9,11,0.0,0.0
2012-11,10,11,0.0,0.0
2012-11,11,11,0.0,0.0
2012-11,12,11,0.0,0.0
2012-11,13,11,0.0,0.0
2012-11,14,11,0.0,0.0
2012-11,15,11,0.0,0.0
2012-11,16,11,0.0,0.0
2012-11,17,11,0.0,0.0
2012-11,18,11,0.0,0.0
2012-11,19,11,0.0,0.0
2012-11,20,11,0.0,0.0
2012-11,21,11,1.0,9.09
2012-11,22,11,1.0,9.09
2012-11,23,11,2.0,18.18
2012-11,24,11,2.0,18.18
2012-11,25,11,2.0,18.18
2012-11,26,11,2.0,18.18
2012-11,27,11,2.0,18.18
2012-11,28,11,2.0,18.18
2012-11,29,11,2.0,18.18
2012-11,30,11,2.0,18.18
2012-11,31,11,2.0,18.18
2012-11,32,11,2.0,18.18
2012-11,33,11,2.0,18.18
2012-11,34,11,2.0,18.18
2012-11,35,11,2.0,18.18
2012-11,36,11,2.0,18.18
2012-11,37,11,2.0,18.18
2012-11,38,11,2.0,18.18
2012-11,39,11,2.0,18.18
2012-11,40,11,2.0,18.18
2012-11,41,11,2.0,18.18
2012-11,42,11,2.0,18.18
2012-11,43,11,2.0,18.18
2012-11,44,11,2.0,18.18
2012-11,45,11,2.0,18.18
2012-11,46,11,2.0,18.18
2012-11,47,11,2.0,18.18
2012-11,48,11,2.0,18.18
2012-11,49,11,2.0,18.18
2012-11,50,11,2.0,18.18
2012-12,1,8,0.0,0.0
2012-12,2,8,0.0,0.0
2012-12,3,8,0.0,0.0
2012-12,4,8,0.0,0.0
2012-12,5,8,0.0,0.0
2012-12,6,8,1.0,12.5
2012-12,7,8,1.0,12.5
2012-12,8,8,1.0,12.5
2012-12,9,8,1.0,12.5
2012-12,10,8,1.0,12.5
2012-12,11,8,1.0,12.5
2012-12,12,8,1.0,12.5
2012-12,13,8,1.0,12.5
2012-12,14,8,1.0,12.5
2012-12,15,8,1.0,12.5
2012-12,16,8,1.0,12.5
2012-12,17,8,1.0,12.5
2012-12,18,8,1.0,12.5
2012-12,19,8,1.0,12.5
2012-12,20,8,1.0,12.5
2012-12,21,8,1.0,12.5
2012-12,22,8,1.0,12.5
2012-12,23,8,1.0,12.5
2012-12,24,8,1.0,12.5
2012-12,25,8,1.0,12.5
2012-12,26,8,1.0,12.5
2012-12,27,8,2.0,25.0
2012-12,28,8,2.0,25.0
2012-12,29,8,2.0,25.0
2012-12,30,8,2.0,25.0
2012-12,31,8,2.0,25.0
2012-12,32,8,2.0,25.0
2012-12,33,8,2.0,25.0
2012-12,34,8,2.0,25.0
2012-12,35,8,2.0,25.0
2012-12,36,8,2.0,25.0
2012-12,37,8,2.0,25.0
2012-12,38,8,2.0,25.0
2012-12,39,8,2.0,25.0
2012-12,40,8,2.0,25.0
2012-12,41,8,2.0,25.0
2012-12,42,8,2.0,25.0
2012-12,43,8,2.0,25.0
2012-12,44,8,2.0,25.0
2012-12,45,8,2.0,25.0
2012-12,46,8,2.0,25.0
2012-12,47,8,2.0,25.0
2012-12,48,8,2.0,25.0
2012-12,49,8,2.0,25.0
2012-12,50,8,2.0,25.0
2012-12,51,8,2.0,25.0
2012-12,52,8,2.0,25.0
2012-12,53,8,2.0,25.0
2012-12,54,8,2.0,25.0
2012-12,55,8,2.0,25.0
2012-12,56,8,2.0,25.0
2012-12,57,8,2.0,25.0
2012-12,58,8,2.0,25.0
2012-12,59,8,2.0,25.0
2012-12,60,8,2.0,25.0
2013-01,1,12,0.0,0.0
2013-01,2,12,0.0,0.0
2013-01,3,12,0.0,0.0
2013-01,4,12,0.0,0.0
2013-01,5,12,0.0,0.0
2013-01,6,12,0.0,0.0
2013-01,7,12,0.0,0.0
2013-01,8,12,0.0,0.0
2013-01,9,12,0.0,0.0
2013-01,10,12,0.0,0.0
2013-01,11,12,0.0,0.0
2013-01,12,12,0.0,0.0
2013-01,13,12,1.0,8.33
2013-01,14,12,1.0,8.33
2013-01,15,12,1.0,8.33
2013-01,16,12,1.0,8.33
2013-01,17,12,1.0,8.33
2013-01,18,12,1.0,8.33
2013-01,19,12,1.0,8.33
2013-01,20,12,1.0,8.33
2013-01,21,12,1.0,8.33
2013-01,22,12,1.0,8.33
2013-01,23,12,1.0,8.33
2013-01,24,12,1.0,8.33
2013-01,25,12,1.0,8.33
2013-01,26,12,1.0,8.33
2013-01,27,12,1.0,8.33
2013-01,28,12,1.0,8.33
2013-01,29,12,1.0,8.33
2013-01,30,12,1.0,8.33
2013-01,31,12,1.0,8.33
2013-01,32,12,1.0,8.33
2013-01,33,12,1.0,8.33
2013-01,34,12,1.0,8.33
2013-01,35,12,1.0,8.33
2013-01,36,12,1.0,8.33
2013-01,37,12,1.0,8.33
2013-01,38,12,1.0,8.33
2013-01,39,12,1.0,8.33
2013-01,40,12,1.0,8.33
2013-01,41,12,1.0,8.33
2013-01,42,12,1.0,8.33
2013-01,43,12,1.0,8.33
2013-01,44,12,1.0,8.33
2013-01,45,12,1.0,8.33
2013-01,46,12,1.0,8.33
2013-01,47,12,1.0,8.33
2013-01,48,12,1.0,8.33
2013-01,49,12,1.0,8.33
2013-01,50,12,1.0,8.33
2013-01,51,12,1.0,8.33
2013-01,52,12,1.0,8.33
2013-01,53,12,1.0,8.33
2013-01,54,12,1.0,8.33
2013-01,55,12,1.0,8.33
2013-01,56,12,1.0,8.33
2013-01,57,12,1.0,8.33
2013-01,58,12,1.0,8.33
2013-01,59,12,1.0,8.33
2013-01,60,12,1.0,8.33
2013-02,1,9,0.0,0.0
2013-02,2,9,0.0,0.0
2013-02,3,9,0.0,0.0
2013-02,4,9,0.0,0.0
2013-02,5,9,0.0,0.0
2013-02,6,9,0.0,0.0
2013-02,7,9,0.0,0.0
2013-02,8,9,0.0,0.0
2013-02,9,9,1.0,11.11
2013-02,10,9,1.0,11.11
2013-02,11,9,1.0,11.11
2013-02,12,9,1.0,11.11
2013-02,13,9,1.0,11.11
2013-02,14,9,2.0,22.22
2013-02,15,9,2.0,22.22
2013-02,16,9,2.0,22.22
2013-02,17,9,2.0,22.22
2013-02,18,9,3.0,33.33
2013-02,19,9,3.0,33.33
2013-02,20,9,3.0,33.33
2013-02,21,9,3.0,33.33
2013-02,22,9,3.0,33.33
2013-02,23,9,3.0,33.33
2013-02,24,9,3.0,33.33
2013-02,25,9,3.0,33.33
2013-02,26,9,3.0,33.33
2013-02,27,9,3.0,33.33
2013-02,28,9,3.0,33.33
2013-02,29,9,3.0,33.33
2013-02,30,9,3.0,33.33
2013-02,31,9,3.0,33.33
2013-02,32,9,3.0,33.33
2013-02,33,9,3.0,33.33
2013-02,34,9,3.0,33.33
2013-02,35,9,3.0,33.33
2013-02,36,9,3.0,33.33
2013-03,1,17,0.0,0.0
2013-03,2,17,0.0,0.0
2013-03,3,17,0.0,0.0
2013-03,4,17,0.0,0.0
2013-03,5,17,0.0,0.0
2013-03,6,17,0.0,0.0
2013-03,7,17,0.0,0.0
2013-03,8,17,0.0,0.0
2013-03,9,17,0.0,0.0
2013-03,10,17,0.0,0.0
2013-03,11,17,0.0,0.0
2013-03,12,17,0.0,0.0
2013-03,13,17,0.0,0.0
2013-03,14,17,0.0,0.0
2013-03,15,17,0.0,0.0
2013-03,16,17,0.0,0.0
2013-03,17,17,0.0,0.0
2013-03,18,17,0.0,0.0
2013-03,19,17,0.0,0.0
2013-03,20,17,0.0,0.0
2013-03,21,17,0.0,0.0
2013-03,22,17,0.0,0.0
2013-03,23,17,0.0,0.0
2013-03,24,17,0.0,0.0
2013-03,25,17,0.0,0.0
2013-03,26,17,0.0,0.0
2013-03,27,17,0.0,0.0
2013-03,28,17,0.0,0.0
2013-03,29,17,0.0,0.0
2013-03,30,17,0.0,0.0
2013-03,31,17,0.0,0.0
2013-03,32,17,0.0,0.0
2013-03,33,17,0.0,0.0
2013-03,34,17,0.0,0.0
2013-03,35,17,0.0,0.0
2013-03,36,17,0.0,0.0
2013-03,37,17,0.0,0.0
2013-03,38,17,0.0,0.0
2013-03,39,17,0.0,0.0
2013-03,40,17,0.0,0.0
2013-03,41,17,0.0,0.0
2013-03,42,17,0.0,0.0
2013-03,43,17,1.0,5.88
2013-03,44,17,1.0,5.88
2013-03,45,17,1.0,5.88
2013-03,46,17,1.0,5.88
2013-03,47,17,1.0,5.88
2013-03,48,17,1.0,5.88
2013-03,49,17,1.0,5.88
2013-03,50,17,1.0,5.88
2013-03,51,17,1.0,5.88
2013-03,52,17,1.0,5.88
2013-03,53,17,1.0,5.88
2013-03,54,17,1.0,5.88
2013-03,55,17,1.0,5.88
2013-03,56,17,1.0,5.88
2013-03,57,17,1.0,5.88
2013-03,58,17,1.0,5.88
2013-03,59,17,1.0,5.88
2013-03,60,17,1.0,5.88
2013-04,1,11,0.0,0.0
2013-04,2,11,0.0,0.0
2013-04,3,11,0.0,0.0
2013-04,4,11,0.0,0.0
2013-04,5,11,0.0,0.0
2013-04,6,11,0.0,0.0
2013-04,7,11,0.0,0.0
2013-04,8,11,1.0,9.09
2013-04,9,11,2.0,18.18
2013-04,10,11,2.0,18.18
2013-04,11,11,2.0,18.18
2013-04,12,11,2.0,18.18
2013-04,13,11,2.0,18.18
2013-04,14,11,2.0,18.18
2013-04,15,11,2.0,18.18
2013-04,16,11,2.0,18.18
2013-04,17,11,2.0,18.18
2013-04,18,11,2.0,18.18
2013-04,19,11,2.0,18.18
2013-04,20,11,2.0,18.18
2013-04,21,11,2.0,18.18
2013-04,22,11,2.0,18.18
2013-04,23,11,2.0,18.18
2013-04,24,11,2.0,18.18
2013-04,25,11,2.0,18.18
2013-04,26,11,2.0,18.18
2013-04,27,11,2.0,18.18
2013-04,28,11,2.0,18.18
2013-04,29,11,2.0,18.18
2013-04,30,11,2.0,18.18
2013-04,31,11,2.0,18.18
2013-04,32,11,2.0,18.18
2013-04,33,11,2.0,18.18
2013-04,34,11,2.0,18.18
2013-04,35,11,2.0,18.18
2013-04,36,11,2.0,18.18
2013-04,37,11,2.0,18.18
2013-04,38,11,2.0,18.18
2013-04,39,11,2.0,18.18
2013-04,40,11,2.0,18.18
2013-04,41,11,2.0,18.18
2013-04,42,11,2.0,18.18
2013-04,43,11,2.0,18.18
2013-04,44,11,2.0,18.18
2013-04,45,11,2.0,18.18
2013-04,46,11,2.0,18.18
2013-04,47,11,2.0,18.18
2013-04,48,11,2.0,18.18
2013-04,49,11,2.0,18.18
2013-04,50,11,2.0,18.18
2013-04,51,11,2.0,18.18
2013-04,52,11,2.0,18.18
2013-04,53,11,2.0,18.18
2013-04,54,11,2.0,18.18
2013-04,55,11,2.0,18.18
2013-04,56,11,2.0,18.18
2013-04,57,11,2.0,18.18
2013-04,58,11,2.0,18.18
2013-04,59,11,2.0,18.18
2013-04,60,11,2.0,18.18
2013-05,1,25,0.0,0.0
2013-05,2,25,0.0,0.0
2013-05,3,25,0.0,0.0
2013-05,4,25,1.0,4.0
2013-05,5,25,1.0,4.0
2013-05,6,25,1.0,4.0
2013-05,7,25,2.0,8.0
2013-05,8,25,2.0,8.0
2013-05,9,25,2.0,8.0
2013-05,10,25,2.0,8.0
2013-05,11,25,2.0,8.0
2013-05,12,25,2.0,8.0
2013-05,13,25,2.0,8.0
2013-05,14,25,2.0,8.0
2013-05,15,25,2.0,8.0
2013-05,16,25,2.0,8.0
2013-05,17,25,2.0,8.0
2013-05,18,25,2.0,8.0
2013-05,19,25,2.0,8.0
2013-05,20,25,2.0,8.0
2013-05,21,25,2.0,8.0
2013-05,22,25,2.0,8.0
2013-05,23,25,2.0,8.0
2013-05,24,25,2.0,8.0
2013-05,25,25,2.0,8.0
2013-05,26,25,2.0,8.0
2013-05,27,25,2.0,8.0
2013-05,28,25,2.0,8.0
2013-05,29,25,2.0,8.0
2013-05,30,25,2.0,8.0
2013-05,31,25,2.0,8.0
2013-05,32,25,2.0,8.0
2013-05,33,25,3.0,12.0
2013-05,34,25,3.0,12.0
2013-05,35,25,3.0,12.0
2013-05,36,25,3.0,12.0
2013-05,37,25,3.0,12.0
2013-05,38,25,3.0,12.0
2013-05,39,25,3.0,12.0
2013-05,40,25,3.0,12.0
2013-05,41,25,3.0,12.0
2013-05,42,25,3.0,12.0
2013-05,43,25,3.0,12.0
2013-05,44,25,4.0,16.0
2013-05,45,25,4.0,16.0
2013-05,46,25,4.0,16.0
2013-05,47,25,4.0,16.0
2013-05,48,25,4.0,16.0
2013-05,49,25,4.0,16.0
2013-05,50,25,4.0,16.0
2013-05,51,25,4.0,16.0
2013-05,52,25,5.0,20.0
2013-05,53,25,6.0,24.0
2013-05,54,25,6.0,24.0
2013-05,55,25,6.0,24.0
2013-05,56,25,6.0,24.0
2013-05,57,25,6.0,24.0
2013-05,58,25,6.0,24.0
2013-05,59,25,6.0,24.0
2013-05,60,25,6.0,24.0
2013-06,1,16,0.0,0.0
2013-06,2,16,0.0,0.0
2013-06,3,16,0.0,0.0
2013-06,4,16,1.0,6.25
2013-06,5,16,1.0,6.25
2013-06,6,16,1.0,6.25
2013-06,7,16,1.0,6.25
2013-06,8,16,1.0,6.25
2013-06,9,16,1.0,6.25
2013-06,10,16,1.0,6.25
2013-06,11,16,1.0,6.25
2013-06,12,16,1.0,6.25
2013-06,13,16,1.0,6.25
2013-06,14,16,1.0,6.25
2013-06,15,16,1.0,6.25
2013-06,16,16,1.0,6.25
2013-06,17,16,1.0,6.25
2013-06,18,16,1.0,6.25
2013-06,19,16,1.0,6.25
2013-06,20,16,1.0,6.25
2013-06,21,16,2.0,12.5
2013-06,22,16,2.0,12.5
2013-06,23,16,2.0,12.5
2013-06,24,16,2.0,12.5
2013-06,25,16,2.0,12.5
2013-06,26,16,2.0,12.5
2013-06,27,16,2.0,12.5
2013-06,28,16,2.0,12.5
2013-06,29,16,2.0,12.5
2013-06,30,16,2.0,12.5
2013-06,31,16,2.0,12.5
2013-06,32,16,3.0,18.75
2013-06,33,16,3.0,18.75
2013-06,34,16,5.0,31.25
2013-06,35,16,5.0,31.25
2013-06,36,16,5.0,31.25
2013-06,37,16,5.0,31.25
2013-06,38,16,5.0,31.25
2013-06,39,16,5.0,31.25
2013-06,40,16,5.0,31.25
2013-06,41,16,5.0,31.25
2013-06,42,16,5.0,31.25
2013-06,43,16,5.0,31.25
2013-06,44,16,5.0,31.25
2013-06,45,16,5.0,31.25
2013-06,46,16,5.0,31.25
2013-06,47,16,5.0,31.25
2013-06,48,16,5.0,31.25
2013-06,49,16,5.0,31.25
2013-06,50,16,5.0,31.25
2013-06,51,16,5.0,31.25
2013-06,52,16,5.0,31.25
2013-06,53,16,5.0,31.25
2013-06,54,16,5.0,31.25
2013-06,55,16,5.0,31.25
2013-06,56,16,5.0,31.25
2013-06,57,16,5.0,31.25
2013-06,58,16,5.0,31.25
2013-06,59,16,5.0,31.25
2013-06,60,16,5.0,31.25
2013-07,1,18,0.0,0.0
2013-07,2,18,0.0,0.0
2013-07,3,18,0.0,0.0
2013-07,4,18,0.0,0.0
2013-07,5,18,0.0,0.0
2013-07,6,18,0.0,0.0
2013-07,7,18,0.0,0.0
2013-07,8,18,0.0,0.0
2013-07,9,18,0.0,0.0
2013-07,10,18,0.0,0.0
2013-07,11,18,0.0,0.0
2013-07,12,18,0.0,0.0
2013-07,13,18,1.0,5.56
2013-07,14,18,2.0,11.11
2013-07,15,18,2.0,11.11
2013-07,16,18,2.0,11.11
2013-07,17,18,3.0,16.67
2013-07,18,18,3.0,16.67
2013-07,19,18,3.0,16.67
2013-07,20,18,3.0,16.67
2013-07,21,18,3.0,16.67
2013-07,22,18,3.0,16.67
2013-07,23,18,4.0,22.22
2013-07,24,18,4.0,22.22
2013-07,25,18,4.0,22.22
2013-07,26,18,4.0,22.22
2013-07,27,18,5.0,27.78
2013-07,28,18,5.0,27.78
2013-07,29,18,5.0,27.78
2013-07,30,18,5.0,27.78
2013-07,31,18,5.0,27.78
2013-07,32,18,5.0,27.78
2013-07,33,18,5.0,27.78
2013-07,34,18,6.0,33.33
2013-07,35,18,6.0,33.33
2013-07,36,18,6.0,33.33
2013-07,37,18,6.0,33.33
2013-07,38,18,6.0,33.33
2013-07,39,18,6.0,33.33
2013-07,40,18,6.0,33.33
2013-07,41,18,6.0,33.33
2013-07,42,18,6.0,33.33
2013-07,43,18,6.0,33.33
2013-07,44,18,6.0,33.33
2013-07,45,18,6.0,33.33
2013-07,46,18,6.0,33.33
2013-07,47,18,6.0,33.33
2013-07,48,18,6.0,33.33
2013-07,49,18,6.0,33.33
2013-07,50,18,6.0,33.33
2013-07,51,18,6.0,33.33
2013-07,52,18,6.0,33.33
2013-07,53,18,6.0,33.33
2013-07,54,18,6.0,33.33
2013-07,55,18,6.0,33.33
2013-07,56,18,6.0,33.33
2013-07,57,18,6.0,33.33
2013-07,58,18,6.0,33.33
2013-07,59,18,6.0,33.33
2013-07,60,18,6.0,33.33
2013-08,1,20,0.0,0.0
2013-08,2,20,0.0,0.0
2013-08,3,20,0.0,0.0
2013-08,4,20,0.0,0.0
2013-08,5,20,0.0,0.0
2013-08,6,20,0.0,0.0
2013-08,7,20,0.0,0.0
2013-08,8,20,0.0,0.0
2013-08,9,20,0.0,0.0
2013-08,10,20,0.0,0.0
2013-08,11,20,0.0,0.0
2013-08,12,20,0.0,0.0
2013-08,13,20,1.0,5.0
2013-08,14,20,1.0,5.0
2013-08,15,20,1.0,5.0
2013-08,16,20,1.0,5.0
2013-08,17,20,1.0,5.0
2013-08,18,20,1.0,5.0
2013-08,19,20,1.0,5.0
2013-08,20,20,1.0,5.0
2013-08,21,20,1.0,5.0
2013-08,22,20,2.0,10.0
2013-08,23,20,2.0,10.0
2013-08,24,20,2.0,10.0
2013-08,25,20,2.0,10.0
2013-08,26,20,2.0,10.0
2013-08,27,20,2.0,10.0
2013-08,28,20,3.0,15.0
2013-08,29,20,3.0,15.0
2013-08,30,20,3.0,15.0
2013-08,31,20,3.0,15.0
2013-08,32,20,3.0,15.0
2013-08,33,20,3.0,15.0
2013-08,34,20,4.0,20.0
2013-08,35,20,4.0,20.0
2013-08,36,20,4.0,20.0
2013-08,37,20,5.0,25.0
2013-08,38,20,5.0,25.0
2013-08,39,20,5.0,25.0
2013-08,40,20,5.0,25.0
2013-08,41,20,6.0,30.0
2013-08,42,20,6.0,30.0
2013-08,43,20,6.0,30.0
2013-08,44,20,6.0,30.0
2013-08,45,20,6.0,30.0
2013-08,46,20,6.0,30.0
2013-08,47,20,6.0,30.0
2013-08,48,20,6.0,30.0
2013-08,49,20,6.0,30.0
2013-08,50,20,6.0,30.0
2013-08,51,20,6.0,30.0
2013-08,52,20,6.0,30.0
2013-08,53,20,6.0,30.0
2013-08,54,20,6.0,30.0
2013-08,55,20,6.0,30.0
2013-08,56,20,6.0,30.0
2013-08,57,20,6.0,30.0
2013-08,58,20,6.0,30.0
2013-08,59,20,6.0,30.0
2013-08,60,20,6.0,30.0
2013-09,1,24,0.0,0.0
2013-09,2,24,0.0,0.0
2013-09,3,24,0.0,0.0
2013-09,4,24,0.0,0.0
2013-09,5,24,0.0,0.0
2013-09,6,24,0.0,0.0
2013-09,7,24,0.0,0.0
2013-09,8,24,0.0,0.0
2013-09,9,24,0.0,0.0
2013-09,10,24,0.0,0.0
2013-09,11,24,1.0,4.17
2013-09,12,24,1.0,4.17
2013-09,13,24,1.0,4.17
2013-09,14,24,1.0,4.17
2013-09,15,24,2.0,8.33
2013-09,16,24,2.0,8.33
2013-09,17,24,2.0,8.33
2013-09,18,24,2.0,8.33
2013-09,19,24,3.0,12.5
2013-09,20,24,3.0,12.5
2013-09,21,24,4.0,16.67
2013-09,22,24,4.0,16.67
2013-09,23,24,4.0,16.67
2013-09,24,24,4.0,16.67
2013-09,25,24,4.0,16.67
2013-09,26,24,4.0,16.67
2013-09,27,24,4.0,16.67
2013-09,28,24,5.0,20.83
2013-09,29,24,5.0,20.83
2013-09,30,24,5.0,20.83
2013-09,31,24,5.0,20.83
2013-09,32,24,5.0,20.83
2013-09,33,24,5.0,20.83
2013-09,34,24,5.0,20.83
2013-09,35,24,6.0,25.0
2013-09,36,24,6.0,25.0
2013-09,37,24,6.0,25.0
2013-09,38,24,7.0,29.17
2013-09,39,24,7.0,29.17
2013-09,40,24,7.0,29.17
2013-09,41,24,7.0,29.17
2013-09,42,24,7.0,29.17
2013-09,43,24,7.0,29.17
2013-09,44,24,7.0,29.17
2013-09,45,24,7.0,29.17
2013-09,46,24,7.0,29.17
2013-09,47,24,7.0,29.17
2013-09,48,24,7.0,29.17
2013-09,49,24,7.0,29.17
2013-09,50,24,7.0,29.17
2013-09,51,24,7.0,29.17
2013-09,52,24,7.0,29.17
2013-09,53,24,8.0,33.33
2013-09,54,24,8.0,33.33
2013-09,55,24,8.0,33.33
2013-09,56,24,8.0,33.33
2013-09,57,24,8.0,33.33
2013-09,58,24,8.0,33.33
2013-09,59,24,8.0,33.33
2013-09,60,24,8.0,33.33
2013-10,1,30,0.0,0.0
2013-10,2,30,0.0,0.0
2013-10,3,30,0.0,0.0
2013-10,4,30,0.0,0.0
2013-10,5,30,0.0,0.0
2013-10,6,30,0.0,0.0
2013-10,7,30,0.0,0.0
2013-10,8,30,2.0,6.67
2013-10,9,30,2.0,6.67
2013-10,10,30,2.0,6.67
2013-10,11,30,2.0,6.67
2013-10,12,30,2.0,6.67
2013-10,13,30,2.0,6.67
2013-10,14,30,3.0,10.0
2013-10,15,30,3.0,10.0
2013-10,16,30,3.0,10.0
2013-10,17,30,3.0,10.0
2013-10,18,30,4.0,13.33
2013-10,19,30,5.0,16.67
2013-10,20,30,5.0,16.67
2013-10,21,30,5.0,16.67
2013-10,22,30,6.0,20.0
2013-10,23,30,6.0,20.0
2013-10,24,30,6.0,20.0
2013-10,25,30,7.0,23.33
2013-10,26,30,7.0,23.33
2013-10,27,30,7.0,23.33
2013-10,28,30,7.0,23.33
2013-10,29,30,7.0,23.33
2013-10,30,30,7.0,23.33
2013-10,31,30,7.0,23.33
2013-10,32,30,7.0,23.33
2013-10,33,30,7.0,23.33
2013-10,34,30,7.0,23.33
2013-10,35,30,7.0,23.33
2013-10,36,30,7.0,23.33
2013-10,37,30,7.0,23.33
2013-10,38,30,7.0,23.33
2013-10,39,30,7.0,23.33
2013-10,40,30,7.0,23.33
2013-10,41,30,7.0,23.33
2013-10,42,30,7.0,23.33
2013-10,43,30,7.0,23.33
2013-10,44,30,7.0,23.33
2013-10,45,30,7.0,23.33
2013-10,46,30,7.0,23.33
2013-10,47,30,7.0,23.33
2013-10,48,30,7.0,23.33
2013-10,49,30,7.0,23.33
2013-10,50,30,7.0,23.33
2013-10,51,30,7.0,23.33
2013-10,52,30,7.0,23.33
2013-10,53,30,7.0,23.33
2013-10,54,30,7.0,23.33
2013-10,55,30,7.0,23.33
2013-10,56,30,7.0,23.33
2013-10,57,30,7.0,23.33
2013-10,58,30,7.0,23.33
2013-10,59,30,7.0,23.33
2013-10,60,30,7.0,23.33
2013-11,1,19,0.0,0.0
2013-11,2,19,0.0,0.0
2013-11,3,19,0.0,0.0
2013-11,4,19,1.0,5.26
2013-11,5,19,1.0,5.26
2013-11,6,19,1.0,5.26
2013-11,7,19,1.0,5.26
2013-11,8,19,2.0,10.53
2013-11,9,19,2.0,10.53
2013-11,10,19,2.0,10.53
2013-11,11,19,3.0,15.79
2013-11,12,19,3.0,15.79
2013-11,13,19,3.0,15.79
2013-11,14,19,3.0,15.79
2013-11,15,19,3.0,15.79
2013-11,16,19,3.0,15.79
2013-11,17,19,3.0,15.79
2013-11,18,19,3.0,15.79
2013-11,19,19,3.0,15.79
2013-11,20,19,3.0,15.79
2013-11,21,19,3.0,15.79
2013-11,22,19,3.0,15.79
2013-11,23,19,3.0,15.79
2013-11,24,19,3.0,15.79
2013-11,25,19,3.0,15.79
2013-11,26,19,4.0,21.05
2013-11,27,19,4.0,21.05
2013-11,28,19,4.0,21.05
2013-11,29,19,4.0,21.05
2013-11,30,19,4.0,21.05
2013-11,31,19,4.0,21.05
2013-11,32,19,4.0,21.05
2013-11,33,19,4.0,21.05
2013-11,34,19,4.0,21.05
2013-11,35,19,4.0,21.05
2013-11,36,19,4.0,21.05
2013-11,37,19,4.0,21.05
2013-11,38,19,4.0,21.05
2013-11,39,19,4.0,21.05
2013-11,40,19,4.0,21.05
2013-11,41,19,4.0,21.05
2013-11,42,19,4.0,21.05
2013-11,43,19,4.0,21.05
2013-11,44,19,4.0,21.05
2013-11,45,19,4.0,21.05
2013-11,46,19,4.0,21.05
2013-11,47,19,4.0,21.05
2013-11,48,19,4.0,21.05
2013-11,49,19,5.0,26.32
2013-11,50,19,5.0,26.32
2013-11,51,19,5.0,26.32
2013-11,52,19,5.0,26.32
2013-11,53,19,5.0,26.32
2013-11,54,19,5.0,26.32
2013-11,55,19,5.0,26.32
2013-11,56,19,5.0,26.32
2013-11,57,19,5.0,26.32
2013-11,58,19,5.0,26.32
2013-11,59,19,5.0,26.32
2013-11,60,19,5.0,26.32
2013-12,1,30,0.0,0.0
2013-12,2,30,0.0,0.0
2013-12,3,30,0.0,0.0
2013-12,4,30,0.0,0.0
2013-12,5,30,0.0,0.0
2013-12,6,30,0.0,0.0
2013-12,7,30,0.0,0.0
2013-12,8,30,0.0,0.0
2013-12,9,30,1.0,3.33
2013-12,10,30,1.0,3.33
2013-12,11,30,2.0,6.67
2013-12,12,30,2.0,6.67
2013-12,13,30,2.0,6.67
2013-12,14,30,2.0,6.67
2013-12,15,30,2.0,6.67
2013-12,16,30,3.0,10.0
2013-12,17,30,3.0,10.0
2013-12,18,30,3.0,10.0
2013-12,19,30,3.0,10.0
2013-12,20,30,3.0,10.0
2013-12,21,30,3.0,10.0
2013-12,22,30,3.0,10.0
2013-12,23,30,3.0,10.0
2013-12,24,30,4.0,13.33
2013-12,25,30,4.0,13.33
2013-12,26,30,4.0,13.33
2013-12,27,30,5.0,16.67
2013-12,28,30,5.0,16.67
2013-12,29,30,6.0,20.0
2013-12,30,30,7.0,23.33
2013-12,31,30,7.0,23.33
2013-12,32,30,7.0,23.33
2013-12,33,30,7.0,23.33
2013-12,34,30,7.0,23.33
2013-12,35,30,7.0,23.33
2013-12,36,30,7.0,23.33
2013-12,37,30,7.0,23.33
2013-12,38,30,7.0,23.33
2013-12,39,30,7.0,23.33
2013-12,40,30,7.0,23.33
2013-12,41,30,7.0,23.33
2013-12,42,30,7.0,23.33
2013-12,43,30,7.0,23.33
2013-12,44,30,7.0,23.33
2013-12,45,30,7.0,23.33
2013-12,46,30,7.0,23.33
2013-12,47,30,7.0,23.33
2013-12,48,30,7.0,23.33
2013-12,49,30,7.0,23.33
2013-12,50,30,7.0,23.33
2013-12,51,30,7.0,23.33
2013-12,52,30,7.0,23.33
2013-12,53,30,8.0,26.67
2013-12,54,30,8.0,26.67
2013-12,55,30,8.0,26.67
2013-12,56,30,8.0,26.67
2013-12,57,30,8.0,26.67
2013-12,58,30,8.0,26.67
2013-12,59,30,8.0,26.67
2013-12,60,30,8.0,26.67
2014-01,1,30,0.0,0.0
2014-01,2,30,0.0,0.0
2014-01,3,30,0.0,0.0
2014-01,4,30,0.0,0.0
2014-01,5,30,0.0,0.0
2014-01,6,30,0.0,0.0
2014-01,7,30,1.0,3.33
2014-01,8,30,2.0,6.67
2014-01,9,30,2.0,6.67
2014-01,10,30,2.0,6.67
2014-01,11,30,2.0,6.67
2014-01,12,30,2.0,6.67
2014-01,13,30,3.0,10.0
2014-01,14,30,3.0,10.0
2014-01,15,30,3.0,10.0
2014-01,16,30,3.0,10.0
2014-01,17,30,3.0,10.0
2014-01,18,30,3.0,10.0
2014-01,19,30,4.0,13.33
2014-01,20,30,4.0,13.33
2014-01,21,30,4.0,13.33
2014-01,22,30,4.0,13.33
2014-01,23,30,5.0,16.67
2014-01,24,30,5.0,16.67
2014-01,25,30,5.0,16.67
2014-01,26,30,5.0,16.67
2014-01,27,30,5.0,16.67
2014-01,28,30,5.0,16.67
2014-01,29,30,5.0,16.67
2014-01,30,30,5.0,16.67
2014-01,31,30,5.0,16.67
2014-01,32,30,5.0,16.67
2014-01,33,30,5.0,16.67
2014-01,34,30,5.0,16.67
2014-01,35,30,5.0,16.67
2014-01,36,30,6.0,20.0
2014-01,37,30,6.0,20.0
2014-01,38,30,6.0,20.0
2014-01,39,30,7.0,23.33
2014-01,40,30,7.0,23.33
2014-01,41,30,7.0,23.33
2014-01,42,30,7.0,23.33
2014-01,43,30,7.0,23.33
2014-01,44,30,7.0,23.33
2014-01,45,30,8.0,26.67
2014-01,46,30,8.0,26.67
2014-01,47,30,8.0,26.67
2014-01,48,30,8.0,26.67
2014-01,49,30,8.0,26.67
2014-01,50,30,8.0,26.67
2014-01,51,30,8.0,26.67
2014-01,52,30,8.0,26.67
2014-01,53,30,8.0,26.67
2014-01,54,30,8.0,26.67
2014-01,55,30,8.0,26.67
2014-01,56,30,8.0,26.67
2014-01,57,30,8.0,26.67
2014-01,58,30,8.0,26.67
2014-01,59,30,8.0,26.67
2014-01,60,30,8.0,26.67
2014-02,1,31,0.0,0.0
2014-02,2,31,0.0,0.0
2014-02,3,31,0.0,0.0
2014-02,4,31,0.0,0.0
2014-02,5,31,0.0,0.0
2014-02,6,31,0.0,0.0
2014-02,7,31,1.0,3.23
2014-02,8,31,1.0,3.23
2014-02,9,31,1.0,3.23
2014-02,10,31,2.0,6.45
2014-02,11,31,2.0,6.45
2014-02,12,31,2.0,6.45
2014-02,13,31,2.0,6.45
2014-02,14,31,2.0,6.45
2014-02,15,31,3.0,9.68
2014-02,16,31,3.0,9.68
2014-02,17,31,4.0,12.9
2014-02,18,31,4.0,12.9
2014-02,19,31,4.0,12.9
2014-02,20,31,4.0,12.9
2014-02,21,31,4.0,12.9
2014-02,22,31,4.0,12.9
2014-02,23,31,5.0,16.13
2014-02,24,31,5.0,16.13
2014-02,25,31,5.0,16.13
2014-02,26,31,5.0,16.13
2014-02,27,31,6.0,19.35
2014-02,28,31,6.0,19.35
2014-02,29,31,6.0,19.35
2014-02,30,31,6.0,19.35
2014-02,31,31,6.0,19.35
2014-02,32,31,7.0,22.58
2014-02,33,31,7.0,22.58
2014-02,34,31,7.0,22.58
2014-02,35,31,7.0,22.58
2014-02,36,31,8.0,25.81
2014-02,37,31,8.0,25.81
2014-02,38,31,8.0,25.81
2014-02,39,31,8.0,25.81
2014-02,40,31,8.0,25.81
2014-02,41,31,8.0,25.81
2014-02,42,31,9.0,29.03
2014-02,43,31,9.0,29.03
2014-02,44,31,9.0,29.03
2014-02,45,31,9.0,29.03
2014-02,46,31,9.0,29.03
2014-02,47,31,9.0,29.03
2014-02,48,31,9.0,29.03
2014-02,49,31,9.0,29.03
2014-02,50,31,9.0,29.03
2014-02,51,31,9.0,29.03
2014-02,52,31,10.0,32.26
2014-02,53,31,10.0,32.26
2014-02,54,31,10.0,32.26
2014-02,55,31,10.0,32.26
2014-02,56,31,10.0,32.26
2014-02,57,31,10.0,32.26
2014-02,58,31,10.0,32.26
2014-02,59,31,10.0,32.26
2014-02,60,31,11.0,35.48
2014-03,1,28,0.0,0.0
2014-03,2,28,0.0,0.0
2014-03,3,28,0.0,0.0
2014-03,4,28,0.0,0.0
2014-03,5,28,0.0,0.0
2014-03,6,28,1.0,3.57
2014-03,7,28,1.0,3.57
2014-03,8,28,1.0,3.57
2014-03,9,28,1.0,3.57
2014-03,10,28,1.0,3.57
2014-03,11,28,1.0,3.57
2014-03,12,28,1.0,3.57
2014-03,13,28,1.0,3.57
2014-03,14,28,1.0,3.57
2014-03,15,28,1.0,3.57
2014-03,16,28,1.0,3.57
2014-03,17,28,1.0,3.57
2014-03,18,28,1.0,3.57
2014-03,19,28,1.0,3.57
2014-03,20,28,1.0,3.57
2014-03,21,28,1.0,3.57
2014-03,22,28,1.0,3.57
2014-03,23,28,1.0,3.57
2014-03,24,28,1.0,3.57
2014-03,25,28,1.0,3.57
2014-03,26,28,1.0,3.57
2014-03,27,28,1.0,3.57
2014-03,28,28,1.0,3.57
2014-03,29,28,1.0,3.57
2014-03,30,28,1.0,3.57
2014-03,31,28,1.0,3.57
2014-03,32,28,1.0,3.57
2014-03,33,28,1.0,3.57
2014-03,34,28,1.0,3.57
2014-03,35,28,1.0,3.57
2014-03,36,28,1.0,3.57
2014-03,37,28,1.0,3.57
2014-03,38,28,1.0,3.57
2014-03,39,28,1.0,3.57
2014-03,40,28,1.0,3.57
2014-03,41,28,1.0,3.57
2014-03,42,28,1.0,3.57
2014-03,43,28,1.0,3.57
2014-03,44,28,1.0,3.57
2014-03,45,28,1.0,3.57
2014-03,46,28,1.0,3.57
2014-03,47,28,1.0,3.57
2014-03,48,28,1.0,3.57
2014-03,49,28,1.0,3.57
2014-03,50,28,1.0,3.57
2014-03,51,28,1.0,3.57
2014-03,52,28,1.0,3.57
2014-03,53,28,1.0,3.57
2014-03,54,28,1.0,3.57
2014-03,55,28,2.0,7.14
2014-03,56,28,2.0,7.14
2014-03,57,28,2.0,7.14
2014-03,58,28,2.0,7.14
2014-03,59,28,2.0,7.14
2014-03,60,28,2.0,7.14
2014-04,1,28,0.0,0.0
2014-04,2,28,0.0,0.0
2014-04,3,28,0.0,0.0
2014-04,4,28,0.0,0.0
2014-04,5,28,0.0,0.0
2014-04,6,28,0.0,0.0
2014-04,7,28,0.0,0.0
2014-04,8,28,0.0,0.0
2014-04,9,28,0.0,0.0
2014-04,10,28,0.0,0.0
2014-04,11,28,1.0,3.57
2014-04,12,28,1.0,3.57
2014-04,13,28,1.0,3.57
2014-04,14,28,1.0,3.57
2014-04,15,28,1.0,3.57
2014-04,16,28,1.0,3.57
2014-04,17,28,1.0,3.57
2014-04,18,28,1.0,3.57
2014-04,19,28,1.0,3.57
2014-04,20,28,1.0,3.57
2014-04,21,28,1.0,3.57
2014-04,22,28,1.0,3.57
2014-04,23,28,1.0,3.57
2014-04,24,28,1.0,3.57
2014-04,25,28,1.0,3.57
2014-04,26,28,1.0,3.57
2014-04,27,28,3.0,10.71
2014-04,28,28,3.0,10.71
2014-04,29,28,3.0,10.71
2014-04,30,28,3.0,10.71
2014-04,31,28,3.0,10.71
2014-04,32,28,3.0,10.71
2014-04,33,28,3.0,10.71
2014-04,34,28,3.0,10.71
2014-04,35,28,3.0,10.71
2014-04,36,28,3.0,10.71
2014-04,37,28,3.0,10.71
2014-04,38,28,3.0,10.71
2014-04,39,28,4.0,14.29
2014-04,40,28,4.0,14.29
2014-04,41,28,5.0,17.86
2014-04,42,28,5.0,17.86
2014-04,43,28,5.0,17.86
2014-04,44,28,5.0,17.86
2014-04,45,28,5.0,17.86
2014-04,46,28,5.0,17.86
2014-04,47,28,5.0,17.86
2014-04,48,28,5.0,17.86
2014-04,49,28,6.0,21.43
2014-04,50,28,6.0,21.43
2014-04,51,28,6.0,21.43
2014-04,52,28,6.0,21.43
2014-04,53,28,6.0,21.43
2014-04,54,28,6.0,21.43
2014-04,55,28,6.0,21.43
2014-04,56,28,6.0,21.43
2014-04,57,28,6.0,21.43
2014-04,58,28,6.0,21.43
2014-04,59,28,6.0,21.43
2014-04,60,28,6.0,21.43
2014-05,1,36,0.0,0.0
2014-05,2,36,0.0,0.0
2014-05,3,36,0.0,0.0
2014-05,4,36,0.0,0.0
2014-05,5,36,0.0,0.0
2014-05,6,36,0.0,0.0
2014-05,7,36,0.0,0.0
2014-05,8,36,1.0,2.78
2014-05,9,36,1.0,2.78
2014-05,10,36,1.0,2.78
2014-05,11,36,1.0,2.78
2014-05,12,36,1.0,2.78
2014-05,13,36,1.0,2.78
2014-05,14,36,1.0,2.78
2014-05,15,36,1.0,2.78
2014-05,16,36,1.0,2.78
2014-05,17,36,2.0,5.56
2014-05,18,36,2.0,5.56
2014-05,19,36,2.0,5.56
2014-05,20,36,2.0,5.56
2014-05,21,36,2.0,5.56
2014-05,22,36,3.0,8.33
2014-05,23,36,3.0,8.33
2014-05,24,36,3.0,8.33
2014-05,25,36,3.0,8.33
2014-05,26,36,3.0,8.33
2014-05,27,36,3.0,8.33
2014-05,28,36,3.0,8.33
2014-05,29,36,3.0,8.33
2014-05,30,36,3.0,8.33
2014-05,31,36,3.0,8.33
2014-05,32,36,4.0,11.11
2014-05,33,36,4.0,11.11
2014-05,34,36,4.0,11.11
2014-05,35,36,4.0,11.11
2014-05,36,36,4.0,11.11
2014-05,37,36,4.0,11.11
2014-05,38,36,4.0,11.11
2014-05,39,36,4.0,11.11
2014-05,40,36,4.0,11.11
2014-05,41,36,4.0,11.11
2014-05,42,36,4.0,11.11
2014-05,43,36,4.0,11.11
2014-05,44,36,4.0,11.11
2014-05,45,36,4.0,11.11
2014-05,46,36,4.0,11.11
2014-05,47,36,4.0,11.11
2014-05,48,36,5.0,13.89
2014-05,49,36,5.0,13.89
2014-05,50,36,5.0,13.89
2014-05,51,36,5.0,13.89
2014-05,52,36,5.0,13.89
2014-05,53,36,5.0,13.89
2014-05,54,36,5.0,13.89
2014-05,55,36,5.0,13.89
2014-05,56,36,5.0,13.89
2014-05,57,36,5.0,13.89
2014-05,58,36,5.0,13.89
2014-05,59,36,5.0,13.89
2014-05,60,36,5.0,13.89
2014-06,1,31,0.0,0.0
2014-06,2,31,0.0,0.0
2014-06,3,31,0.0,0.0
2014-06,4,31,0.0,0.0
2014-06,5,31,0.0,0.0
2014-06,6,31,0.0,0.0
2014-06,7,31,1.0,3.23
2014-06,8,31,1.0,3.23
2014-06,9,31,3.0,9.68
2014-06,10,31,3.0,9.68
2014-06,11,31,3.0,9.68
2014-06,12,31,4.0,12.9
2014-06,13,31,4.0,12.9
2014-06,14,31,4.0,12.9
2014-06,15,31,4.0,12.9
2014-06,16,31,4.0,12.9
2014-06,17,31,4.0,12.9
2014-06,18,31,5.0,16.13
2014-06,19,31,5.0,16.13
2014-06,20,31,5.0,16.13
2014-06,21,31,6.0,19.35
2014-06,22,31,6.0,19.35
2014-06,23,31,6.0,19.35
2014-06,24,31,7.0,22.58
2014-06,25,31,7.0,22.58
2014-06,26,31,7.0,22.58
2014-06,27,31,7.0,22.58
2014-06,28,31,7.0,22.58
2014-06,29,31,8.0,25.81
2014-06,30,31,8.0,25.81
2014-06,31,31,8.0,25.81
2014-06,32,31,8.0,25.81
2014-06,33,31,8.0,25.81
2014-06,34,31,8.0,25.81
2014-06,35,31,8.0,25.81
2014-06,36,31,8.0,25.81
2014-06,37,31,8.0,25.81
2014-06,38,31,8.0,25.81
2014-06,39,31,8.0,25.81
2014-06,40,31,8.0,25.81
2014-06,41,31,8.0,25.81
2014-06,42,31,8.0,25.81
2014-06,43,31,8.0,25.81
2014-06,44,31,8.0,25.81
2014-06,45,31,8.0,25.81
2014-06,46,31,8.0,25.81
2014-06,47,31,8.0,25.81
2014-06,48,31,8.0,25.81
2014-06,49,31,8.0,25.81
2014-06,50,31,8.0,25.81
2014-06,51,31,8.0,25.81
2014-06,52,31,8.0,25.81
2014-06,53,31,8.0,25.81
2014-06,54,31,8.0,25.81
2014-06,55,31,8.0,25.81
2014-06,56,31,9.0,29.03
2014-06,57,31,9.0,29.03
2014-06,58,31,9.0,29.03
2014-06,59,31,9.0,29.03
2014-06,60,31,9.0,29.03
2014-07,1,45,0.0,0.0
2014-07,2,45,0.0,0.0
2014-07,3,45,0.0,0.0
2014-07,4,45,0.0,0.0
2014-07,5,45,0.0,0.0
2014-07,6,45,0.0,0.0
2014-07,7,45,0.0,0.0
2014-07,8,45,0.0,0.0
2014-07,9,45,0.0,0.0
2014-07,10,45,0.0,0.0
2014-07,11,45,0.0,0.0
2014-07,12,45,0.0,0.0
2014-07,13,45,0.0,0.0
2014-07,14,45,0.0,0.0
2014-07,15,45,2.0,4.44
2014-07,16,45,2.0,4.44
2014-07,17,45,2.0,4.44
2014-07,18,45,2.0,4.44
2014-07,19,45,2.0,4.44
2014-07,20,45,2.0,4.44
2014-07,21,45,2.0,4.44
2014-07,22,45,2.0,4.44
2014-07,23,45,2.0,4.44
2014-07,24,45,2.0,4.44
2014-07,25,45,2.0,4.44
2014-07,26,45,2.0,4.44
2014-07,27,45,2.0,4.44
2014-07,28,45,2.0,4.44
2014-07,29,45,2.0,4.44
2014-07,30,45,2.0,4.44
2014-07,31,45,2.0,4.44
2014-07,32,45,2.0,4.44
2014-07,33,45,3.0,6.67
2014-07,34,45,3.0,6.67
2014-07,35,45,3.0,6.67
2014-07,36,45,3.0,6.67
2014-07,37,45,3.0,6.67
2014-07,38,45,3.0,6.67
2014-07,39,45,3.0,6.67
2014-07,40,45,3.0,6.67
2014-07,41,45,3.0,6.67
2014-07,42,45,3.0,6.67
2014-07,43,45,3.0,6.67
2014-07,44,45,3.0,6.67
2014-07,45,45,3.0,6.67
2014-07,46,45,3.0,6.67
2014-07,47,45,3.0,6.67
2014-07,48,45,4.0,8.89
2014-07,49,45,4.0,8.89
2014-07,50,45,5.0,11.11
2014-07,51,45,6.0,13.33
2014-07,52,45,6.0,13.33
2014-07,53,45,6.0,13.33
2014-07,54,45,6.0,13.33
2014-07,55,45,6.0,13.33
2014-07,56,45,6.0,13.33
2014-07,57,45,6.0,13.33
2014-07,58,45,6.0,13.33
2014-07,59,45,6.0,13.33
2014-07,60,45,6.0,13.33
2014-08,1,38,0.0,0.0
2014-08,2,38,0.0,0.0
2014-08,3,38,0.0,0.0
2014-08,4,38,0.0,0.0
2014-08,5,38,1.0,2.63
2014-08,6,38,1.0,2.63
2014-08,7,38,1.0,2.63
2014-08,8,38,1.0,2.63
2014-08,9,38,3.0,7.89
2014-08,10,38,4.0,10.53
2014-08,11,38,5.0,13.16
2014-08,12,38,6.0,15.79
2014-08,13,38,6.0,15.79
2014-08,14,38,6.0,15.79
2014-08,15,38,6.0,15.79
2014-08,16,38,6.0,15.79
2014-08,17,38,6.0,15.79
2014-08,18,38,6.0,15.79
2014-08,19,38,6.0,15.79
2014-08,20,38,6.0,15.79
2014-08,21,38,6.0,15.79
2014-08,22,38,6.0,15.79
2014-08,23,38,6.0,15.79
2014-08,24,38,6.0,15.79
2014-08,25,38,6.0,15.79
2014-08,26,38,7.0,18.42
2014-08,27,38,7.0,18.42
2014-08,28,38,7.0,18.42
2014-08,29,38,7.0,18.42
2014-08,30,38,7.0,18.42
2014-08,31,38,7.0,18.42
2014-08,32,38,7.0,18.42
2014-08,33,38,7.0,18.42
2014-08,34,38,7.0,18.42
2014-08,35,38,8.0,21.05
2014-08,36,38,8.0,21.05
2014-08,37,38,8.0,21.05
2014-08,38,38,8.0,21.05
2014-08,39,38,9.0,23.68
2014-08,40,38,9.0,23.68
2014-08,41,38,9.0,23.68
2014-08,42,38,9.0,23.68
2014-08,43,38,9.0,23.68
2014-08,44,38,9.0,23.68
2014-08,45,38,9.0,23.68
2014-08,46,38,11.0,28.95
2014-08,47,38,11.0,28.95
2014-08,48,38,11.0,28.95
2014-08,49,38,11.0,28.95
2014-08,50,38,11.0,28.95
2014-08,51,38,11.0,28.95
2014-08,52,38,11.0,28.95
2014-08,53,38,11.0,28.95
2014-08,54,38,11.0,28.95
2014-08,55,38,11.0,28.95
2014-08,56,38,11.0,28.95
2014-08,57,38,11.0,28.95
2014-08,58,38,11.0,28.95
2014-08,59,38,11.0,28.95
2014-08,60,38,11.0,28.95
2014-09,1,30,0.0,0.0
2014-09,2,30,0.0,0.0
2014-09,3,30,0.0,0.0
2014-09,4,30,0.0,0.0
2014-09,5,30,0.0,0.0
2014-09,6,30,1.0,3.33
2014-09,7,30,1.0,3.33
2014-09,8,30,1.0,3.33
2014-09,9,30,1.0,3.33
2014-09,10,30,1.0,3.33
2014-09,11,30,2.0,6.67
2014-09,12,30,2.0,6.67
2014-09,13,30,2.0,6.67
2014-09,14,30,2.0,6.67
2014-09,15,30,2.0,6.67
2014-09,16,30,2.0,6.67
2014-09,17,30,2.0,6.67
2014-09,18,30,2.0,6.67
2014-09,19,30,2.0,6.67
2014-09,20,30,2.0,6.67
2014-09,21,30,2.0,6.67
2014-09,22,30,2.0,6.67
2014-09,23,30,2.0,6.67
2014-09,24,30,2.0,6.67
2014-09,25,30,2.0,6.67
2014-09,26,30,2.0,6.67
2014-09,27,30,2.0,6.67
2014-09,28,30,2.0,6.67
2014-09,29,30,4.0,13.33
2014-09,30,30,4.0,13.33
2014-09,31,30,4.0,13.33
2014-09,32,30,4.0,13.33
2014-09,33,30,4.0,13.33
2014-09,34,30,4.0,13.33
2014-09,35,30,5.0,16.67
2014-09,36,30,5.0,16.67
2014-09,37,30,5.0,16.67
2014-09,38,30,5.0,16.67
2014-09,39,30,5.0,16.67
2014-09,40,30,6.0,20.0
2014-09,41,30,6.0,20.0
2014-09,42,30,6.0,20.0
2014-09,43,30,6.0,20.0
2014-09,44,30,6.0,20.0
2014-09,45,30,6.0,20.0
2014-09,46,30,6.0,20.0
2014-09,47,30,6.0,20.0
2014-09,48,30,6.0,20.0
2014-09,49,30,6.0,20.0
2014-09,50,30,6.0,20.0
2014-09,51,30,6.0,20.0
2014-09,52,30,6.0,20.0
2014-09,53,30,6.0,20.0
2014-09,54,30,6.0,20.0
2014-09,55,30,6.0,20.0
2014-09,56,30,6.0,20.0
2014-09,57,30,6.0,20.0
2014-09,58,30,6.0,20.0
2014-09,59,30,7.0,23.33
2014-09,60,30,7.0,23.33
2014-10,1,58,0.0,0.0
2014-10,2,58,0.0,0.0
2014-10,3,58,0.0,0.0
2014-10,4,58,0.0,0.0
2014-10,5,58,0.0,0.0
2014-10,6,58,0.0,0.0
2014-10,7,58,0.0,0.0
2014-10,8,58,0.0,0.0
2014-10,9,58,0.0,0.0
2014-10,10,58,0.0,0.0
2014-10,11,58,0.0,0.0
2014-10,12,58,0.0,0.0
2014-10,13,58,0.0,0.0
2014-10,14,58,1.0,1.72
2014-10,15,58,1.0,1.72
2014-10,16,58,2.0,3.45
2014-10,17,58,2.0,3.45
2014-10,18,58,2.0,3.45
2014-10,19,58,2.0,3.45
2014-10,20,58,2.0,3.45
2014-10,21,58,2.0,3.45
2014-10,22,58,2.0,3.45
2014-10,23,58,3.0,5.17
2014-10,24,58,4.0,6.9
2014-10,25,58,4.0,6.9
2014-10,26,58,5.0,8.62
2014-10,27,58,5.0,8.62
2014-10,28,58,5.0,8.62
2014-10,29,58,5.0,8.62
2014-10,30,58,7.0,12.07
2014-10,31,58,8.0,13.79
2014-10,32,58,8.0,13.79
2014-10,33,58,8.0,13.79
2014-10,34,58,8.0,13.79
2014-10,35,58,8.0,13.79
2014-10,36,58,8.0,13.79
2014-10,37,58,9.0,15.52
2014-10,38,58,9.0,15.52
2014-10,39,58,9.0,15.52
2014-10,40,58,9.0,15.52
2014-10,41,58,9.0,15.52
2014-10,42,58,9.0,15.52
2014-10,43,58,9.0,15.52
2014-10,44,58,9.0,15.52
2014-10,45,58,9.0,15.52
2014-10,46,58,9.0,15.52
2014-10,47,58,9.0,15.52
2014-10,48,58,10.0,17.24
2014-10,49,58,10.0,17.24
2014-10,50,58,10.0,17.24
2014-10,51,58,10.0,17.24
2014-10,52,58,10.0,17.24
2014-10,53,58,10.0,17.24
2014-10,54,58,10.0,17.24
2014-10,55,58,10.0,17.24
2014-10,56,58,10.0,17.24
2014-10,57,58,10.0,17.24
2014-10,58,58,10.0,17.24
2014-10,59,58,10.0,17.24
2014-10,60,58,11.0,18.97
2014-11,1,45,0.0,0.0
2014-11,2,45,0.0,0.0
2014-11,3,45,0.0,0.0
2014-11,4,45,0.0,0.0
2014-11,5,45,1.0,2.22
2014-11,6,45,1.0,2.22
2014-11,7,45,1.0,2.22
2014-11,8,45,1.0,2.22
2014-11,9,45,2.0,4.44
2014-11,10,45,2.0,4.44
2014-11,11,45,4.0,8.89
2014-11,12,45,4.0,8.89
2014-11,13,45,4.0,8.89
2014-11,14,45,4.0,8.89
2014-11,15,45,4.0,8.89
2014-11,16,45,5.0,11.11
2014-11,17,45,5.0,11.11
2014-11,18,45,6.0,13.33
2014-11,19,45,8.0,17.78
2014-11,20,45,8.0,17.78
2014-11,21,45,8.0,17.78
2014-11,22,45,8.0,17.78
2014-11,23,45,8.0,17.78
2014-11,24,45,8.0,17.78
2014-11,25,45,8.0,17.78
2014-11,26,45,9.0,20.0
2014-11,27,45,9.0,20.0
2014-11,28,45,9.0,20.0
2014-11,29,45,9.0,20.0
2014-11,30,45,10.0,22.22
2014-11,31,45,10.0,22.22
2014-11,32,45,10.0,22.22
2014-11,33,45,10.0,22.22
2014-11,34,45,10.0,22.22
2014-11,35,45,10.0,22.22
2014-11,36,45,10.0,22.22
2014-11,37,45,10.0,22.22
2014-11,38,45,10.0,22.22
2014-11,39,45,10.0,22.22
2014-11,40,45,10.0,22.22
2014-11,41,45,11.0,24.44
2014-11,42,45,11.0,24.44
2014-11,43,45,11.0,24.44
2014-11,44,45,11.0,24.44
2014-11,45,45,11.0,24.44
2014-11,46,45,11.0,24.44
2014-11,47,45,11.0,24.44
2014-11,48,45,11.0,24.44
2014-11,49,45,11.0,24.44
2014-11,50,45,11.0,24.44
2014-11,51,45,11.0,24.44
2014-11,52,45,11.0,24.44
2014-11,53,45,11.0,24.44
2014-11,54,45,11.0,24.44
2014-11,55,45,11.0,24.44
2014-11,56,45,11.0,24.44
2014-11,57,45,11.0,24.44
2014-11,58,45,11.0,24.44
2014-11,59,45,11.0,24.44
2014-11,60,45,11.0,24.44
2014-12,1,15,0.0,0.0
2014-12,2,15,0.0,0.0
2014-12,3,15,0.0,0.0
2014-12,4,15,0.0,0.0
2014-12,5,15,0.0,0.0
2014-12,6,15,0.0,0.0
2014-12,7,15,1.0,6.67
2014-12,8,15,1.0,6.67
2014-12,9,15,1.0,6.67
2014-12,10,15,1.0,6.67
2014-12,11,15,1.0,6.67
2014-12,12,15,1.0,6.67
2014-12,13,15,1.0,6.67
2014-12,14,15,1.0,6.67
2014-12,15,15,1.0,6.67
2014-12,16,15,2.0,13.33
2014-12,17,15,2.0,13.33
2014-12,18,15,2.0,13.33
2014-12,19,15,2.0,13.33
2014-12,20,15,2.0,13.33
2014-12,21,15,2.0,13.33
2014-12,22,15,2.0,13.33
2014-12,23,15,2.0,13.33
2014-12,24,15,2.0,13.33
2014-12,25,15,2.0,13.33
2014-12,26,15,2.0,13.33
2014-12,27,15,2.0,13.33
2014-12,28,15,2.0,13.33
2014-12,29,15,2.0,13.33
2014-12,30,15,2.0,13.33
2014-12,31,15,2.0,13.33
2014-12,32,15,2.0,13.33
2014-12,33,15,2.0,13.33
2014-12,34,15,2.0,13.33
2014-12,35,15,2.0,13.33
2014-12,36,15,2.0,13.33
2014-12,37,15,2.0,13.33
2014-12,38,15,2.0,13.33
2014-12,39,15,2.0,13.33
2014-12,40,15,2.0,13.33
2014-12,41,15,2.0,13.33
2014-12,42,15,2.0,13.33
2014-12,43,15,2.0,13.33
2014-12,44,15,2.0,13.33
2014-12,45,15,2.0,13.33
2014-12,46,15,2.0,13.33
2014-12,47,15,2.0,13.33
2014-12,48,15,2.0,13.33
2014-12,49,15,2.0,13.33
2014-12,50,15,2.0,13.33
2014-12,51,15,2.0,13.33
2014-12,52,15,2.0,13.33
2014-12,53,15,2.0,13.33
2014-12,54,15,2.0,13.33
2014-12,55,15,2.0,13.33
2014-12,56,15,2.0,13.33
2014-12,57,15,2.0,13.33
2014-12,58,15,2.0,13.33
2014-12,59,15,2.0,13.33
2014-12,60,15,2.0,13.33
2015-01,1,59,0.0,0.0
2015-01,2,59,0.0,0.0
2015-01,3,59,0.0,0.0
2015-01,4,59,1.0,1.69
2015-01,5,59,1.0,1.69
2015-01,6,59,1.0,1.69
2015-01,7,59,1.0,1.69
2015-01,8,59,1.0,1.69
2015-01,9,59,1.0,1.69
2015-01,10,59,2.0,3.39
2015-01,11,59,2.0,3.39
2015-01,12,59,3.0,5.08
2015-01,13,59,3.0,5.08
2015-01,14,59,4.0,6.78
2015-01,15,59,4.0,6.78
2015-01,16,59,4.0,6.78
2015-01,17,59,7.0,11.86
2015-01,18,59,7.0,11.86
2015-01,19,59,7.0,11.86
2015-01,20,59,7.0,11.86
2015-01,21,59,7.0,11.86
2015-01,22,59,9.0,15.25
2015-01,23,59,11.0,18.64
2015-01,24,59,11.0,18.64
2015-01,25,59,12.0,20.34
2015-01,26,59,13.0,22.03
2015-01,27,59,13.0,22.03
2015-01,28,59,13.0,22.03
2015-01,29,59,13.0,22.03
2015-01,30,59,15.0,25.42
2015-01,31,59,15.0,25.42
2015-01,32,59,16.0,27.12
2015-01,33,59,16.0,27.12
2015-01,34,59,16.0,27.12
2015-01,35,59,16.0,27.12
2015-01,36,59,17.0,28.81
2015-01,37,59,17.0,28.81
2015-01,38,59,18.0,30.51
2015-01,39,59,18.0,30.51
2015-01,40,59,18.0,30.51
2015-01,41,59,18.0,30.51
2015-01,42,59,18.0,30.51
2015-01,43,59,18.0,30.51
2015-01,44,59,18.0,30.51
2015-01,45,59,18.0,30.51
2015-01,46,59,18.0,30.51
2015-01,47,59,18.0,30.51
2015-01,48,59,18.0,30.51
2015-01,49,59,19.0,32.2
2015-01,50,59,19.0,32.2
2015-01,51,59,19.0,32.2
2015-01,52,59,19.0,32.2
2015-01,53,59,19.0,32.2
2015-01,54,59,19.0,32.2
2015-01,55,59,19.0,32.2
2015-01,56,59,19.0,32.2
2015-01,57,59,19.0,32.2
2015-01,58,59,19.0,32.2
2015-01,59,59,19.0,32.2
2015-01,60,59,19.0,32.2
2015-02,1,45,0.0,0.0
2015-02,2,45,0.0,0.0
2015-02,3,45,0.0,0.0
2015-02,4,45,0.0,0.0
2015-02,5,45,0.0,0.0
2015-02,6,45,0.0,0.0
2015-02,7,45,0.0,0.0
2015-02,8,45,0.0,0.0
2015-02,9,45,0.0,0.0
2015-02,10,45,1.0,2.22
2015-02,11,45,2.0,4.44
2015-02,12,45,2.0,4.44
2015-02,13,45,3.0,6.67
2015-02,14,45,3.0,6.67
2015-02,15,45,3.0,6.67
2015-02,16,45,3.0,6.67
2015-02,17,45,3.0,6.67
2015-02,18,45,3.0,6.67
2015-02,19,45,3.0,6.67
2015-02,20,45,4.0,8.89
2015-02,21,45,5.0,11.11
2015-02,22,45,5.0,11.11
2015-02,23,45,5.0,11.11
2015-02,24,45,5.0,11.11
2015-02,25,45,5.0,11.11
2015-02,26,45,5.0,11.11
2015-02,27,45,5.0,11.11
2015-02,28,45,7.0,15.56
2015-02,29,45,7.0,15.56
2015-02,30,45,8.0,17.78
2015-02,31,45,8.0,17.78
2015-02,32,45,9.0,20.0
2015-02,33,45,9.0,20.0
2015-02,34,45,10.0,22.22
2015-02,35,45,10.0,22.22
2015-02,36,45,10.0,22.22
2015-02,37,45,10.0,22.22
2015-02,38,45,10.0,22.22
2015-02,39,45,10.0,22.22
2015-02,40,45,10.0,22.22
2015-02,41,45,10.0,22.22
2015-02,42,45,10.0,22.22
2015-02,43,45,10.0,22.22
2015-02,44,45,11.0,24.44
2015-02,45,45,11.0,24.44
2015-02,46,45,11.0,24.44
2015-02,47,45,11.0,24.44
2015-02,48,45,11.0,24.44
2015-02,49,45,11.0,24.44
2015-02,50,45,11.0,24.44
2015-02,51,45,11.0,24.44
2015-02,52,45,12.0,26.67
2015-02,53,45,12.0,26.67
2015-02,54,45,12.0,26.67
2015-02,55,45,12.0,26.67
2015-02,56,45,12.0,26.67
2015-02,57,45,12.0,26.67
2015-02,58,45,12.0,26.67
2015-02,59,45,12.0,26.67
2015-02,60,45,12.0,26.67
2015-03,1,42,0.0,0.0
2015-03,2,42,0.0,0.0
2015-03,3,42,0.0,0.0
2015-03,4,42,0.0,0.0
2015-03,5,42,0.0,0.0
2015-03,6,42,0.0,0.0
2015-03,7,42,0.0,0.0
2015-03,8,42,0.0,0.0
2015-03,9,42,0.0,0.0
2015-03,10,42,0.0,0.0
2015-03,11,42,0.0,0.0
2015-03,12,42,0.0,0.0
2015-03,13,42,0.0,0.0
2015-03,14,42,0.0,0.0
2015-03,15,42,0.0,0.0
2015-03,16,42,0.0,0.0
2015-03,17,42,0.0,0.0
2015-03,18,42,0.0,0.0
2015-03,19,42,0.0,0.0
2015-03,20,42,0.0,0.0
2015-03,21,42,0.0,0.0
2015-03,22,42,0.0,0.0
2015-03,23,42,0.0,0.0
2015-03,24,42,1.0,2.38
2015-03,25,42,1.0,2.38
2015-03,26,42,1.0,2.38
2015-03,27,42,1.0,2.38
2015-03,28,42,1.0,2.38
2015-03,29,42,1.0,2.38
2015-03,30,42,1.0,2.38
2015-03,31,42,1.0,2.38
2015-03,32,42,1.0,2.38
2015-03,33,42,1.0,2.38
2015-03,34,42,1.0,2.38
2015-03,35,42,1.0,2.38
2015-03,36,42,1.0,2.38
2015-03,37,42,1.0,2.38
2015-03,38,42,2.0,4.76
2015-03,39,42,2.0,4.76
2015-03,40,42,2.0,4.76
2015-03,41,42,4.0,9.52
2015-03,42,42,4.0,9.52
2015-03,43,42,4.0,9.52
2015-03,44,42,4.0,9.52
2015-03,45,42,5.0,11.9
2015-03,46,42,5.0,11.9
2015-03,47,42,5.0,11.9
2015-03,48,42,5.0,11.9
2015-03,49,42,5.0,11.9
2015-03,50,42,5.0,11.9
2015-03,51,42,5.0,11.9
2015-03,52,42,5.0,11.9
2015-03,53,42,5.0,11.9
2015-03,54,42,5.0,11.9
2015-03,55,42,5.0,11.9
2015-03,56,42,5.0,11.9
2015-03,57,42,5.0,11.9
2015-03,58,42,5.0,11.9
2015-03,59,42,5.0,11.9
2015-03,60,42,5.0,11.9
2015-04,1,75,0.0,0.0
2015-04,2,75,0.0,0.0
2015-04,3,75,0.0,0.0
2015-04,4,75,0.0,0.0
2015-04,5,75,0.0,0.0
2015-04,6,75,0.0,0.0
2015-04,7,75,0.0,0.0
2015-04,8,75,0.0,0.0
2015-04,9,75,0.0,0.0
2015-04,10,75,2.0,2.67
2015-04,11,75,2.0,2.67
2015-04,12,75,3.0,4.0
2015-04,13,75,3.0,4.0
2015-04,14,75,4.0,5.33
2015-04,15,75,4.0,5.33
2015-04,16,75,4.0,5.33
2015-04,17,75,4.0,5.33
2015-04,18,75,4.0,5.33
2015-04,19,75,5.0,6.67
2015-04,20,75,5.0,6.67
2015-04,21,75,5.0,6.67
2015-04,22,75,5.0,6.67
2015-04,23,75,5.0,6.67
2015-04,24,75,5.0,6.67
2015-04,25,75,5.0,6.67
2015-04,26,75,6.0,8.0
2015-04,27,75,6.0,8.0
2015-04,28,75,7.0,9.33
2015-04,29,75,7.0,9.33
2015-04,30,75,8.0,10.67
2015-04,31,75,9.0,12.0
2015-04,32,75,10.0,13.33
2015-04,33,75,11.0,14.67
2015-04,34,75,11.0,14.67
2015-04,35,75,11.0,14.67
2015-04,36,75,11.0,14.67
2015-04,37,75,11.0,14.67
2015-04,38,75,11.0,14.67
2015-04,39,75,11.0,14.67
2015-04,40,75,11.0,14.67
2015-04,41,75,11.0,14.67
2015-04,42,75,11.0,14.67
2015-04,43,75,11.0,14.67
2015-04,44,75,11.0,14.67
2015-04,45,75,11.0,14.67
2015-04,46,75,11.0,14.67
2015-04,47,75,11.0,14.67
2015-04,48,75,11.0,14.67
2015-04,49,75,11.0,14.67
2015-04,50,75,11.0,14.67
2015-04,51,75,11.0,14.67
2015-04,52,75,11.0,14.67
2015-04,53,75,12.0,16.0
2015-04,54,75,12.0,16.0
2015-04,55,75,12.0,16.0
2015-04,56,75,12.0,16.0
2015-04,57,75,12.0,16.0
2015-04,58,75,13.0,17.33
2015-04,59,75,13.0,17.33
2015-04,60,75,13.0,17.33
2015-05,1,57,0.0,0.0
2015-05,2,57,0.0,0.0
2015-05,3,57,0.0,0.0
2015-05,4,57,0.0,0.0
2015-05,5,57,0.0,0.0
2015-05,6,57,0.0,0.0
2015-05,7,57,0.0,0.0
2015-05,8,57,0.0,0.0
2015-05,9,57,0.0,0.0
2015-05,10,57,0.0,0.0
2015-05,11,57,0.0,0.0
2015-05,12,57,1.0,1.75
2015-05,13,57,1.0,1.75
2015-05,14,57,1.0,1.75
2015-05,15,57,2.0,3.51
2015-05,16,57,2.0,3.51
2015-05,17,57,2.0,3.51
2015-05,18,57,2.0,3.51
2015-05,19,57,2.0,3.51
2015-05,20,57,2.0,3.51
2015-05,21,57,4.0,7.02
2015-05,22,57,4.0,7.02
2015-05,23,57,4.0,7.02
2015-05,24,57,4.0,7.02
2015-05,25,57,4.0,7.02
2015-05,26,57,4.0,7.02
2015-05,27,57,4.0,7.02
2015-05,28,57,5.0,8.77
2015-05,29,57,5.0,8.77
2015-05,30,57,6.0,10.53
2015-05,31,57,7.0,12.28
2015-05,32,57,7.0,12.28
2015-05,33,57,7.0,12.28
2015-05,34,57,7.0,12.28
2015-05,35,57,7.0,12.28
2015-05,36,57,7.0,12.28
2015-05,37,57,8.0,14.04
2015-05,38,57,8.0,14.04
2015-05,39,57,8.0,14.04
2015-05,40,57,8.0,14.04
2015-05,41,57,8.0,14.04
2015-05,42,57,8.0,14.04
2015-05,43,57,8.0,14.04
2015-05,44,57,8.0,14.04
2015-05,45,57,8.0,14.04
2015-05,46,57,8.0,14.04
2015-05,47,57,8.0,14.04
2015-05,48,57,8.0,14.04
2015-05,49,57,8.0,14.04
2015-05,50,57,8.0,14.04
2015-05,51,57,8.0,14.04
2015-05,52,57,8.0,14.04
2015-05,53,57,8.0,14.04
2015-05,54,57,8.0,14.04
2015-05,55,57,8.0,14.04
2015-05,56,57,8.0,14.04
2015-05,57,57,8.0,14.04
2015-05,58,57,8.0,14.04
2015-05,59,57,8.0,14.04
2015-05,60,57,8.0,14.04
2015-06,1,53,0.0,0.0
2015-06,2,53,0.0,0.0
2015-06,3,53,0.0,0.0
2015-06,4,53,0.0,0.0
2015-06,5,53,0.0,0.0
2015-06,6,53,1.0,1.89
2015-06,7,53,1.0,1.89
2015-06,8,53,1.0,1.89
2015-06,9,53,1.0,1.89
2015-06,10,53,2.0,3.77
2015-06,11,53,2.0,3.77
2015-06,12,53,2.0,3.77
2015-06,13,53,3.0,5.66
2015-06,14,53,5.0,9.43
2015-06,15,53,5.0,9.43
2015-06,16,53,5.0,9.43
2015-06,17,53,5.0,9.43
2015-06,18,53,5.0,9.43
2015-06,19,53,5.0,9.43
2015-06,20,53,5.0,9.43
2015-06,21,53,5.0,9.43
2015-06,22,53,6.0,11.32
2015-06,23,53,6.0,11.32
2015-06,24,53,7.0,13.21
2015-06,25,53,7.0,13.21
2015-06,26,53,8.0,15.09
2015-06,27,53,10.0,18.87
2015-06,28,53,10.0,18.87
2015-06,29,53,10.0,18.87
2015-06,30,53,10.0,18.87
2015-06,31,53,10.0,18.87
2015-06,32,53,10.0,18.87
2015-06,33,53,10.0,18.87
2015-06,34,53,10.0,18.87
2015-06,35,53,11.0,20.75
2015-06,36,53,12.0,22.64
2015-06,37,53,12.0,22.64
2015-06,38,53,12.0,22.64
2015-06,39,53,12.0,22.64
2015-06,40,53,12.0,22.64
2015-06,41,53,12.0,22.64
2015-06,42,53,12.0,22.64
2015-06,43,53,12.0,22.64
2015-06,44,53,12.0,22.64
2015-06,45,53,12.0,22.64
2015-06,46,53,12.0,22.64
2015-06,47,53,13.0,24.53
2015-06,48,53,13.0,24.53
2015-06,49,53,13.0,24.53
2015-06,50,53,13.0,24.53
2015-06,51,53,13.0,24.53
2015-06,52,53,13.0,24.53
2015-06,53,53,13.0,24.53
2015-06,54,53,14.0,26.42
2015-06,55,53,14.0,26.42
2015-06,56,53,14.0,26.42
2015-06,57,53,14.0,26.42
2015-06,58,53,14.0,26.42
2015-06,59,53,14.0,26.42
2015-06,60,53,14.0,26.42
2015-07,1,86,0.0,0.0
2015-07,2,86,0.0,0.0
2015-07,3,86,0.0,0.0
2015-07,4,86,1.0,1.16
2015-07,5,86,1.0,1.16
2015-07,6,86,2.0,2.33
2015-07,7,86,2.0,2.33
2015-07,8,86,2.0,2.33
2015-07,9,86,4.0,4.65
2015-07,10,86,5.0,5.81
2015-07,11,86,5.0,5.81
2015-07,12,86,5.0,5.81
2015-07,13,86,5.0,5.81
2015-07,14,86,5.0,5.81
2015-07,15,86,5.0,5.81
2015-07,16,86,5.0,5.81
2015-07,17,86,5.0,5.81
2015-07,18,86,5.0,5.81
2015-07,19,86,6.0,6.98
2015-07,20,86,6.0,6.98
2015-07,21,86,6.0,6.98
2015-07,22,86,7.0,8.14
2015-07,23,86,7.0,8.14
2015-07,24,86,7.0,8.14
2015-07,25,86,9.0,10.47
2015-07,26,86,9.0,10.47
2015-07,27,86,11.0,12.79
2015-07,28,86,11.0,12.79
2015-07,29,86,12.0,13.95
2015-07,30,86,12.0,13.95
2015-07,31,86,13.0,15.12
2015-07,32,86,13.0,15.12
2015-07,33,86,13.0,15.12
2015-07,34,86,13.0,15.12
2015-07,35,86,13.0,15.12
2015-07,36,86,13.0,15.12
2015-07,37,86,14.0,16.28
2015-07,38,86,15.0,17.44
2015-07,39,86,15.0,17.44
2015-07,40,86,15.0,17.44
2015-07,41,86,16.0,18.6
2015-07,42,86,16.0,18.6
2015-07,43,86,18.0,20.93
2015-07,44,86,18.0,20.93
2015-07,45,86,18.0,20.93
2015-07,46,86,18.0,20.93
2015-07,47,86,18.0,20.93
2015-07,48,86,18.0,20.93
2015-07,49,86,18.0,20.93
2015-07,50,86,18.0,20.93
2015-07,51,86,18.0,20.93
2015-07,52,86,18.0,20.93
2015-07,53,86,18.0,20.93
2015-07,54,86,19.0,22.09
2015-07,55,86,20.0,23.26
2015-07,56,86,21.0,24.42
2015-07,57,86,21.0,24.42
2015-07,58,86,21.0,24.42
2015-07,59,86,21.0,24.42
2015-07,60,86,21.0,24.42
2015-08,1,66,0.0,0.0
2015-08,2,66,0.0,0.0
2015-08,3,66,0.0,0.0
2015-08,4,66,0.0,0.0
2015-08,5,66,0.0,0.0
2015-08,6,66,0.0,0.0
2015-08,7,66,0.0,0.0
2015-08,8,66,1.0,1.52
2015-08,9,66,3.0,4.55
2015-08,10,66,3.0,4.55
2015-08,11,66,3.0,4.55
2015-08,12,66,4.0,6.06
2015-08,13,66,4.0,6.06
2015-08,14,66,5.0,7.58
2015-08,15,66,5.0,7.58
2015-08,16,66,5.0,7.58
2015-08,17,66,5.0,7.58
2015-08,18,66,5.0,7.58
2015-08,19,66,8.0,12.12
2015-08,20,66,9.0,13.64
2015-08,21,66,9.0,13.64
2015-08,22,66,10.0,15.15
2015-08,23,66,11.0,16.67
2015-08,24,66,11.0,16.67
2015-08,25,66,11.0,16.67
2015-08,26,66,12.0,18.18
2015-08,27,66,13.0,19.7
2015-08,28,66,14.0,21.21
2015-08,29,66,15.0,22.73
2015-08,30,66,15.0,22.73
2015-08,31,66,16.0,24.24
2015-08,32,66,16.0,24.24
2015-08,33,66,16.0,24.24
2015-08,34,66,16.0,24.24
2015-08,35,66,16.0,24.24
2015-08,36,66,16.0,24.24
2015-08,37,66,17.0,25.76
2015-08,38,66,18.0,27.27
2015-08,39,66,18.0,27.27
2015-08,40,66,18.0,27.27
2015-08,41,66,18.0,27.27
2015-08,42,66,18.0,27.27
2015-08,43,66,18.0,27.27
2015-08,44,66,18.0,27.27
2015-08,45,66,18.0,27.27
2015-08,46,66,18.0,27.27
2015-08,47,66,18.0,27.27
2015-08,48,66,18.0,27.27
2015-08,49,66,18.0,27.27
2015-08,50,66,18.0,27.27
2015-08,51,66,18.0,27.27
2015-08,52,66,18.0,27.27
2015-08,53,66,18.0,27.27
2015-08,54,66,19.0,28.79
2015-08,55,66,20.0,30.3
2015-08,56,66,20.0,30.3
2015-08,57,66,20.0,30.3
2015-08,58,66,20.0,30.3
2015-08,59,66,20.0,30.3
2015-08,60,66,20.0,30.3
2015-09,1,50,0.0,0.0
2015-09,2,50,0.0,0.0
2015-09,3,50,0.0,0.0
2015-09,4,50,0.0,0.0
2015-09,5,50,0.0,0.0
2015-09,6,50,0.0,0.0
2015-09,7,50,0.0,0.0
2015-09,8,50,1.0,2.0
2015-09,9,50,1.0,2.0
2015-09,10,50,1.0,2.0
2015-09,11,50,1.0,2.0
2015-09,12,50,1.0,2.0
2015-09,13,50,1.0,2.0
2015-09,14,50,1.0,2.0
2015-09,15,50,1.0,2.0
2015-09,16,50,3.0,6.0
2015-09,17,50,3.0,6.0
2015-09,18,50,3.0,6.0
2015-09,19,50,3.0,6.0
2015-09,20,50,3.0,6.0
2015-09,21,50,4.0,8.0
2015-09,22,50,5.0,10.0
2015-09,23,50,5.0,10.0
2015-09,24,50,6.0,12.0
2015-09,25,50,6.0,12.0
2015-09,26,50,6.0,12.0
2015-09,27,50,6.0,12.0
2015-09,28,50,6.0,12.0
2015-09,29,50,6.0,12.0
2015-09,30,50,6.0,12.0
2015-09,31,50,6.0,12.0
2015-09,32,50,6.0,12.0
2015-09,33,50,6.0,12.0
2015-09,34,50,6.0,12.0
2015-09,35,50,6.0,12.0
2015-09,36,50,6.0,12.0
2015-09,37,50,6.0,12.0
2015-09,38,50,6.0,12.0
2015-09,39,50,6.0,12.0
2015-09,40,50,7.0,14.0
2015-09,41,50,7.0,14.0
2015-09,42,50,7.0,14.0
2015-09,43,50,7.0,14.0
2015-09,44,50,7.0,14.0
2015-09,45,50,7.0,14.0
2015-09,46,50,7.0,14.0
2015-09,47,50,7.0,14.0
2015-09,48,50,7.0,14.0
2015-09,49,50,8.0,16.0
2015-09,50,50,8.0,16.0
2015-09,51,50,8.0,16.0
2015-09,52,50,8.0,16.0
2015-09,53,50,8.0,16.0
2015-09,54,50,8.0,16.0
2015-09,55,50,8.0,16.0
2015-09,56,50,8.0,16.0
2015-09,57,50,8.0,16.0
2015-09,58,50,8.0,16.0
2015-09,59,50,8.0,16.0
2015-09,60,50,8.0,16.0
2015-10,1,72,0.0,0.0
2015-10,2,72,0.0,0.0
2015-10,3,72,0.0,0.0
2015-10,4,72,0.0,0.0
2015-10,5,72,0.0,0.0
2015-10,6,72,1.0,1.39
2015-10,7,72,1.0,1.39
2015-10,8,72,1.0,1.39
2015-10,9,72,1.0,1.39
2015-10,10,72,2.0,2.78
2015-10,11,72,3.0,4.17
2015-10,12,72,3.0,4.17
2015-10,13,72,3.0,4.17
2015-10,14,72,3.0,4.17
2015-10,15,72,3.0,4.17
2015-10,16,72,4.0,5.56
2015-10,17,72,5.0,6.94
2015-10,18,72,7.0,9.72
2015-10,19,72,8.0,11.11
2015-10,20,72,8.0,11.11
2015-10,21,72,8.0,11.11
2015-10,22,72,10.0,13.89
2015-10,23,72,11.0,15.28
2015-10,24,72,12.0,16.67
2015-10,25,72,12.0,16.67
2015-10,26,72,12.0,16.67
2015-10,27,72,13.0,18.06
2015-10,28,72,14.0,19.44
2015-10,29,72,14.0,19.44
2015-10,30,72,15.0,20.83
2015-10,31,72,16.0,22.22
2015-10,32,72,16.0,22.22
2015-10,33,72,17.0,23.61
2015-10,34,72,17.0,23.61
2015-10,35,72,17.0,23.61
2015-10,36,72,17.0,23.61
2015-10,37,72,17.0,23.61
2015-10,38,72,18.0,25.0
2015-10,39,72,18.0,25.0
2015-10,40,72,18.0,25.0
2015-10,41,72,18.0,25.0
2015-10,42,72,18.0,25.0
2015-10,43,72,18.0,25.0
2015-10,44,72,18.0,25.0
2015-10,45,72,18.0,25.0
2015-10,46,72,18.0,25.0
2015-10,47,72,18.0,25.0
2015-10,48,72,19.0,26.39
2015-10,49,72,19.0,26.39
2015-10,50,72,19.0,26.39
2015-10,51,72,19.0,26.39
2015-10,52,72,20.0,27.78
2015-10,53,72,20.0,27.78
2015-10,54,72,21.0,29.17
2015-10,55,72,21.0,29.17
2015-10,56,72,22.0,30.56
2015-10,57,72,22.0,30.56
2015-10,58,72,22.0,30.56
2015-10,59,72,22.0,30.56
2015-10,60,72,22.0,30.56
2015-11,1,58,0.0,0.0
2015-11,2,58,0.0,0.0
2015-11,3,58,0.0,0.0
2015-11,4,58,0.0,0.0
2015-11,5,58,1.0,1.72
2015-11,6,58,2.0,3.45
2015-11,7,58,2.0,3.45
2015-11,8,58,2.0,3.45
2015-11,9,58,2.0,3.45
2015-11,10,58,2.0,3.45
2015-11,11,58,4.0,6.9
2015-11,12,58,4.0,6.9
2015-11,13,58,4.0,6.9
2015-11,14,58,5.0,8.62
2015-11,15,58,6.0,10.34
2015-11,16,58,6.0,10.34
2015-11,17,58,6.0,10.34
2015-11,18,58,6.0,10.34
2015-11,19,58,8.0,13.79
2015-11,20,58,9.0,15.52
2015-11,21,58,9.0,15.52
2015-11,22,58,9.0,15.52
2015-11,23,58,9.0,15.52
2015-11,24,58,9.0,15.52
2015-11,25,58,9.0,15.52
2015-11,26,58,9.0,15.52
2015-11,27,58,9.0,15.52
2015-11,28,58,9.0,15.52
2015-11,29,58,10.0,17.24
2015-11,30,58,10.0,17.24
2015-11,31,58,10.0,17.24
2015-11,32,58,10.0,17.24
2015-11,33,58,10.0,17.24
2015-11,34,58,10.0,17.24
2015-11,35,58,10.0,17.24
2015-11,36,58,10.0,17.24
2015-11,37,58,10.0,17.24
2015-11,38,58,10.0,17.24
2015-11,39,58,10.0,17.24
2015-11,40,58,10.0,17.24
2015-11,41,58,10.0,17.24
2015-11,42,58,10.0,17.24
2015-11,43,58,10.0,17.24
2015-11,44,58,10.0,17.24
2015-11,45,58,10.0,17.24
2015-11,46,58,10.0,17.24
2015-11,47,58,10.0,17.24
2015-11,48,58,11.0,18.97
2015-11,49,58,11.0,18.97
2015-11,50,58,11.0,18.97
2015-11,51,58,11.0,18.97
2015-11,52,58,11.0,18.97
2015-11,53,58,11.0,18.97
2015-11,54,58,11.0,18.97
2015-11,55,58,11.0,18.97
2015-11,56,58,11.0,18.97
2015-11,57,58,11.0,18.97
2015-11,58,58,11.0,18.97
2015-11,59,58,11.0,18.97
2015-11,60,58,11.0,18.97
2015-12,1,78,0.0,0.0
2015-12,2,78,0.0,0.0
2015-12,3,78,0.0,0.0
2015-12,4,78,1.0,1.28
2015-12,5,78,1.0,1.28
2015-12,6,78,1.0,1.28
2015-12,7,78,1.0,1.28
2015-12,8,78,1.0,1.28
2015-12,9,78,1.0,1.28
2015-12,10,78,2.0,2.56
2015-12,11,78,2.0,2.56
2015-12,12,78,2.0,2.56
2015-12,13,78,2.0,2.56
2015-12,14,78,2.0,2.56
2015-12,15,78,2.0,2.56
2015-12,16,78,2.0,2.56
2015-12,17,78,2.0,2.56
2015-12,18,78,3.0,3.85
2015-12,19,78,3.0,3.85
2015-12,20,78,3.0,3.85
2015-12,21,78,3.0,3.85
2015-12,22,78,3.0,3.85
2015-12,23,78,3.0,3.85
2015-12,24,78,3.0,3.85
2015-12,25,78,3.0,3.85
2015-12,26,78,3.0,3.85
2015-12,27,78,4.0,5.13
2015-12,28,78,4.0,5.13
2015-12,29,78,4.0,5.13
2015-12,30,78,7.0,8.97
2015-12,31,78,7.0,8.97
2015-12,32,78,7.0,8.97
2015-12,33,78,8.0,10.26
2015-12,34,78,8.0,10.26
2015-12,35,78,10.0,12.82
2015-12,36,78,10.0,12.82
2015-12,37,78,10.0,12.82
2015-12,38,78,10.0,12.82
2015-12,39,78,10.0,12.82
2015-12,40,78,10.0,12.82
2015-12,41,78,10.0,12.82
2015-12,42,78,10.0,12.82
2015-12,43,78,10.0,12.82
2015-12,44,78,10.0,12.82
2015-12,45,78,10.0,12.82
2015-12,46,78,10.0,12.82
2015-12,47,78,10.0,12.82
2015-12,48,78,10.0,12.82
2015-12,49,78,11.0,14.1
2015-12,50,78,11.0,14.1
2015-12,51,78,11.0,14.1
2015-12,52,78,11.0,14.1
2015-12,53,78,11.0,14.1
2015-12,54,78,11.0,14.1
2015-12,55,78,12.0,15.38
2015-12,56,78,12.0,15.38
2015-12,57,78,12.0,15.38
2015-12,58,78,12.0,15.38
2015-12,59,78,12.0,15.38
2015-12,60,78,12.0,15.38
2016-01,1,58,0.0,0.0
2016-01,2,58,0.0,0.0
2016-01,3,58,0.0,0.0
2016-01,4,58,0.0,0.0
2016-01,5,58,1.0,1.72
2016-01,6,58,2.0,3.45
2016-01,7,58,2.0,3.45
2016-01,8,58,2.0,3.45
2016-01,9,58,2.0,3.45
2016-01,10,58,2.0,3.45
2016-01,11,58,2.0,3.45
2016-01,12,58,2.0,3.45
2016-01,13,58,4.0,6.9
2016-01,14,58,4.0,6.9
2016-01,15,58,5.0,8.62
2016-01,16,58,5.0,8.62
2016-01,17,58,5.0,8.62
2016-01,18,58,5.0,8.62
2016-01,19,58,5.0,8.62
2016-01,20,58,5.0,8.62
2016-01,21,58,6.0,10.34
2016-01,22,58,7.0,12.07
2016-01,23,58,8.0,13.79
2016-01,24,58,8.0,13.79
2016-01,25,58,8.0,13.79
2016-01,26,58,8.0,13.79
2016-01,27,58,9.0,15.52
2016-01,28,58,9.0,15.52
2016-01,29,58,9.0,15.52
2016-01,30,58,9.0,15.52
2016-01,31,58,9.0,15.52
2016-01,32,58,9.0,15.52
2016-01,33,58,9.0,15.52
2016-01,34,58,9.0,15.52
2016-01,35,58,10.0,17.24
2016-01,36,58,10.0,17.24
2016-01,37,58,10.0,17.24
2016-01,38,58,10.0,17.24
2016-01,39,58,10.0,17.24
2016-01,40,58,11.0,18.97
2016-01,41,58,12.0,20.69
2016-01,42,58,12.0,20.69
2016-01,43,58,12.0,20.69
2016-01,44,58,12.0,20.69
2016-01,45,58,12.0,20.69
2016-01,46,58,12.0,20.69
2016-01,47,58,12.0,20.69
2016-01,48,58,12.0,20.69
2016-01,49,58,12.0,20.69
2016-01,50,58,13.0,22.41
2016-01,51,58,13.0,22.41
2016-01,52,58,13.0,22.41
2016-01,53,58,13.0,22.41
2016-01,54,58,13.0,22.41
2016-01,55,58,13.0,22.41
2016-01,56,58,13.0,22.41
2016-01,57,58,13.0,22.41
2016-01,58,58,13.0,22.41
2016-01,59,58,13.0,22.41
2016-01,60,58,13.0,22.41
2016-02,1,78,0.0,0.0
2016-02,2,78,0.0,0.0
2016-02,3,78,0.0,0.0
2016-02,4,78,0.0,0.0
2016-02,5,78,0.0,0.0
2016-02,6,78,0.0,0.0
2016-02,7,78,0.0,0.0
2016-02,8,78,0.0,0.0
2016-02,9,78,0.0,0.0
2016-02,10,78,0.0,0.0
2016-02,11,78,1.0,1.28
2016-02,12,78,1.0,1.28
2016-02,13,78,1.0,1.28
2016-02,14,78,1.0,1.28
2016-02,15,78,1.0,1.28
2016-02,16,78,1.0,1.28
2016-02,17,78,2.0,2.56
2016-02,18,78,3.0,3.85
2016-02,19,78,3.0,3.85
2016-02,20,78,4.0,5.13
2016-02,21,78,4.0,5.13
2016-02,22,78,5.0,6.41
2016-02,23,78,6.0,7.69
2016-02,24,78,6.0,7.69
2016-02,25,78,6.0,7.69
2016-02,26,78,6.0,7.69
2016-02,27,78,6.0,7.69
2016-02,28,78,6.0,7.69
2016-02,29,78,6.0,7.69
2016-02,30,78,6.0,7.69
2016-02,31,78,6.0,7.69
2016-02,32,78,6.0,7.69
2016-02,33,78,7.0,8.97
2016-02,34,78,7.0,8.97
2016-02,35,78,7.0,8.97
2016-02,36,78,8.0,10.26
2016-02,37,78,8.0,10.26
2016-02,38,78,8.0,10.26
2016-02,39,78,8.0,10.26
2016-02,40,78,8.0,10.26
2016-02,41,78,8.0,10.26
2016-02,42,78,9.0,11.54
2016-02,43,78,9.0,11.54
2016-02,44,78,9.0,11.54
2016-02,45,78,9.0,11.54
2016-02,46,78,9.0,11.54
2016-02,47,78,9.0,11.54
2016-02,48,78,9.0,11.54
2016-02,49,78,10.0,12.82
2016-02,50,78,10.0,12.82
2016-02,51,78,10.0,12.82
2016-02,52,78,10.0,12.82
2016-02,53,78,10.0,12.82
2016-02,54,78,10.0,12.82
2016-02,55,78,10.0,12.82
2016-02,56,78,10.0,12.82
2016-02,57,78,10.0,12.82
2016-02,58,78,10.0,12.82
2016-02,59,78,10.0,12.82
2016-02,60,78,10.0,12.82
2016-03,1,110,0.0,0.0
2016-03,2,110,0.0,0.0
2016-03,3,110,0.0,0.0
2016-03,4,110,0.0,0.0
2016-03,5,110,0.0,0.0
2016-03,6,110,1.0,0.91
2016-03,7,110,1.0,0.91
2016-03,8,110,1.0,0.91
2016-03,9,110,2.0,1.82
2016-03,10,110,3.0,2.73
2016-03,11,110,3.0,2.73
2016-03,12,110,4.0,3.64
2016-03,13,110,4.0,3.64
2016-03,14,110,4.0,3.64
2016-03,15,110,5.0,4.55
2016-03,16,110,5.0,4.55
2016-03,17,110,7.0,6.36
2016-03,18,110,7.0,6.36
2016-03,19,110,7.0,6.36
2016-03,20,110,8.0,7.27
2016-03,21,110,8.0,7.27
2016-03,22,110,9.0,8.18
2016-03,23,110,9.0,8.18
2016-03,24,110,10.0,9.09
2016-03,25,110,13.0,11.82
2016-03,26,110,15.0,13.64
2016-03,27,110,16.0,14.55
2016-03,28,110,17.0,15.45
2016-03,29,110,18.0,16.36
2016-03,30,110,18.0,16.36
2016-03,31,110,18.0,16.36
2016-03,32,110,18.0,16.36
2016-03,33,110,18.0,16.36
2016-03,34,110,18.0,16.36
2016-03,35,110,19.0,17.27
2016-03,36,110,19.0,17.27
2016-03,37,110,19.0,17.27
2016-03,38,110,20.0,18.18
2016-03,39,110,21.0,19.09
2016-03,40,110,21.0,19.09
2016-03,41,110,21.0,19.09
2016-03,42,110,21.0,19.09
2016-03,43,110,22.0,20.0
2016-03,44,110,23.0,20.91
2016-03,45,110,23.0,20.91
2016-03,46,110,23.0,20.91
2016-03,47,110,23.0,20.91
2016-03,48,110,23.0,20.91
2016-03,49,110,23.0,20.91
2016-03,50,110,23.0,20.91
2016-03,51,110,23.0,20.91
2016-03,52,110,23.0,20.91
2016-03,53,110,23.0,20.91
2016-03,54,110,23.0,20.91
2016-03,55,110,23.0,20.91
2016-03,56,110,23.0,20.91
2016-03,57,110,23.0,20.91
2016-03,58,110,23.0,20.91
2016-03,59,110,23.0,20.91
2016-03,60,110,23.0,20.91
2016-04,1,73,0.0,0.0
2016-04,2,73,0.0,0.0
2016-04,3,73,0.0,0.0
2016-04,4,73,0.0,0.0
2016-04,5,73,0.0,0.0
2016-04,6,73,1.0,1.37
2016-04,7,73,2.0,2.74
2016-04,8,73,4.0,5.48
2016-04,9,73,5.0,6.85
2016-04,10,73,5.0,6.85
2016-04,11,73,6.0,8.22
2016-04,12,73,7.0,9.59
2016-04,13,73,7.0,9.59
2016-04,14,73,8.0,10.96
2016-04,15,73,8.0,10.96
2016-04,16,73,11.0,15.07
2016-04,17,73,11.0,15.07
2016-04,18,73,11.0,15.07
2016-04,19,73,12.0,16.44
2016-04,20,73,12.0,16.44
2016-04,21,73,12.0,16.44
2016-04,22,73,12.0,16.44
2016-04,23,73,12.0,16.44
2016-04,24,73,13.0,17.81
2016-04,25,73,14.0,19.18
2016-04,26,73,14.0,19.18
2016-04,27,73,14.0,19.18
2016-04,28,73,14.0,19.18
2016-04,29,73,14.0,19.18
2016-04,30,73,14.0,19.18
2016-04,31,73,14.0,19.18
2016-04,32,73,15.0,20.55
2016-04,33,73,16.0,21.92
2016-04,34,73,16.0,21.92
2016-04,35,73,16.0,21.92
2016-04,36,73,16.0,21.92
2016-04,37,73,16.0,21.92
2016-04,38,73,16.0,21.92
2016-04,39,73,16.0,21.92
2016-04,40,73,16.0,21.92
2016-04,41,73,16.0,21.92
2016-04,42,73,16.0,21.92
2016-04,43,73,16.0,21.92
2016-04,44,73,16.0,21.92
2016-04,45,73,16.0,21.92
2016-04,46,73,16.0,21.92
2016-04,47,73,16.0,21.92
2016-04,48,73,16.0,21.92
2016-04,49,73,16.0,21.92
2016-04,50,73,16.0,21.92
2016-04,51,73,16.0,21.92
2016-04,52,73,17.0,23.29
2016-04,53,73,17.0,23.29
2016-04,54,73,17.0,23.29
2016-04,55,73,17.0,23.29
2016-04,56,73,17.0,23.29
2016-04,57,73,17.0,23.29
2016-04,58,73,17.0,23.29
2016-04,59,73,17.0,23.29
2016-04,60,73,17.0,23.29
2016-05,1,49,0.0,0.0
2016-05,2,49,0.0,0.0
2016-05,3,49,0.0,0.0
2016-05,4,49,0.0,0.0
2016-05,5,49,0.0,0.0
2016-05,6,49,1.0,2.04
2016-05,7,49,1.0,2.04
2016-05,8,49,1.0,2.04
2016-05,9,49,2.0,4.08
2016-05,10,49,3.0,6.12
2016-05,11,49,5.0,10.2
2016-05,12,49,5.0,10.2
2016-05,13,49,6.0,12.24
2016-05,14,49,6.0,12.24
2016-05,15,49,6.0,12.24
2016-05,16,49,6.0,12.24
2016-05,17,49,6.0,12.24
2016-05,18,49,6.0,12.24
2016-05,19,49,6.0,12.24
2016-05,20,49,6.0,12.24
2016-05,21,49,7.0,14.29
2016-05,22,49,7.0,14.29
2016-05,23,49,7.0,14.29
2016-05,24,49,7.0,14.29
2016-05,25,49,8.0,16.33
2016-05,26,49,8.0,16.33
2016-05,27,49,8.0,16.33
2016-05,28,49,8.0,16.33
2016-05,29,49,9.0,18.37
2016-05,30,49,9.0,18.37
2016-05,31,49,9.0,18.37
2016-05,32,49,9.0,18.37
2016-05,33,49,9.0,18.37
2016-05,34,49,9.0,18.37
2016-05,35,49,9.0,18.37
2016-05,36,49,10.0,20.41
2016-05,37,49,10.0,20.41
2016-05,38,49,10.0,20.41
2016-05,39,49,10.0,20.41
2016-05,40,49,11.0,22.45
2016-05,41,49,11.0,22.45
2016-05,42,49,11.0,22.45
2016-05,43,49,11.0,22.45
2016-05,44,49,11.0,22.45
2016-05,45,49,11.0,22.45
2016-05,46,49,11.0,22.45
2016-05,47,49,11.0,22.45
2016-05,48,49,11.0,22.45
2016-05,49,49,11.0,22.45
2016-05,50,49,11.0,22.45
2016-05,51,49,11.0,22.45
2016-05,52,49,11.0,22.45
2016-05,53,49,11.0,22.45
2016-05,54,49,11.0,22.45
2016-05,55,49,11.0,22.45
2016-05,56,49,11.0,22.45
2016-05,57,49,11.0,22.45
2016-05,58,49,11.0,22.45
2016-05,59,49,11.0,22.45
2016-05,60,49,11.0,22.45
2016-06,1,47,0.0,0.0
2016-06,2,47,0.0,0.0
2016-06,3,47,0.0,0.0
2016-06,4,47,1.0,2.13
2016-06,5,47,1.0,2.13
2016-06,6,47,2.0,4.26
2016-06,7,47,2.0,4.26
2016-06,8,47,2.0,4.26
2016-06,9,47,3.0,6.38
2016-06,10,47,3.0,6.38
2016-06,11,47,3.0,6.38
2016-06,12,47,4.0,8.51
2016-06,13,47,4.0,8.51
2016-06,14,47,4.0,8.51
2016-06,15,47,4.0,8.51
2016-06,16,47,5.0,10.64
2016-06,17,47,5.0,10.64
2016-06,18,47,5.0,10.64
2016-06,19,47,5.0,10.64
2016-06,20,47,5.0,10.64
2016-06,21,47,5.0,10.64
2016-06,22,47,5.0,10.64
2016-06,23,47,5.0,10.64
2016-06,24,47,5.0,10.64
2016-06,25,47,6.0,12.77
2016-06,26,47,6.0,12.77
2016-06,27,47,6.0,12.77
2016-06,28,47,6.0,12.77
2016-06,29,47,6.0,12.77
2016-06,30,47,6.0,12.77
2016-06,31,47,7.0,14.89
2016-06,32,47,7.0,14.89
2016-06,33,47,7.0,14.89
2016-06,34,47,7.0,14.89
2016-06,35,47,7.0,14.89
2016-06,36,47,8.0,17.02
2016-06,37,47,8.0,17.02
2016-06,38,47,9.0,19.15
2016-06,39,47,9.0,19.15
2016-06,40,47,9.0,19.15
2016-06,41,47,9.0,19.15
2016-06,42,47,9.0,19.15
2016-06,43,47,9.0,19.15
2016-06,44,47,9.0,19.15
2016-06,45,47,9.0,19.15
2016-06,46,47,9.0,19.15
2016-06,47,47,9.0,19.15
2016-06,48,47,9.0,19.15
2016-06,49,47,9.0,19.15
2016-06,50,47,9.0,19.15
2016-06,51,47,9.0,19.15
2016-06,52,47,9.0,19.15
2016-06,53,47,10.0,21.28
2016-06,54,47,10.0,21.28
2016-06,55,47,10.0,21.28
2016-06,56,47,10.0,21.28
2016-06,57,47,10.0,21.28
2016-06,58,47,10.0,21.28
2016-06,59,47,10.0,21.28
2016-06,60,47,10.0,21.28
2016-07,1,62,0.0,0.0
2016-07,2,62,0.0,0.0
2016-07,3,62,0.0,0.0
2016-07,4,62,0.0,0.0
2016-07,5,62,0.0,0.0
2016-07,6,62,0.0,0.0
2016-07,7,62,0.0,0.0
2016-07,8,62,0.0,0.0
2016-07,9,62,0.0,0.0
2016-07,10,62,0.0,0.0
2016-07,11,62,1.0,1.61
2016-07,12,62,2.0,3.23
2016-07,13,62,3.0,4.84
2016-07,14,62,4.0,6.45
2016-07,15,62,4.0,6.45
2016-07,16,62,5.0,8.06
2016-07,17,62,5.0,8.06
2016-07,18,62,7.0,11.29
2016-07,19,62,7.0,11.29
2016-07,20,62,8.0,12.9
2016-07,21,62,8.0,12.9
2016-07,22,62,8.0,12.9
2016-07,23,62,8.0,12.9
2016-07,24,62,8.0,12.9
2016-07,25,62,8.0,12.9
2016-07,26,62,8.0,12.9
2016-07,27,62,8.0,12.9
2016-07,28,62,9.0,14.52
2016-07,29,62,9.0,14.52
2016-07,30,62,10.0,16.13
2016-07,31,62,10.0,16.13
2016-07,32,62,10.0,16.13
2016-07,33,62,12.0,19.35
2016-07,34,62,12.0,19.35
2016-07,35,62,12.0,19.35
2016-07,36,62,12.0,19.35
2016-07,37,62,12.0,19.35
2016-07,38,62,12.0,19.35
2016-07,39,62,12.0,19.35
2016-07,40,62,12.0,19.35
2016-07,41,62,12.0,19.35
2016-07,42,62,12.0,19.35
2016-07,43,62,12.0,19.35
2016-07,44,62,12.0,19.35
2016-07,45,62,12.0,19.35
2016-07,46,62,12.0,19.35
2016-07,47,62,12.0,19.35
2016-07,48,62,12.0,19.35
2016-07,49,62,12.0,19.35
2016-07,50,62,12.0,19.35
2016-07,51,62,12.0,19.35
2016-07,52,62,12.0,19.35
2016-07,53,62,12.0,19.35
2016-07,54,62,12.0,19.35
2016-07,55,62,12.0,19.35
2016-07,56,62,12.0,19.35
2016-07,57,62,12.0,19.35
2016-07,58,62,12.0,19.35
2016-07,59,62,12.0,19.35
2016-07,60,62,12.0,19.35
2016-08,1,66,0.0,0.0
2016-08,2,66,0.0,0.0
2016-08,3,66,0.0,0.0
2016-08,4,66,0.0,0.0
2016-08,5,66,0.0,0.0
2016-08,6,66,0.0,0.0
2016-08,7,66,1.0,1.52
2016-08,8,66,1.0,1.52
2016-08,9,66,3.0,4.55
2016-08,10,66,3.0,4.55
2016-08,11,66,3.0,4.55
2016-08,12,66,4.0,6.06
2016-08,13,66,4.0,6.06
2016-08,14,66,4.0,6.06
2016-08,15,66,5.0,7.58
2016-08,16,66,5.0,7.58
2016-08,17,66,6.0,9.09
2016-08,18,66,7.0,10.61
2016-08,19,66,7.0,10.61
2016-08,20,66,7.0,10.61
2016-08,21,66,8.0,12.12
2016-08,22,66,8.0,12.12
2016-08,23,66,10.0,15.15
2016-08,24,66,10.0,15.15
2016-08,25,66,11.0,16.67
2016-08,26,66,11.0,16.67
2016-08,27,66,11.0,16.67
2016-08,28,66,11.0,16.67
2016-08,29,66,11.0,16.67
2016-08,30,66,11.0,16.67
2016-08,31,66,11.0,16.67
2016-08,32,66,11.0,16.67
2016-08,33,66,11.0,16.67
2016-08,34,66,11.0,16.67
2016-08,35,66,11.0,16.67
2016-08,36,66,11.0,16.67
2016-08,37,66,11.0,16.67
2016-08,38,66,11.0,16.67
2016-08,39,66,11.0,16.67
2016-08,40,66,12.0,18.18
2016-08,41,66,12.0,18.18
2016-08,42,66,12.0,18.18
2016-08,43,66,12.0,18.18
2016-08,44,66,12.0,18.18
2016-08,45,66,12.0,18.18
2016-08,46,66,12.0,18.18
2016-08,47,66,12.0,18.18
2016-08,48,66,12.0,18.18
2016-08,49,66,12.0,18.18
2016-08,50,66,12.0,18.18
2016-08,51,66,12.0,18.18
2016-08,52,66,12.0,18.18
2016-08,53,66,12.0,18.18
2016-08,54,66,12.0,18.18
2016-08,55,66,12.0,18.18
2016-08,56,66,12.0,18.18
2016-08,57,66,12.0,18.18
2016-08,58,66,12.0,18.18
2016-08,59,66,12.0,18.18
2016-08,60,66,12.0,18.18
2016-09,1,45,0.0,0.0
2016-09,2,45,0.0,0.0
2016-09,3,45,0.0,0.0
2016-09,4,45,0.0,0.0
2016-09,5,45,0.0,0.0
2016-09,6,45,0.0,0.0
2016-09,7,45,0.0,0.0
2016-09,8,45,0.0,0.0
2016-09,9,45,1.0,2.22
2016-09,10,45,1.0,2.22
2016-09,11,45,2.0,4.44
2016-09,12,45,2.0,4.44
2016-09,13,45,2.0,4.44
2016-09,14,45,2.0,4.44
2016-09,15,45,2.0,4.44
2016-09,16,45,2.0,4.44
2016-09,17,45,3.0,6.67
2016-09,18,45,3.0,6.67
2016-09,19,45,4.0,8.89
2016-09,20,45,4.0,8.89
2016-09,21,45,4.0,8.89
2016-09,22,45,4.0,8.89
2016-09,23,45,4.0,8.89
2016-09,24,45,5.0,11.11
2016-09,25,45,5.0,11.11
2016-09,26,45,5.0,11.11
2016-09,27,45,5.0,11.11
2016-09,28,45,5.0,11.11
2016-09,29,45,5.0,11.11
2016-09,30,45,5.0,11.11
2016-09,31,45,5.0,11.11
2016-09,32,45,5.0,11.11
2016-09,33,45,5.0,11.11
2016-09,34,45,5.0,11.11
2016-09,35,45,5.0,11.11
2016-09,36,45,5.0,11.11
2016-09,37,45,5.0,11.11
2016-09,38,45,5.0,11.11
2016-09,39,45,6.0,13.33
2016-09,40,45,6.0,13.33
2016-09,41,45,6.0,13.33
2016-09,42,45,6.0,13.33
2016-09,43,45,6.0,13.33
2016-09,44,45,6.0,13.33
2016-09,45,45,6.0,13.33
2016-09,46,45,6.0,13.33
2016-09,47,45,7.0,15.56
2016-09,48,45,7.0,15.56
2016-09,49,45,7.0,15.56
2016-09,50,45,7.0,15.56
2016-09,51,45,7.0,15.56
2016-09,52,45,7.0,15.56
2016-09,53,45,7.0,15.56
2016-09,54,45,7.0,15.56
2016-09,55,45,7.0,15.56
2016-09,56,45,7.0,15.56
2016-09,57,45,7.0,15.56
2016-09,58,45,7.0,15.56
2016-09,59,45,7.0,15.56
2016-09,60,45,7.0,15.56
2016-10,1,46,0.0,0.0
2016-10,2,46,0.0,0.0
2016-10,3,46,0.0,0.0
2016-10,4,46,0.0,0.0
2016-10,5,46,0.0,0.0
2016-10,6,46,0.0,0.0
2016-10,7,46,0.0,0.0
2016-10,8,46,0.0,0.0
2016-10,9,46,0.0,0.0
2016-10,10,46,1.0,2.17
2016-10,11,46,1.0,2.17
2016-10,12,46,2.0,4.35
2016-10,13,46,2.0,4.35
2016-10,14,46,2.0,4.35
2016-10,15,46,2.0,4.35
2016-10,16,46,2.0,4.35
2016-10,17,46,3.0,6.52
2016-10,18,46,3.0,6.52
2016-10,19,46,3.0,6.52
2016-10,20,46,3.0,6.52
2016-10,21,46,5.0,10.87
2016-10,22,46,5.0,10.87
2016-10,23,46,6.0,13.04
2016-10,24,46,6.0,13.04
2016-10,25,46,6.0,13.04
2016-10,26,46,7.0,15.22
2016-10,27,46,7.0,15.22
2016-10,28,46,7.0,15.22
2016-10,29,46,7.0,15.22
2016-10,30,46,8.0,17.39
2016-10,31,46,8.0,17.39
2016-10,32,46,8.0,17.39
2016-10,33,46,8.0,17.39
2016-10,34,46,9.0,19.57
2016-10,35,46,9.0,19.57
2016-10,36,46,9.0,19.57
2016-10,37,46,9.0,19.57
2016-10,38,46,9.0,19.57
2016-10,39,46,9.0,19.57
2016-10,40,46,9.0,19.57
2016-10,41,46,9.0,19.57
2016-10,42,46,9.0,19.57
2016-10,43,46,9.0,19.57
2016-10,44,46,10.0,21.74
2016-10,45,46,10.0,21.74
2016-10,46,46,10.0,21.74
2016-10,47,46,10.0,21.74
2016-10,48,46,10.0,21.74
2016-10,49,46,10.0,21.74
2016-10,50,46,10.0,21.74
2016-10,51,46,10.0,21.74
2016-10,52,46,10.0,21.74
2016-10,53,46,11.0,23.91
2016-10,54,46,11.0,23.91
2016-10,55,46,11.0,23.91
2016-10,56,46,11.0,23.91
2016-10,57,46,11.0,23.91
2016-10,58,46,11.0,23.91
2016-10,59,46,11.0,23.91
2016-10,60,46,11.0,23.91
2016-11,1,42,0.0,0.0
2016-11,2,42,0.0,0.0
2016-11,3,42,0.0,0.0
2016-11,4,42,0.0,0.0
2016-11,5,42,0.0,0.0
2016-11,6,42,0.0,0.0
2016-11,7,42,0.0,0.0
2016-11,8,42,0.0,0.0
2016-11,9,42,1.0,2.38
2016-11,10,42,1.0,2.38
2016-11,11,42,1.0,2.38
2016-11,12,42,1.0,2.38
2016-11,13,42,1.0,2.38
2016-11,14,42,2.0,4.76
2016-11,15,42,2.0,4.76
2016-11,16,42,2.0,4.76
2016-11,17,42,2.0,4.76
2016-11,18,42,2.0,4.76
2016-11,19,42,2.0,4.76
2016-11,20,42,3.0,7.14
2016-11,21,42,3.0,7.14
2016-11,22,42,3.0,7.14
2016-11,23,42,3.0,7.14
2016-11,24,42,3.0,7.14
2016-11,25,42,3.0,7.14
2016-11,26,42,4.0,9.52
2016-11,27,42,4.0,9.52
2016-11,28,42,4.0,9.52
2016-11,29,42,4.0,9.52
2016-11,30,42,4.0,9.52
2016-11,31,42,4.0,9.52
2016-11,32,42,4.0,9.52
2016-11,33,42,4.0,9.52
2016-11,34,42,6.0,14.29
2016-11,35,42,6.0,14.29
2016-11,36,42,8.0,19.05
2016-11,37,42,8.0,19.05
2016-11,38,42,8.0,19.05
2016-11,39,42,8.0,19.05
2016-11,40,42,8.0,19.05
2016-11,41,42,8.0,19.05
2016-11,42,42,8.0,19.05
2016-11,43,42,8.0,19.05
2016-11,44,42,8.0,19.05
2016-11,45,42,8.0,19.05
2016-11,46,42,8.0,19.05
2016-11,47,42,8.0,19.05
2016-11,48,42,8.0,19.05
2016-11,49,42,8.0,19.05
2016-11,50,42,8.0,19.05
2016-11,51,42,8.0,19.05
2016-11,52,42,8.0,19.05
2016-11,53,42,8.0,19.05
2016-11,54,42,8.0,19.05
2016-11,55,42,8.0,19.05
2016-11,56,42,8.0,19.05
2016-11,57,42,8.0,19.05
2016-11,58,42,8.0,19.05
2016-11,59,42,8.0,19.05
2016-11,60,42,8.0,19.05
2016-12,1,62,0.0,0.0
2016-12,2,62,0.0,0.0
2016-12,3,62,0.0,0.0
2016-12,4,62,0.0,0.0
2016-12,5,62,0.0,0.0
2016-12,6,62,1.0,1.61
2016-12,7,62,1.0,1.61
2016-12,8,62,1.0,1.61
2016-12,9,62,1.0,1.61
2016-12,10,62,1.0,1.61
2016-12,11,62,2.0,3.23
2016-12,12,62,3.0,4.84
2016-12,13,62,3.0,4.84
2016-12,14,62,4.0,6.45
2016-12,15,62,4.0,6.45
2016-12,16,62,4.0,6.45
2016-12,17,62,4.0,6.45
2016-12,18,62,4.0,6.45
2016-12,19,62,4.0,6.45
2016-12,20,62,4.0,6.45
2016-12,21,62,5.0,8.06
2016-12,22,62,5.0,8.06
2016-12,23,62,6.0,9.68
2016-12,24,62,7.0,11.29
2016-12,25,62,7.0,11.29
2016-12,26,62,7.0,11.29
2016-12,27,62,8.0,12.9
2016-12,28,62,8.0,12.9
2016-12,29,62,9.0,14.52
2016-12,30,62,9.0,14.52
2016-12,31,62,9.0,14.52
2016-12,32,62,9.0,14.52
2016-12,33,62,11.0,17.74
2016-12,34,62,11.0,17.74
2016-12,35,62,11.0,17.74
2016-12,36,62,11.0,17.74
2016-12,37,62,11.0,17.74
2016-12,38,62,13.0,20.97
2016-12,39,62,13.0,20.97
2016-12,40,62,13.0,20.97
2016-12,41,62,13.0,20.97
2016-12,42,62,13.0,20.97
2016-12,43,62,13.0,20.97
2016-12,44,62,13.0,20.97
2016-12,45,62,13.0,20.97
2016-12,46,62,13.0,20.97
2016-12,47,62,13.0,20.97
2016-12,48,62,13.0,20.97
2016-12,49,62,14.0,22.58
2016-12,50,62,14.0,22.58
2016-12,51,62,14.0,22.58
2016-12,52,62,14.0,22.58
2016-12,53,62,14.0,22.58
2016-12,54,62,14.0,22.58
2016-12,55,62,14.0,22.58
2016-12,56,62,14.0,22.58
2016-12,57,62,14.0,22.58
2016-12,58,62,15.0,24.19
2016-12,59,62,15.0,24.19
2016-12,60,62,15.0,24.19
2017-01,1,32,0.0,0.0
2017-01,2,32,0.0,0.0
2017-01,3,32,0.0,0.0
2017-01,4,32,0.0,0.0
2017-01,5,32,0.0,0.0
2017-01,6,32,1.0,3.13
2017-01,7,32,1.0,3.13
2017-01,8,32,1.0,3.13
2017-01,9,32,2.0,6.25
2017-01,10,32,2.0,6.25
2017-01,11,32,2.0,6.25
2017-01,12,32,2.0,6.25
2017-01,13,32,2.0,6.25
2017-01,14,32,2.0,6.25
2017-01,15,32,2.0,6.25
2017-01,16,32,2.0,6.25
2017-01,17,32,2.0,6.25
2017-01,18,32,3.0,9.38
2017-01,19,32,3.0,9.38
2017-01,20,32,4.0,12.5
2017-01,21,32,4.0,12.5
2017-01,22,32,4.0,12.5
2017-01,23,32,4.0,12.5
2017-01,24,32,4.0,12.5
2017-01,25,32,5.0,15.63
2017-01,26,32,6.0,18.75
2017-01,27,32,6.0,18.75
2017-01,28,32,6.0,18.75
2017-01,29,32,6.0,18.75
2017-01,30,32,6.0,18.75
2017-01,31,32,6.0,18.75
2017-01,32,32,6.0,18.75
2017-01,33,32,6.0,18.75
2017-01,34,32,6.0,18.75
2017-01,35,32,6.0,18.75
2017-01,36,32,6.0,18.75
2017-01,37,32,6.0,18.75
2017-01,38,32,6.0,18.75
2017-01,39,32,6.0,18.75
2017-01,40,32,6.0,18.75
2017-01,41,32,6.0,18.75
2017-01,42,32,6.0,18.75
2017-01,43,32,6.0,18.75
2017-01,44,32,6.0,18.75
2017-01,45,32,6.0,18.75
2017-01,46,32,6.0,18.75
2017-01,47,32,6.0,18.75
2017-01,48,32,6.0,18.75
2017-01,49,32,6.0,18.75
2017-01,50,32,6.0,18.75
2017-01,51,32,6.0,18.75
2017-01,52,32,6.0,18.75
2017-01,53,32,6.0,18.75
2017-01,54,32,6.0,18.75
2017-01,55,32,7.0,21.88
2017-01,56,32,7.0,21.88
2017-01,57,32,7.0,21.88
2017-01,58,32,7.0,21.88
2017-01,59,32,7.0,21.88
2017-01,60,32,7.0,21.88
2017-02,1,49,0.0,0.0
2017-02,2,49,0.0,0.0
2017-02,3,49,0.0,0.0
2017-02,4,49,0.0,0.0
2017-02,5,49,0.0,0.0
2017-02,6,49,0.0,0.0
2017-02,7,49,0.0,0.0
2017-02,8,49,1.0,2.04
2017-02,9,49,1.0,2.04
2017-02,10,49,1.0,2.04
2017-02,11,49,1.0,2.04
2017-02,12,49,1.0,2.04
2017-02,13,49,2.0,4.08
2017-02,14,49,2.0,4.08
2017-02,15,49,2.0,4.08
2017-02,16,49,3.0,6.12
2017-02,17,49,4.0,8.16
2017-02,18,49,4.0,8.16
2017-02,19,49,5.0,10.2
2017-02,20,49,5.0,10.2
2017-02,21,49,5.0,10.2
2017-02,22,49,5.0,10.2
2017-02,23,49,5.0,10.2
2017-02,24,49,6.0,12.24
2017-02,25,49,6.0,12.24
2017-02,26,49,7.0,14.29
2017-02,27,49,7.0,14.29
2017-02,28,49,7.0,14.29
2017-02,29,49,7.0,14.29
2017-02,30,49,8.0,16.33
2017-02,31,49,8.0,16.33
2017-02,32,49,8.0,16.33
2017-02,33,49,8.0,16.33
2017-02,34,49,8.0,16.33
2017-02,35,49,8.0,16.33
2017-02,36,49,8.0,16.33
2017-02,37,49,8.0,16.33
2017-02,38,49,9.0,18.37
2017-02,39,49,9.0,18.37
2017-02,40,49,9.0,18.37
2017-02,41,49,9.0,18.37
2017-02,42,49,10.0,20.41
2017-02,43,49,10.0,20.41
2017-02,44,49,10.0,20.41
2017-02,45,49,10.0,20.41
2017-02,46,49,11.0,22.45
2017-02,47,49,11.0,22.45
2017-02,48,49,11.0,22.45
2017-02,49,49,11.0,22.45
2017-02,50,49,11.0,22.45
2017-02,51,49,11.0,22.45
2017-02,52,49,11.0,22.45
2017-02,53,49,11.0,22.45
2017-02,54,49,11.0,22.45
2017-02,55,49,11.0,22.45
2017-02,56,49,11.0,22.45
2017-02,57,49,11.0,22.45
2017-02,58,49,11.0,22.45
2017-02,59,49,11.0,22.45
2017-02,60,49,11.0,22.45
2017-03,1,49,0.0,0.0
2017-03,2,49,0.0,0.0
2017-03,3,49,0.0,0.0
2017-03,4,49,0.0,0.0
2017-03,5,49,0.0,0.0
2017-03,6,49,3.0,6.12
2017-03,7,49,5.0,10.2
2017-03,8,49,6.0,12.24
2017-03,9,49,6.0,12.24
2017-03,10,49,6.0,12.24
2017-03,11,49,7.0,14.29
2017-03,12,49,7.0,14.29
2017-03,13,49,8.0,16.33
2017-03,14,49,8.0,16.33
2017-03,15,49,8.0,16.33
2017-03,16,49,9.0,18.37
2017-03,17,49,9.0,18.37
2017-03,18,49,9.0,18.37
2017-03,19,49,9.0,18.37
2017-03,20,49,10.0,20.41
2017-03,21,49,10.0,20.41
2017-03,22,49,10.0,20.41
2017-03,23,49,10.0,20.41
2017-03,24,49,10.0,20.41
2017-03,25,49,10.0,20.41
2017-03,26,49,10.0,20.41
2017-03,27,49,10.0,20.41
2017-03,28,49,12.0,24.49
2017-03,29,49,12.0,24.49
2017-03,30,49,12.0,24.49
2017-03,31,49,12.0,24.49
2017-03,32,49,12.0,24.49
2017-03,33,49,12.0,24.49
2017-03,34,49,12.0,24.49
2017-03,35,49,13.0,26.53
2017-03,36,49,13.0,26.53
2017-03,37,49,13.0,26.53
2017-03,38,49,13.0,26.53
2017-03,39,49,13.0,26.53
2017-03,40,49,13.0,26.53
2017-03,41,49,13.0,26.53
2017-03,42,49,13.0,26.53
2017-03,43,49,14.0,28.57
2017-03,44,49,14.0,28.57
2017-03,45,49,14.0,28.57
2017-03,46,49,15.0,30.61
2017-03,47,49,15.0,30.61
2017-03,48,49,15.0,30.61
2017-03,49,49,16.0,32.65
2017-03,50,49,16.0,32.65
2017-03,51,49,16.0,32.65
2017-03,52,49,16.0,32.65
2017-03,53,49,16.0,32.65
2017-03,54,49,16.0,32.65
2017-03,55,49,16.0,32.65
2017-03,56,49,16.0,32.65
2017-03,57,49,16.0,32.65
2017-03,58,49,16.0,32.65
2017-03,59,49,16.0,32.65
2017-03,60,49,16.0,32.65
2017-04,1,44,0.0,0.0
2017-04,2,44,0.0,0.0
2017-04,3,44,0.0,0.0
2017-04,4,44,0.0,0.0
2017-04,5,44,0.0,0.0
2017-04,6,44,0.0,0.0
2017-04,7,44,0.0,0.0
2017-04,8,44,0.0,0.0
2017-04,9,44,0.0,0.0
2017-04,10,44,0.0,0.0
2017-04,11,44,0.0,0.0
2017-04,12,44,0.0,0.0
2017-04,13,44,0.0,0.0
2017-04,14,44,0.0,0.0
2017-04,15,44,0.0,0.0
2017-04,16,44,0.0,0.0
2017-04,17,44,0.0,0.0
2017-04,18,44,2.0,4.55
2017-04,19,44,3.0,6.82
2017-04,20,44,3.0,6.82
2017-04,21,44,3.0,6.82
2017-04,22,44,3.0,6.82
2017-04,23,44,3.0,6.82
2017-04,24,44,3.0,6.82
2017-04,25,44,3.0,6.82
2017-04,26,44,3.0,6.82
2017-04,27,44,3.0,6.82
2017-04,28,44,3.0,6.82
2017-04,29,44,3.0,6.82
2017-04,30,44,3.0,6.82
2017-04,31,44,3.0,6.82
2017-04,32,44,3.0,6.82
2017-04,33,44,4.0,9.09
2017-04,34,44,4.0,9.09
2017-04,35,44,4.0,9.09
2017-04,36,44,4.0,9.09
2017-04,37,44,5.0,11.36
2017-04,38,44,5.0,11.36
2017-04,39,44,5.0,11.36
2017-04,40,44,5.0,11.36
2017-04,41,44,5.0,11.36
2017-04,42,44,5.0,11.36
2017-04,43,44,5.0,11.36
2017-04,44,44,5.0,11.36
2017-04,45,44,5.0,11.36
2017-04,46,44,5.0,11.36
2017-04,47,44,5.0,11.36
2017-04,48,44,5.0,11.36
2017-04,49,44,5.0,11.36
2017-04,50,44,5.0,11.36
2017-04,51,44,5.0,11.36
2017-04,52,44,5.0,11.36
2017-04,53,44,5.0,11.36
2017-04,54,44,5.0,11.36
2017-04,55,44,6.0,13.64
2017-04,56,44,6.0,13.64
2017-04,57,44,6.0,13.64
2017-04,58,44,6.0,13.64
2017-04,59,44,6.0,13.64
2017-04,60,44,6.0,13.64
2017-05,1,51,0.0,0.0
2017-05,2,51,0.0,0.0
2017-05,3,51,0.0,0.0
2017-05,4,51,0.0,0.0
2017-05,5,51,0.0,0.0
2017-05,6,51,0.0,0.0
2017-05,7,51,0.0,0.0
2017-05,8,51,1.0,1.96
2017-05,9,51,4.0,7.84
2017-05,10,51,4.0,7.84
2017-05,11,51,4.0,7.84
2017-05,12,51,4.0,7.84
2017-05,13,51,4.0,7.84
2017-05,14,51,5.0,9.8
2017-05,15,51,5.0,9.8
2017-05,16,51,5.0,9.8
2017-05,17,51,5.0,9.8
2017-05,18,51,5.0,9.8
2017-05,19,51,5.0,9.8
2017-05,20,51,5.0,9.8
2017-05,21,51,5.0,9.8
2017-05,22,51,5.0,9.8
2017-05,23,51,6.0,11.76
2017-05,24,51,7.0,13.73
2017-05,25,51,7.0,13.73
2017-05,26,51,8.0,15.69
2017-05,27,51,8.0,15.69
2017-05,28,51,8.0,15.69
2017-05,29,51,8.0,15.69
2017-05,30,51,9.0,17.65
2017-05,31,51,9.0,17.65
2017-05,32,51,9.0,17.65
2017-05,33,51,9.0,17.65
2017-05,34,51,9.0,17.65
2017-05,35,51,9.0,17.65
2017-05,36,51,9.0,17.65
2017-05,37,51,10.0,19.61
2017-05,38,51,10.0,19.61
2017-05,39,51,10.0,19.61
2017-05,40,51,10.0,19.61
2017-05,41,51,10.0,19.61
2017-05,42,51,10.0,19.61
2017-05,43,51,10.0,19.61
2017-05,44,51,10.0,19.61
2017-05,45,51,10.0,19.61
2017-05,46,51,10.0,19.61
2017-05,47,51,10.0,19.61
2017-05,48,51,10.0,19.61
2017-05,49,51,10.0,19.61
2017-05,50,51,10.0,19.61
2017-05,51,51,10.0,19.61
2017-05,52,51,10.0,19.61
2017-05,53,51,10.0,19.61
2017-05,54,51,10.0,19.61
2017-05,55,51,10.0,19.61
2017-05,56,51,10.0,19.61
2017-05,57,51,10.0,19.61
2017-05,58,51,10.0,19.61
2017-05,59,51,10.0,19.61
2017-05,60,51,10.0,19.61
2017-06,1,55,0.0,0.0
2017-06,2,55,0.0,0.0
2017-06,3,55,0.0,0.0
2017-06,4,55,0.0,0.0
2017-06,5,55,0.0,0.0
2017-06,6,55,1.0,1.82
2017-06,7,55,1.0,1.82
2017-06,8,55,1.0,1.82
2017-06,9,55,1.0,1.82
2017-06,10,55,2.0,3.64
2017-06,11,55,3.0,5.45
2017-06,12,55,5.0,9.09
2017-06,13,55,5.0,9.09
2017-06,14,55,5.0,9.09
2017-06,15,55,6.0,10.91
2017-06,16,55,6.0,10.91
2017-06,17,55,7.0,12.73
2017-06,18,55,7.0,12.73
2017-06,19,55,8.0,14.55
2017-06,20,55,8.0,14.55
2017-06,21,55,8.0,14.55
2017-06,22,55,8.0,14.55
2017-06,23,55,9.0,16.36
2017-06,24,55,9.0,16.36
2017-06,25,55,9.0,16.36
2017-06,26,55,9.0,16.36
2017-06,27,55,9.0,16.36
2017-06,28,55,10.0,18.18
2017-06,29,55,10.0,18.18
2017-06,30,55,10.0,18.18
2017-06,31,55,10.0,18.18
2017-06,32,55,10.0,18.18
2017-06,33,55,11.0,20.0
2017-06,34,55,11.0,20.0
2017-06,35,55,11.0,20.0
2017-06,36,55,11.0,20.0
2017-06,37,55,11.0,20.0
2017-06,38,55,11.0,20.0
2017-06,39,55,11.0,20.0
2017-06,40,55,11.0,20.0
2017-06,41,55,11.0,20.0
2017-06,42,55,11.0,20.0
2017-06,43,55,12.0,21.82
2017-06,44,55,12.0,21.82
2017-06,45,55,12.0,21.82
2017-06,46,55,12.0,21.82
2017-06,47,55,12.0,21.82
2017-06,48,55,12.0,21.82
2017-06,49,55,12.0,21.82
2017-06,50,55,13.0,23.64
2017-06,51,55,13.0,23.64
2017-06,52,55,13.0,23.64
2017-06,53,55,13.0,23.64
2017-06,54,55,13.0,23.64
2017-06,55,55,13.0,23.64
2017-06,56,55,13.0,23.64
2017-06,57,55,13.0,23.64
2017-06,58,55,13.0,23.64
2017-06,59,55,13.0,23.64
2017-06,60,55,13.0,23.64
2017-07,1,66,0.0,0.0
2017-07,2,66,0.0,0.0
2017-07,3,66,0.0,0.0
2017-07,4,66,0.0,0.0
2017-07,5,66,0.0,0.0
2017-07,6,66,0.0,0.0
2017-07,7,66,1.0,1.52
2017-07,8,66,1.0,1.52
2017-07,9,66,1.0,1.52
2017-07,10,66,1.0,1.52
2017-07,11,66,1.0,1.52
2017-07,12,66,3.0,4.55
2017-07,13,66,3.0,4.55
2017-07,14,66,4.0,6.06
2017-07,15,66,6.0,9.09
2017-07,16,66,6.0,9.09
2017-07,17,66,6.0,9.09
2017-07,18,66,6.0,9.09
2017-07,19,66,8.0,12.12
2017-07,20,66,8.0,12.12
2017-07,21,66,8.0,12.12
2017-07,22,66,10.0,15.15
2017-07,23,66,10.0,15.15
2017-07,24,66,10.0,15.15
2017-07,25,66,10.0,15.15
2017-07,26,66,10.0,15.15
2017-07,27,66,10.0,15.15
2017-07,28,66,10.0,15.15
2017-07,29,66,10.0,15.15
2017-07,30,66,10.0,15.15
2017-07,31,66,10.0,15.15
2017-07,32,66,10.0,15.15
2017-07,33,66,10.0,15.15
2017-07,34,66,11.0,16.67
2017-07,35,66,12.0,18.18
2017-07,36,66,13.0,19.7
2017-07,37,66,14.0,21.21
2017-07,38,66,14.0,21.21
2017-07,39,66,14.0,21.21
2017-07,40,66,14.0,21.21
2017-07,41,66,14.0,21.21
2017-07,42,66,14.0,21.21
2017-07,43,66,14.0,21.21
2017-07,44,66,14.0,21.21
2017-07,45,66,14.0,21.21
2017-07,46,66,14.0,21.21
2017-07,47,66,14.0,21.21
2017-07,48,66,14.0,21.21
2017-07,49,66,14.0,21.21
2017-07,50,66,14.0,21.21
2017-07,51,66,14.0,21.21
2017-07,52,66,14.0,21.21
2017-07,53,66,14.0,21.21
2017-07,54,66,14.0,21.21
2017-07,55,66,14.0,21.21
2017-07,56,66,15.0,22.73
2017-07,57,66,15.0,22.73
2017-07,58,66,15.0,22.73
2017-07,59,66,15.0,22.73
2017-07,60,66,15.0,22.73
2017-08,1,59,0.0,0.0
2017-08,2,59,0.0,0.0
2017-08,3,59,0.0,0.0
2017-08,4,59,0.0,0.0
2017-08,5,59,0.0,0.0
2017-08,6,59,0.0,0.0
2017-08,7,59,0.0,0.0
2017-08,8,59,0.0,0.0
2017-08,9,59,0.0,0.0
2017-08,10,59,0.0,0.0
2017-08,11,59,0.0,0.0
2017-08,12,59,1.0,1.69
2017-08,13,59,1.0,1.69
2017-08,14,59,2.0,3.39
2017-08,15,59,4.0,6.78
2017-08,16,59,4.0,6.78
2017-08,17,59,4.0,6.78
2017-08,18,59,5.0,8.47
2017-08,19,59,5.0,8.47
2017-08,20,59,5.0,8.47
2017-08,21,59,6.0,10.17
2017-08,22,59,6.0,10.17
2017-08,23,59,6.0,10.17
2017-08,24,59,6.0,10.17
2017-08,25,59,7.0,11.86
2017-08,26,59,7.0,11.86
2017-08,27,59,7.0,11.86
2017-08,28,59,7.0,11.86
2017-08,29,59,7.0,11.86
2017-08,30,59,7.0,11.86
2017-08,31,59,8.0,13.56
2017-08,32,59,8.0,13.56
2017-08,33,59,8.0,13.56
2017-08,34,59,8.0,13.56
2017-08,35,59,9.0,15.25
2017-08,36,59,10.0,16.95
2017-08,37,59,10.0,16.95
2017-08,38,59,10.0,16.95
2017-08,39,59,10.0,16.95
2017-08,40,59,10.0,16.95
2017-08,41,59,11.0,18.64
2017-08,42,59,11.0,18.64
2017-08,43,59,11.0,18.64
2017-08,44,59,11.0,18.64
2017-08,45,59,11.0,18.64
2017-08,46,59,11.0,18.64
2017-08,47,59,11.0,18.64
2017-08,48,59,11.0,18.64
2017-08,49,59,11.0,18.64
2017-08,50,59,11.0,18.64
2017-08,51,59,11.0,18.64
2017-08,52,59,11.0,18.64
2017-08,53,59,11.0,18.64
2017-08,54,59,11.0,18.64
2017-08,55,59,11.0,18.64
2017-08,56,59,11.0,18.64
2017-08,57,59,11.0,18.64
2017-08,58,59,11.0,18.64
2017-08,59,59,11.0,18.64
2017-08,60,59,11.0,18.64
2017-09,1,86,0.0,0.0
2017-09,2,86,0.0,0.0
2017-09,3,86,0.0,0.0
2017-09,4,86,0.0,0.0
2017-09,5,86,0.0,0.0
2017-09,6,86,0.0,0.0
2017-09,7,86,0.0,0.0
2017-09,8,86,1.0,1.16
2017-09,9,86,2.0,2.33
2017-09,10,86,3.0,3.49
2017-09,11,86,3.0,3.49
2017-09,12,86,3.0,3.49
2017-09,13,86,5.0,5.81
2017-09,14,86,7.0,8.14
2017-09,15,86,7.0,8.14
2017-09,16,86,8.0,9.3
2017-09,17,86,8.0,9.3
2017-09,18,86,8.0,9.3
2017-09,19,86,8.0,9.3
2017-09,20,86,8.0,9.3
2017-09,21,86,8.0,9.3
2017-09,22,86,8.0,9.3
2017-09,23,86,9.0,10.47
2017-09,24,86,9.0,10.47
2017-09,25,86,9.0,10.47
2017-09,26,86,9.0,10.47
2017-09,27,86,9.0,10.47
2017-09,28,86,10.0,11.63
2017-09,29,86,10.0,11.63
2017-09,30,86,10.0,11.63
2017-09,31,86,10.0,11.63
2017-09,32,86,10.0,11.63
2017-09,33,86,10.0,11.63
2017-09,34,86,10.0,11.63
2017-09,35,86,11.0,12.79
2017-09,36,86,11.0,12.79
2017-09,37,86,11.0,12.79
2017-09,38,86,11.0,12.79
2017-09,39,86,11.0,12.79
2017-09,40,86,12.0,13.95
2017-09,41,86,12.0,13.95
2017-09,42,86,12.0,13.95
2017-09,43,86,12.0,13.95
2017-09,44,86,12.0,13.95
2017-09,45,86,12.0,13.95
2017-09,46,86,12.0,13.95
2017-09,47,86,13.0,15.12
2017-09,48,86,14.0,16.28
2017-09,49,86,14.0,16.28
2017-09,50,86,14.0,16.28
2017-09,51,86,14.0,16.28
2017-09,52,86,14.0,16.28
2017-09,53,86,14.0,16.28
2017-09,54,86,14.0,16.28
2017-09,55,86,14.0,16.28
2017-09,56,86,14.0,16.28
2017-09,57,86,14.0,16.28
2017-09,58,86,15.0,17.44
2017-09,59,86,15.0,17.44
2017-09,60,86,15.0,17.44
2017-10,1,55,0.0,0.0
2017-10,2,55,0.0,0.0
2017-10,3,55,0.0,0.0
2017-10,4,55,0.0,0.0
2017-10,5,55,0.0,0.0
2017-10,6,55,1.0,1.82
2017-10,7,55,1.0,1.82
2017-10,8,55,1.0,1.82
2017-10,9,55,1.0,1.82
2017-10,10,55,1.0,1.82
2017-10,11,55,2.0,3.64
2017-10,12,55,2.0,3.64
2017-10,13,55,4.0,7.27
2017-10,14,55,4.0,7.27
2017-10,15,55,4.0,7.27
2017-10,16,55,4.0,7.27
2017-10,17,55,4.0,7.27
2017-10,18,55,5.0,9.09
2017-10,19,55,5.0,9.09
2017-10,20,55,5.0,9.09
2017-10,21,55,5.0,9.09
2017-10,22,55,6.0,10.91
2017-10,23,55,6.0,10.91
2017-10,24,55,6.0,10.91
2017-10,25,55,6.0,10.91
2017-10,26,55,6.0,10.91
2017-10,27,55,6.0,10.91
2017-10,28,55,6.0,10.91
2017-10,29,55,8.0,14.55
2017-10,30,55,8.0,14.55
2017-10,31,55,8.0,14.55
2017-10,32,55,10.0,18.18
2017-10,33,55,10.0,18.18
2017-10,34,55,10.0,18.18
2017-10,35,55,10.0,18.18
2017-10,36,55,10.0,18.18
2017-10,37,55,10.0,18.18
2017-10,38,55,10.0,18.18
2017-10,39,55,10.0,18.18
2017-10,40,55,11.0,20.0
2017-10,41,55,11.0,20.0
2017-10,42,55,11.0,20.0
2017-10,43,55,11.0,20.0
2017-10,44,55,11.0,20.0
2017-10,45,55,11.0,20.0
2017-10,46,55,11.0,20.0
2017-10,47,55,11.0,20.0
2017-10,48,55,11.0,20.0
2017-10,49,55,11.0,20.0
2017-10,50,55,11.0,20.0
2017-10,51,55,11.0,20.0
2017-10,52,55,11.0,20.0
2017-10,53,55,11.0,20.0
2017-10,54,55,11.0,20.0
2017-10,55,55,11.0,20.0
2017-10,56,55,11.0,20.0
2017-10,57,55,11.0,20.0
2017-10,58,55,11.0,20.0
2017-10,59,55,12.0,21.82
2017-10,60,55,12.0,21.82
2017-11,1,40,0.0,0.0
2017-11,2,40,0.0,0.0
2017-11,3,40,0.0,0.0
2017-11,4,40,1.0,2.5
2017-11,5,40,1.0,2.5
2017-11,6,40,1.0,2.5
2017-11,7,40,1.0,2.5
2017-11,8,40,1.0,2.5
2017-11,9,40,2.0,5.0
2017-11,10,40,3.0,7.5
2017-11,11,40,3.0,7.5
2017-11,12,40,3.0,7.5
2017-11,13,40,3.0,7.5
2017-11,14,40,3.0,7.5
2017-11,15,40,3.0,7.5
2017-11,16,40,4.0,10.0
2017-11,17,40,4.0,10.0
2017-11,18,40,4.0,10.0
2017-11,19,40,4.0,10.0
2017-11,20,40,4.0,10.0
2017-11,21,40,4.0,10.0
2017-11,22,40,4.0,10.0
2017-11,23,40,4.0,10.0
2017-11,24,40,4.0,10.0
2017-11,25,40,5.0,12.5
2017-11,26,40,5.0,12.5
2017-11,27,40,5.0,12.5
2017-11,28,40,5.0,12.5
2017-11,29,40,5.0,12.5
2017-11,30,40,5.0,12.5
2017-11,31,40,5.0,12.5
2017-11,32,40,5.0,12.5
2017-11,33,40,5.0,12.5
2017-11,34,40,5.0,12.5
2017-11,35,40,6.0,15.0
2017-11,36,40,6.0,15.0
2017-11,37,40,6.0,15.0
2017-11,38,40,6.0,15.0
2017-11,39,40,6.0,15.0
2017-11,40,40,6.0,15.0
2017-11,41,40,6.0,15.0
2017-11,42,40,6.0,15.0
2017-11,43,40,6.0,15.0
2017-11,44,40,6.0,15.0
2017-11,45,40,6.0,15.0
2017-11,46,40,6.0,15.0
2017-11,47,40,6.0,15.0
2017-11,48,40,6.0,15.0
2017-11,49,40,6.0,15.0
2017-11,50,40,6.0,15.0
2017-11,51,40,7.0,17.5
2017-11,52,40,7.0,17.5
2017-11,53,40,7.0,17.5
2017-11,54,40,7.0,17.5
2017-11,55,40,7.0,17.5
2017-11,56,40,7.0,17.5
2017-11,57,40,7.0,17.5
2017-11,58,40,7.0,17.5
2017-11,59,40,7.0,17.5
2017-11,60,40,7.0,17.5
2017-12,1,49,0.0,0.0
2017-12,2,49,0.0,0.0
2017-12,3,49,0.0,0.0
2017-12,4,49,0.0,0.0
2017-12,5,49,0.0,0.0
2017-12,6,49,0.0,0.0
2017-12,7,49,0.0,0.0
2017-12,8,49,0.0,0.0
2017-12,9,49,0.0,0.0
2017-12,10,49,0.0,0.0
2017-12,11,49,0.0,0.0
2017-12,12,49,1.0,2.04
2017-12,13,49,1.0,2.04
2017-12,14,49,2.0,4.08
2017-12,15,49,3.0,6.12
2017-12,16,49,3.0,6.12
2017-12,17,49,3.0,6.12
2017-12,18,49,3.0,6.12
2017-12,19,49,3.0,6.12
2017-12,20,49,3.0,6.12
2017-12,21,49,3.0,6.12
2017-12,22,49,3.0,6.12
2017-12,23,49,3.0,6.12
2017-12,24,49,3.0,6.12
2017-12,25,49,3.0,6.12
2017-12,26,49,4.0,8.16
2017-12,27,49,5.0,10.2
2017-12,28,49,5.0,10.2
2017-12,29,49,5.0,10.2
2017-12,30,49,6.0,12.24
2017-12,31,49,6.0,12.24
2017-12,32,49,6.0,12.24
2017-12,33,49,6.0,12.24
2017-12,34,49,6.0,12.24
2017-12,35,49,6.0,12.24
2017-12,36,49,6.0,12.24
2017-12,37,49,6.0,12.24
2017-12,38,49,6.0,12.24
2017-12,39,49,7.0,14.29
2017-12,40,49,7.0,14.29
2017-12,41,49,7.0,14.29
2017-12,42,49,7.0,14.29
2017-12,43,49,7.0,14.29
2017-12,44,49,7.0,14.29
2017-12,45,49,7.0,14.29
2017-12,46,49,7.0,14.29
2017-12,47,49,7.0,14.29
2017-12,48,49,7.0,14.29
2017-12,49,49,7.0,14.29
2017-12,50,49,7.0,14.29
2017-12,51,49,7.0,14.29
2017-12,52,49,7.0,14.29
2017-12,53,49,7.0,14.29
2017-12,54,49,7.0,14.29
2017-12,55,49,7.0,14.29
2017-12,56,49,7.0,14.29
2017-12,57,49,7.0,14.29
2017-12,58,49,7.0,14.29
2017-12,59,49,7.0,14.29
2017-12,60,49,7.0,14.29
2018-01,1,36,0.0,0.0
2018-01,2,36,0.0,0.0
2018-01,3,36,0.0,0.0
2018-01,4,36,0.0,0.0
2018-01,5,36,0.0,0.0
2018-01,6,36,0.0,0.0
2018-01,7,36,0.0,0.0
2018-01,8,36,0.0,0.0
2018-01,9,36,0.0,0.0
2018-01,10,36,1.0,2.78
2018-01,11,36,1.0,2.78
2018-01,12,36,1.0,2.78
2018-01,13,36,1.0,2.78
2018-01,14,36,1.0,2.78
2018-01,15,36,1.0,2.78
2018-01,16,36,1.0,2.78
2018-01,17,36,1.0,2.78
2018-01,18,36,1.0,2.78
2018-01,19,36,1.0,2.78
2018-01,20,36,1.0,2.78
2018-01,21,36,1.0,2.78
2018-01,22,36,1.0,2.78
2018-01,23,36,1.0,2.78
2018-01,24,36,1.0,2.78
2018-01,25,36,1.0,2.78
2018-01,26,36,1.0,2.78
2018-01,27,36,2.0,5.56
2018-01,28,36,2.0,5.56
2018-01,29,36,2.0,5.56
2018-01,30,36,3.0,8.33
2018-01,31,36,3.0,8.33
2018-01,32,36,3.0,8.33
2018-01,33,36,3.0,8.33
2018-01,34,36,3.0,8.33
2018-01,35,36,3.0,8.33
2018-01,36,36,3.0,8.33
2018-01,37,36,3.0,8.33
2018-01,38,36,3.0,8.33
2018-01,39,36,3.0,8.33
2018-01,40,36,3.0,8.33
2018-01,41,36,3.0,8.33
2018-01,42,36,3.0,8.33
2018-01,43,36,3.0,8.33
2018-01,44,36,3.0,8.33
2018-01,45,36,3.0,8.33
2018-01,46,36,3.0,8.33
2018-01,47,36,3.0,8.33
2018-01,48,36,3.0,8.33
2018-01,49,36,3.0,8.33
2018-01,50,36,3.0,8.33
2018-01,51,36,3.0,8.33
2018-01,52,36,3.0,8.33
2018-01,53,36,3.0,8.33
2018-01,54,36,3.0,8.33
2018-01,55,36,3.0,8.33
2018-01,56,36,3.0,8.33
2018-01,57,36,3.0,8.33
2018-01,58,36,3.0,8.33
2018-01,59,36,3.0,8.33
2018-01,60,36,3.0,8.33
2018-02,1,33,0.0,0.0
2018-02,2,33,0.0,0.0
2018-02,3,33,0.0,0.0
2018-02,4,33,0.0,0.0
2018-02,5,33,0.0,0.0
2018-02,6,33,0.0,0.0
2018-02,7,33,0.0,0.0
2018-02,8,33,1.0,3.03
2018-02,9,33,1.0,3.03
2018-02,10,33,1.0,3.03
2018-02,11,33,1.0,3.03
2018-02,12,33,1.0,3.03
2018-02,13,33,1.0,3.03
2018-02,14,33,1.0,3.03
2018-02,15,33,1.0,3.03
2018-02,16,33,1.0,3.03
2018-02,17,33,1.0,3.03
2018-02,18,33,1.0,3.03
2018-02,19,33,1.0,3.03
2018-02,20,33,1.0,3.03
2018-02,21,33,1.0,3.03
2018-02,22,33,1.0,3.03
2018-02,23,33,1.0,3.03
2018-02,24,33,1.0,3.03
2018-02,25,33,1.0,3.03
2018-02,26,33,1.0,3.03
2018-02,27,33,1.0,3.03
2018-02,28,33,1.0,3.03
2018-02,29,33,1.0,3.03
2018-02,30,33,2.0,6.06
2018-02,31,33,2.0,6.06
2018-02,32,33,2.0,6.06
2018-02,33,33,2.0,6.06
2018-02,34,33,2.0,6.06
2018-02,35,33,2.0,6.06
2018-02,36,33,3.0,9.09
2018-02,37,33,3.0,9.09
2018-02,38,33,3.0,9.09
2018-02,39,33,3.0,9.09
2018-02,40,33,3.0,9.09
2018-02,41,33,3.0,9.09
2018-02,42,33,3.0,9.09
2018-02,43,33,3.0,9.09
2018-02,44,33,3.0,9.09
2018-02,45,33,3.0,9.09
2018-02,46,33,3.0,9.09
2018-02,47,33,3.0,9.09
2018-02,48,33,3.0,9.09
2018-02,49,33,3.0,9.09
2018-02,50,33,3.0,9.09
2018-02,51,33,3.0,9.09
2018-02,52,33,3.0,9.09
2018-02,53,33,3.0,9.09
2018-02,54,33,3.0,9.09
2018-02,55,33,3.0,9.09
2018-02,56,33,3.0,9.09
2018-02,57,33,3.0,9.09
2018-02,58,33,3.0,9.09
2018-02,59,33,3.0,9.09
2018-02,60,33,3.0,9.09
2018-03,1,46,0.0,0.0
2018-03,2,46,0.0,0.0
2018-03,3,46,0.0,0.0
2018-03,4,46,0.0,0.0
2018-03,5,46,0.0,0.0
2018-03,6,46,0.0,0.0
2018-03,7,46,0.0,0.0
2018-03,8,46,0.0,0.0
2018-03,9,46,0.0,0.0
2018-03,10,46,1.0,2.17
2018-03,11,46,2.0,4.35
2018-03,12,46,3.0,6.52
2018-03,13,46,3.0,6.52
2018-03,14,46,4.0,8.7
2018-03,15,46,4.0,8.7
2018-03,16,46,4.0,8.7
2018-03,17,46,4.0,8.7
2018-03,18,46,4.0,8.7
2018-03,19,46,4.0,8.7
2018-03,20,46,4.0,8.7
2018-03,21,46,5.0,10.87
2018-03,22,46,5.0,10.87
2018-03,23,46,5.0,10.87
2018-03,24,46,5.0,10.87
2018-03,25,46,5.0,10.87
2018-03,26,46,5.0,10.87
2018-03,27,46,5.0,10.87
2018-03,28,46,5.0,10.87
2018-03,29,46,5.0,10.87
2018-03,30,46,5.0,10.87
2018-03,31,46,5.0,10.87
2018-03,32,46,5.0,10.87
2018-03,33,46,5.0,10.87
2018-03,34,46,5.0,10.87
2018-03,35,46,5.0,10.87
2018-03,36,46,5.0,10.87
2018-03,37,46,5.0,10.87
2018-03,38,46,5.0,10.87
2018-03,39,46,5.0,10.87
2018-03,40,46,5.0,10.87
2018-03,41,46,5.0,10.87
2018-03,42,46,5.0,10.87
2018-03,43,46,5.0,10.87
2018-03,44,46,6.0,13.04
2018-03,45,46,6.0,13.04
2018-03,46,46,6.0,13.04
2018-03,47,46,6.0,13.04
2018-03,48,46,6.0,13.04
2018-03,49,46,6.0,13.04
2018-03,50,46,6.0,13.04
2018-03,51,46,6.0,13.04
2018-03,52,46,6.0,13.04
2018-03,53,46,6.0,13.04
2018-03,54,46,7.0,15.22
2018-03,55,46,7.0,15.22
2018-03,56,46,7.0,15.22
2018-03,57,46,7.0,15.22
2018-03,58,46,7.0,15.22
2018-03,59,46,7.0,15.22
2018-03,60,46,7.0,15.22
2018-04,1,48,0.0,0.0
2018-04,2,48,0.0,0.0
2018-04,3,48,0.0,0.0
2018-04,4,48,0.0,0.0
2018-04,5,48,1.0,2.08
2018-04,6,48,1.0,2.08
2018-04,7,48,1.0,2.08
2018-04,8,48,1.0,2.08
2018-04,9,48,1.0,2.08
2018-04,10,48,1.0,2.08
2018-04,11,48,1.0,2.08
2018-04,12,48,1.0,2.08
2018-04,13,48,1.0,2.08
2018-04,14,48,2.0,4.17
2018-04,15,48,2.0,4.17
2018-04,16,48,2.0,4.17
2018-04,17,48,2.0,4.17
2018-04,18,48,2.0,4.17
2018-04,19,48,2.0,4.17
2018-04,20,48,2.0,4.17
2018-04,21,48,2.0,4.17
2018-04,22,48,2.0,4.17
2018-04,23,48,2.0,4.17
2018-04,24,48,2.0,4.17
2018-04,25,48,2.0,4.17
2018-04,26,48,2.0,4.17
2018-04,27,48,2.0,4.17
2018-04,28,48,2.0,4.17
2018-04,29,48,2.0,4.17
2018-04,30,48,2.0,4.17
2018-04,31,48,3.0,6.25
2018-04,32,48,4.0,8.33
2018-04,33,48,4.0,8.33
2018-04,34,48,4.0,8.33
2018-04,35,48,4.0,8.33
2018-04,36,48,4.0,8.33
2018-04,37,48,4.0,8.33
2018-04,38,48,4.0,8.33
2018-04,39,48,4.0,8.33
2018-04,40,48,4.0,8.33
2018-04,41,48,4.0,8.33
2018-04,42,48,4.0,8.33
2018-04,43,48,4.0,8.33
2018-04,44,48,4.0,8.33
2018-04,45,48,4.0,8.33
2018-04,46,48,4.0,8.33
2018-04,47,48,4.0,8.33
2018-04,48,48,4.0,8.33
2018-04,49,48,4.0,8.33
2018-04,50,48,4.0,8.33
2018-04,51,48,4.0,8.33
2018-04,52,48,4.0,8.33
2018-04,53,48,4.0,8.33
2018-04,54,48,4.0,8.33
2018-04,55,48,4.0,8.33
2018-04,56,48,5.0,10.42
2018-04,57,48,5.0,10.42
2018-04,58,48,5.0,10.42
2018-04,59,48,5.0,10.42
2018-04,60,48,5.0,10.42
2018-05,1,55,0.0,0.0
2018-05,2,55,0.0,0.0
2018-05,3,55,0.0,0.0
2018-05,4,55,0.0,0.0
2018-05,5,55,0.0,0.0
2018-05,6,55,0.0,0.0
2018-05,7,55,0.0,0.0
2018-05,8,55,0.0,0.0
2018-05,9,55,0.0,0.0
2018-05,10,55,0.0,0.0
2018-05,11,55,0.0,0.0
2018-05,12,55,0.0,0.0
2018-05,13,55,0.0,0.0
2018-05,14,55,1.0,1.82
2018-05,15,55,1.0,1.82
2018-05,16,55,1.0,1.82
2018-05,17,55,1.0,1.82
2018-05,18,55,2.0,3.64
2018-05,19,55,2.0,3.64
2018-05,20,55,3.0,5.45
2018-05,21,55,3.0,5.45
2018-05,22,55,4.0,7.27
2018-05,23,55,4.0,7.27
2018-05,24,55,4.0,7.27
2018-05,25,55,4.0,7.27
2018-05,26,55,4.0,7.27
2018-05,27,55,4.0,7.27
2018-05,28,55,4.0,7.27
2018-05,29,55,4.0,7.27
2018-05,30,55,4.0,7.27
2018-05,31,55,4.0,7.27
2018-05,32,55,4.0,7.27
2018-05,33,55,4.0,7.27
2018-05,34,55,4.0,7.27
2018-05,35,55,4.0,7.27
2018-05,36,55,4.0,7.27
2018-05,37,55,4.0,7.27
2018-05,38,55,4.0,7.27
2018-05,39,55,4.0,7.27
2018-05,40,55,4.0,7.27
2018-05,41,55,4.0,7.27
2018-05,42,55,4.0,7.27
2018-05,43,55,4.0,7.27
2018-05,44,55,5.0,9.09
2018-05,45,55,5.0,9.09
2018-05,46,55,5.0,9.09
2018-05,47,55,5.0,9.09
2018-05,48,55,5.0,9.09
2018-05,49,55,5.0,9.09
2018-05,50,55,5.0,9.09
2018-05,51,55,5.0,9.09
2018-05,52,55,5.0,9.09
2018-05,53,55,5.0,9.09
2018-05,54,55,5.0,9.09
2018-05,55,55,5.0,9.09
2018-05,56,55,5.0,9.09
2018-05,57,55,5.0,9.09
2018-05,58,55,5.0,9.09
2018-05,59,55,5.0,9.09
2018-05,60,55,5.0,9.09
2018-06,1,40,0.0,0.0
2018-06,2,40,0.0,0.0
2018-06,3,40,0.0,0.0
2018-06,4,40,0.0,0.0
2018-06,5,40,0.0,0.0
2018-06,6,40,0.0,0.0
2018-06,7,40,0.0,0.0
2018-06,8,40,0.0,0.0
2018-06,9,40,0.0,0.0
2018-06,10,40,2.0,5.0
2018-06,11,40,2.0,5.0
2018-06,12,40,2.0,5.0
2018-06,13,40,2.0,5.0
2018-06,14,40,3.0,7.5
2018-06,15,40,3.0,7.5
2018-06,16,40,3.0,7.5
2018-06,17,40,3.0,7.5
2018-06,18,40,3.0,7.5
2018-06,19,40,3.0,7.5
2018-06,20,40,3.0,7.5
2018-06,21,40,3.0,7.5
2018-06,22,40,3.0,7.5
2018-06,23,40,3.0,7.5
2018-06,24,40,4.0,10.0
2018-06,25,40,4.0,10.0
2018-06,26,40,4.0,10.0
2018-06,27,40,4.0,10.0
2018-06,28,40,4.0,10.0
2018-06,29,40,4.0,10.0
2018-06,30,40,4.0,10.0
2018-06,31,40,4.0,10.0
2018-06,32,40,4.0,10.0
2018-06,33,40,4.0,10.0
2018-06,34,40,4.0,10.0
2018-06,35,40,4.0,10.0
2018-06,36,40,4.0,10.0
2018-06,37,40,4.0,10.0
2018-06,38,40,4.0,10.0
2018-06,39,40,4.0,10.0
2018-06,40,40,4.0,10.0
2018-06,41,40,4.0,10.0
2018-06,42,40,4.0,10.0
2018-06,43,40,4.0,10.0
2018-06,44,40,4.0,10.0
2018-06,45,40,4.0,10.0
2018-06,46,40,4.0,10.0
2018-06,47,40,4.0,10.0
2018-06,48,40,5.0,12.5
2018-06,49,40,6.0,15.0
2018-06,50,40,6.0,15.0
2018-06,51,40,6.0,15.0
2018-06,52,40,6.0,15.0
2018-06,53,40,6.0,15.0
2018-06,54,40,6.0,15.0
2018-06,55,40,6.0,15.0
2018-06,56,40,6.0,15.0
2018-06,57,40,7.0,17.5
2018-06,58,40,7.0,17.5
2018-06,59,40,7.0,17.5
2018-06,60,40,7.0,17.5
2018-07,1,49,0.0,0.0
2018-07,2,49,0.0,0.0
2018-07,3,49,0.0,0.0
2018-07,4,49,0.0,0.0
2018-07,5,49,0.0,0.0
2018-07,6,49,0.0,0.0
2018-07,7,49,1.0,2.04
2018-07,8,49,1.0,2.04
2018-07,9,49,1.0,2.04
2018-07,10,49,2.0,4.08
2018-07,11,49,4.0,8.16
2018-07,12,49,4.0,8.16
2018-07,13,49,4.0,8.16
2018-07,14,49,5.0,10.2
2018-07,15,49,5.0,10.2
2018-07,16,49,5.0,10.2
2018-07,17,49,5.0,10.2
2018-07,18,49,6.0,12.24
2018-07,19,49,6.0,12.24
2018-07,20,49,6.0,12.24
2018-07,21,49,6.0,12.24
2018-07,22,49,6.0,12.24
2018-07,23,49,7.0,14.29
2018-07,24,49,7.0,14.29
2018-07,25,49,7.0,14.29
2018-07,26,49,7.0,14.29
2018-07,27,49,7.0,14.29
2018-07,28,49,7.0,14.29
2018-07,29,49,7.0,14.29
2018-07,30,49,7.0,14.29
2018-07,31,49,7.0,14.29
2018-07,32,49,7.0,14.29
2018-07,33,49,8.0,16.33
2018-07,34,49,8.0,16.33
2018-07,35,49,8.0,16.33
2018-07,36,49,9.0,18.37
2018-07,37,49,9.0,18.37
2018-07,38,49,10.0,20.41
2018-07,39,49,10.0,20.41
2018-07,40,49,10.0,20.41
2018-07,41,49,10.0,20.41
2018-07,42,49,10.0,20.41
2018-07,43,49,10.0,20.41
2018-07,44,49,10.0,20.41
2018-07,45,49,10.0,20.41
2018-07,46,49,10.0,20.41
2018-07,47,49,10.0,20.41
2018-07,48,49,10.0,20.41
2018-07,49,49,10.0,20.41
2018-07,50,49,10.0,20.41
2018-07,51,49,10.0,20.41
2018-07,52,49,10.0,20.41
2018-07,53,49,10.0,20.41
2018-07,54,49,10.0,20.41
2018-07,55,49,10.0,20.41
2018-07,56,49,10.0,20.41
2018-07,57,49,10.0,20.41
2018-07,58,49,10.0,20.41
2018-07,59,49,10.0,20.41
2018-07,60,49,10.0,20.41
2018-08,1,63,0.0,0.0
2018-08,2,63,0.0,0.0
2018-08,3,63,0.0,0.0
2018-08,4,63,0.0,0.0
2018-08,5,63,0.0,0.0
2018-08,6,63,0.0,0.0
2018-08,7,63,0.0,0.0
2018-08,8,63,1.0,1.59
2018-08,9,63,1.0,1.59
2018-08,10,63,1.0,1.59
2018-08,11,63,2.0,3.17
2018-08,12,63,2.0,3.17
2018-08,13,63,2.0,3.17
2018-08,14,63,3.0,4.76
2018-08,15,63,3.0,4.76
2018-08,16,63,3.0,4.76
2018-08,17,63,3.0,4.76
2018-08,18,63,3.0,4.76
2018-08,19,63,3.0,4.76
2018-08,20,63,3.0,4.76
2018-08,21,63,4.0,6.35
2018-08,22,63,4.0,6.35
2018-08,23,63,4.0,6.35
2018-08,24,63,4.0,6.35
2018-08,25,63,5.0,7.94
2018-08,26,63,5.0,7.94
2018-08,27,63,5.0,7.94
2018-08,28,63,5.0,7.94
2018-08,29,63,5.0,7.94
2018-08,30,63,5.0,7.94
2018-08,31,63,5.0,7.94
2018-08,32,63,5.0,7.94
2018-08,33,63,5.0,7.94
2018-08,34,63,5.0,7.94
2018-08,35,63,5.0,7.94
2018-08,36,63,5.0,7.94
2018-08,37,63,5.0,7.94
2018-08,38,63,5.0,7.94
2018-08,39,63,5.0,7.94
2018-08,40,63,6.0,9.52
2018-08,41,63,6.0,9.52
2018-08,42,63,6.0,9.52
2018-08,43,63,6.0,9.52
2018-08,44,63,6.0,9.52
2018-08,45,63,6.0,9.52
2018-08,46,63,7.0,11.11
2018-08,47,63,7.0,11.11
2018-08,48,63,7.0,11.11
2018-08,49,63,7.0,11.11
2018-08,50,63,7.0,11.11
2018-08,51,63,7.0,11.11
2018-08,52,63,7.0,11.11
2018-08,53,63,7.0,11.11
2018-08,54,63,7.0,11.11
2018-08,55,63,7.0,11.11
2018-08,56,63,7.0,11.11
2018-08,57,63,7.0,11.11
2018-08,58,63,7.0,11.11
2018-08,59,63,7.0,11.11
2018-08,60,63,7.0,11.11
2018-09,1,36,0.0,0.0
2018-09,2,36,0.0,0.0
2018-09,3,36,0.0,0.0
2018-09,4,36,0.0,0.0
2018-09,5,36,0.0,0.0
2018-09,6,36,0.0,0.0
2018-09,7,36,0.0,0.0
2018-09,8,36,0.0,0.0
2018-09,9,36,0.0,0.0
2018-09,10,36,1.0,2.78
2018-09,11,36,1.0,2.78
2018-09,12,36,1.0,2.78
2018-09,13,36,1.0,2.78
2018-09,14,36,1.0,2.78
2018-09,15,36,1.0,2.78
2018-09,16,36,1.0,2.78
2018-09,17,36,2.0,5.56
2018-09,18,36,2.0,5.56
2018-09,19,36,2.0,5.56
2018-09,20,36,2.0,5.56
2018-09,21,36,2.0,5.56
2018-09,22,36,2.0,5.56
2018-09,23,36,2.0,5.56
2018-09,24,36,2.0,5.56
2018-09,25,36,3.0,8.33
2018-09,26,36,3.0,8.33
2018-09,27,36,3.0,8.33
2018-09,28,36,3.0,8.33
2018-09,29,36,3.0,8.33
2018-09,30,36,3.0,8.33
2018-09,31,36,3.0,8.33
2018-09,32,36,3.0,8.33
2018-09,33,36,3.0,8.33
2018-09,34,36,3.0,8.33
2018-09,35,36,3.0,8.33
2018-09,36,36,3.0,8.33
2018-09,37,36,3.0,8.33
2018-09,38,36,3.0,8.33
2018-09,39,36,3.0,8.33
2018-09,40,36,3.0,8.33
2018-09,41,36,3.0,8.33
2018-09,42,36,3.0,8.33
2018-09,43,36,3.0,8.33
2018-09,44,36,3.0,8.33
2018-09,45,36,3.0,8.33
2018-09,46,36,3.0,8.33
2018-09,47,36,3.0,8.33
2018-09,48,36,3.0,8.33
2018-09,49,36,3.0,8.33
2018-09,50,36,3.0,8.33
2018-09,51,36,3.0,8.33
2018-09,52,36,3.0,8.33
2018-09,53,36,3.0,8.33
2018-09,54,36,3.0,8.33
2018-09,55,36,3.0,8.33
2018-09,56,36,3.0,8.33
2018-09,57,36,3.0,8.33
2018-09,58,36,3.0,8.33
2018-09,59,36,3.0,8.33
2018-09,60,36,3.0,8.33
2018-10,1,59,0.0,0.0
2018-10,2,59,0.0,0.0
2018-10,3,59,0.0,0.0
2018-10,4,59,0.0,0.0
2018-10,5,59,0.0,0.0
2018-10,6,59,0.0,0.0
2018-10,7,59,0.0,0.0
2018-10,8,59,1.0,1.69
2018-10,9,59,1.0,1.69
2018-10,10,59,1.0,1.69
2018-10,11,59,1.0,1.69
2018-10,12,59,1.0,1.69
2018-10,13,59,1.0,1.69
2018-10,14,59,1.0,1.69
2018-10,15,59,1.0,1.69
2018-10,16,59,1.0,1.69
2018-10,17,59,2.0,3.39
2018-10,18,59,2.0,3.39
2018-10,19,59,3.0,5.08
2018-10,20,59,3.0,5.08
2018-10,21,59,3.0,5.08
2018-10,22,59,3.0,5.08
2018-10,23,59,3.0,5.08
2018-10,24,59,5.0,8.47
2018-10,25,59,5.0,8.47
2018-10,26,59,5.0,8.47
2018-10,27,59,6.0,10.17
2018-10,28,59,6.0,10.17
2018-10,29,59,6.0,10.17
2018-10,30,59,6.0,10.17
2018-10,31,59,6.0,10.17
2018-10,32,59,6.0,10.17
2018-10,33,59,6.0,10.17
2018-10,34,59,6.0,10.17
2018-10,35,59,6.0,10.17
2018-10,36,59,6.0,10.17
2018-10,37,59,6.0,10.17
2018-10,38,59,6.0,10.17
2018-10,39,59,6.0,10.17
2018-10,40,59,6.0,10.17
2018-10,41,59,6.0,10.17
2018-10,42,59,6.0,10.17
2018-10,43,59,6.0,10.17
2018-10,44,59,6.0,10.17
2018-10,45,59,6.0,10.17
2018-10,46,59,6.0,10.17
2018-10,47,59,6.0,10.17
2018-10,48,59,6.0,10.17
2018-10,49,59,6.0,10.17
2018-10,50,59,6.0,10.17
2018-10,51,59,6.0,10.17
2018-10,52,59,6.0,10.17
2018-10,53,59,7.0,11.86
2018-10,54,59,7.0,11.86
2018-10,55,59,7.0,11.86
2018-10,56,59,8.0,13.56
2018-10,57,59,8.0,13.56
2018-10,58,59,8.0,13.56
2018-10,59,59,8.0,13.56
2018-10,60,59,8.0,13.56
2018-11,1,45,0.0,0.0
2018-11,2,45,0.0,0.0
2018-11,3,45,0.0,0.0
2018-11,4,45,0.0,0.0
2018-11,5,45,0.0,0.0
2018-11,6,45,0.0,0.0
2018-11,7,45,0.0,0.0
2018-11,8,45,1.0,2.22
2018-11,9,45,1.0,2.22
2018-11,10,45,1.0,2.22
2018-11,11,45,2.0,4.44
2018-11,12,45,3.0,6.67
2018-11,13,45,4.0,8.89
2018-11,14,45,4.0,8.89
2018-11,15,45,4.0,8.89
2018-11,16,45,4.0,8.89
2018-11,17,45,4.0,8.89
2018-11,18,45,4.0,8.89
2018-11,19,45,4.0,8.89
2018-11,20,45,4.0,8.89
2018-11,21,45,4.0,8.89
2018-11,22,45,4.0,8.89
2018-11,23,45,4.0,8.89
2018-11,24,45,4.0,8.89
2018-11,25,45,4.0,8.89
2018-11,26,45,4.0,8.89
2018-11,27,45,4.0,8.89
2018-11,28,45,4.0,8.89
2018-11,29,45,6.0,13.33
2018-11,30,45,6.0,13.33
2018-11,31,45,6.0,13.33
2018-11,32,45,6.0,13.33
2018-11,33,45,6.0,13.33
2018-11,34,45,6.0,13.33
2018-11,35,45,6.0,13.33
2018-11,36,45,6.0,13.33
2018-11,37,45,6.0,13.33
2018-11,38,45,6.0,13.33
2018-11,39,45,6.0,13.33
2018-11,40,45,6.0,13.33
2018-11,41,45,7.0,15.56
2018-11,42,45,7.0,15.56
2018-11,43,45,7.0,15.56
2018-11,44,45,7.0,15.56
2018-11,45,45,7.0,15.56
2018-11,46,45,7.0,15.56
2018-11,47,45,7.0,15.56
2018-11,48,45,7.0,15.56
2018-11,49,45,7.0,15.56
2018-11,50,45,7.0,15.56
2018-11,51,45,7.0,15.56
2018-11,52,45,7.0,15.56
2018-11,53,45,7.0,15.56
2018-11,54,45,7.0,15.56
2018-11,55,45,7.0,15.56
2018-11,56,45,7.0,15.56
2018-11,57,45,7.0,15.56
2018-11,58,45,7.0,15.56
2018-11,59,45,7.0,15.56
2018-11,60,45,7.0,15.56
2018-12,1,56,0.0,0.0
2018-12,2,56,0.0,0.0
2018-12,3,56,0.0,0.0
2018-12,4,56,0.0,0.0
2018-12,5,56,0.0,0.0
2018-12,6,56,0.0,0.0
2018-12,7,56,1.0,1.79
2018-12,8,56,2.0,3.57
2018-12,9,56,2.0,3.57
2018-12,10,56,2.0,3.57
2018-12,11,56,3.0,5.36
2018-12,12,56,3.0,5.36
2018-12,13,56,3.0,5.36
2018-12,14,56,3.0,5.36
2018-12,15,56,4.0,7.14
2018-12,16,56,4.0,7.14
2018-12,17,56,4.0,7.14
2018-12,18,56,4.0,7.14
2018-12,19,56,4.0,7.14
2018-12,20,56,4.0,7.14
2018-12,21,56,4.0,7.14
2018-12,22,56,4.0,7.14
2018-12,23,56,4.0,7.14
2018-12,24,56,4.0,7.14
2018-12,25,56,5.0,8.93
2018-12,26,56,5.0,8.93
2018-12,27,56,5.0,8.93
2018-12,28,56,5.0,8.93
2018-12,29,56,5.0,8.93
2018-12,30,56,5.0,8.93
2018-12,31,56,5.0,8.93
2018-12,32,56,5.0,8.93
2018-12,33,56,5.0,8.93
2018-12,34,56,5.0,8.93
2018-12,35,56,5.0,8.93
2018-12,36,56,5.0,8.93
2018-12,37,56,5.0,8.93
2018-12,38,56,5.0,8.93
2018-12,39,56,5.0,8.93
2018-12,40,56,5.0,8.93
2018-12,41,56,5.0,8.93
2018-12,42,56,5.0,8.93
2018-12,43,56,5.0,8.93
2018-12,44,56,5.0,8.93
2018-12,45,56,5.0,8.93
2018-12,46,56,5.0,8.93
2018-12,47,56,5.0,8.93
2018-12,48,56,5.0,8.93
2018-12,49,56,5.0,8.93
2018-12,50,56,5.0,8.93
2018-12,51,56,5.0,8.93
2018-12,52,56,5.0,8.93
2018-12,53,56,5.0,8.93
2018-12,54,56,5.0,8.93
2018-12,55,56,5.0,8.93
2018-12,56,56,5.0,8.93
2018-12,57,56,5.0,8.93
2018-12,58,56,5.0,8.93
2018-12,59,56,5.0,8.93
2018-12,60,56,5.0,8.93
