id,loan_amnt,term,int_rate,grade,sub_grade,emp_length,home_ownership,annual_inc,issue_d,purpose,dti,fico_range_low
142302256,16000.0, 36 months,6.67,A,A2,< 1 year,OWN,90000.0,Oct-2018,credit_card,13.68,690.0
65665178,4500.0, 36 months,7.26,A,A4,,MORTGAGE,48000.0,Dec-2015,debt_consolidation,7.25,695.0
878197,15000.0, 36 months,8.49,A,A5,10+ years,RENT,80000.0,Sep-2011,wedding,7.44,735.0
1496047,10000.0, 36 months,7.9,A,A4,4 years,RENT,55000.0,Sep-2012,debt_consolidation,10.47,730.0
144003196,4000.0, 36 months,8.81,A,A5,7 years,MORTGAGE,55000.0,Dec-2018,other,24.33,725.0
74642716,35000.0, 36 months,6.97,A,A3,10+ years,RENT,101000.0,Mar-2016,credit_card,12.24,720.0
134970363,5000.0, 36 months,6.19,A,A2,10+ years,RENT,64000.0,Jun-2018,medical,9.04,810.0
128554781,10000.0, 36 months,6.08,A,A2,10+ years,MORTGAGE,65000.0,Feb-2018,credit_card,13.85,685.0
1145764,5000.0, 36 months,6.62,A,A2,4 years,RENT,89500.0,Feb-2012,small_business,16.06,765.0
71070797,24000.0, 36 months,6.97,A,A3,2 years,MORTGAGE,130000.0,Feb-2016,debt_consolidation,20.38,685.0
77564730,27500.0, 60 months,7.39,A,A4,6 years,MORTGAGE,90000.0,Apr-2016,debt_consolidation,10.96,715.0
104318827,40000.0, 36 months,6.99,A,A2,10+ years,MORTGAGE,350000.0,Apr-2017,debt_consolidation,16.79,690.0
65140476,7800.0, 36 months,6.24,A,A2,10+ years,MORTGAGE,98000.0,Nov-2015,credit_card,12.5,720.0
62176644,3200.0, 36 months,5.32,A,A1,3 years,MORTGAGE,60000.0,Oct-2015,home_improvement,18.06,805.0
131107765,40000.0, 36 months,5.31,A,A1,10+ years,RENT,69611.0,Apr-2018,debt_consolidation,26.02,795.0
1518451,12000.0, 36 months,6.62,A,A2,2 years,MORTGAGE,84000.0,Sep-2012,credit_card,10.31,735.0
11416112,8000.0, 36 months,6.03,A,A1,1 year,MORTGAGE,69000.0,Feb-2014,major_purchase,23.81,745.0
143563585,10000.0, 36 months,7.02,A,A2,< 1 year,RENT,135000.0,Nov-2018,credit_card,5.51,755.0
71542589,10000.0, 36 months,7.89,A,A5,10+ years,MORTGAGE,52000.0,Feb-2016,credit_card,21.62,685.0
55960359,4000.0, 36 months,5.32,A,A1,7 years,MORTGAGE,44000.0,Aug-2015,credit_card,20.1,820.0
31366692,8000.0, 36 months,6.03,A,A1,8 years,OWN,50000.0,Oct-2014,debt_consolidation,18.07,680.0
121718129,19000.0, 36 months,7.97,A,A5,10+ years,MORTGAGE,194000.0,Oct-2017,credit_card,16.05,715.0
119280211,9100.0, 36 months,7.35,A,A4,3 years,RENT,28000.0,Sep-2017,other,31.25,725.0
132054735,25000.0, 36 months,7.96,A,A5,10+ years,MORTGAGE,115000.0,Apr-2018,debt_consolidation,29.53,715.0
84436886,5000.0, 36 months,8.59,A,A5,10+ years,MORTGAGE,60000.0,Jul-2016,debt_consolidation,11.94,730.0
55563935,16000.0, 36 months,6.89,A,A3,10+ years,MORTGAGE,74000.0,Jul-2015,debt_consolidation,3.56,695.0
97595048,4800.0, 36 months,7.99,A,A5,5 years,MORTGAGE,103900.0,Feb-2017,debt_consolidation,7.85,705.0
77478699,10000.0, 36 months,6.49,A,A2,10+ years,MORTGAGE,99000.0,Apr-2016,debt_consolidation,13.87,695.0
131508050,30000.0, 36 months,7.34,A,A4,< 1 year,MORTGAGE,30000.0,Apr-2018,home_improvement,24.96,700.0
36048839,10800.0, 36 months,6.99,A,A3,4 years,OWN,40000.0,Nov-2014,credit_card,26.59,705.0
127024211,11000.0, 36 months,7.35,A,A4,,RENT,0.0,Jan-2018,credit_card,,750.0
45374212,10000.0, 36 months,6.68,A,A3,< 1 year,MORTGAGE,69000.0,Apr-2015,home_improvement,6.17,750.0
69564411,12000.0, 36 months,7.49,A,A4,,MORTGAGE,43000.0,Jan-2016,credit_card,8.34,685.0
49713579,6000.0, 36 months,6.89,A,A3,10+ years,MORTGAGE,65000.0,May-2015,home_improvement,12.56,660.0
65664390,14625.0, 36 months,7.89,A,A5,10+ years,OWN,52000.0,Nov-2015,debt_consolidation,34.85,775.0
36221854,7000.0, 36 months,6.99,A,A3,< 1 year,RENT,50000.0,Dec-2014,debt_consolidation,7.84,695.0
51947593,8300.0, 36 months,7.89,A,A5,10+ years,MORTGAGE,70000.0,Jun-2015,debt_consolidation,6.67,680.0
129222011,40000.0, 36 months,6.71,A,A3,1 year,RENT,30000.0,Feb-2018,debt_consolidation,17.88,760.0
12635791,24000.0, 36 months,7.12,A,A3,2 years,MORTGAGE,102000.0,May-2014,debt_consolidation,21.64,730.0
138523664,12000.0, 36 months,7.84,A,A4,10+ years,MORTGAGE,60000.0,Aug-2018,debt_consolidation,13.16,675.0
3641139,17000.0, 36 months,7.62,A,A3,< 1 year,MORTGAGE,75000.0,Mar-2013,debt_consolidation,19.72,765.0
118246071,4500.0, 36 months,7.97,A,A5,4 years,MORTGAGE,60000.0,Sep-2017,home_improvement,28.28,730.0
43409194,10000.0, 36 months,6.92,A,A4,< 1 year,RENT,55000.0,Apr-2015,debt_consolidation,16.18,740.0
142495865,3600.0, 36 months,7.84,A,A4,10+ years,OWN,115000.0,Oct-2018,other,18.56,725.0
85723252,9800.0, 36 months,6.99,A,A2,10+ years,RENT,45000.0,Jul-2016,debt_consolidation,27.81,695.0
78659259,24000.0, 36 months,7.39,A,A4,,MORTGAGE,107000.0,May-2016,debt_consolidation,13.86,705.0
48484876,14400.0, 36 months,6.89,A,A3,,MORTGAGE,123000.0,Jun-2015,debt_consolidation,2.6,745.0
77871886,30000.0, 36 months,6.97,A,A3,4 years,OWN,120000.0,Apr-2016,credit_card,21.38,715.0
77228480,8000.0, 36 months,6.97,A,A3,,OWN,50000.0,Apr-2016,credit_card,10.85,745.0
70222111,6500.0, 36 months,6.99,A,A3,2 years,MORTGAGE,67000.0,Feb-2016,debt_consolidation,0.72,790.0
100104804,7000.0, 36 months,6.99,A,A2,,RENT,107000.0,Mar-2017,debt_consolidation,11.98,790.0
55512571,10000.0, 36 months,7.26,A,A4,< 1 year,RENT,65000.0,Jul-2015,credit_card,7.46,705.0
60316187,2625.0, 36 months,6.89,A,A3,7 years,MORTGAGE,66974.0,Sep-2015,medical,2.9,840.0
140377954,10000.0, 36 months,6.67,A,A2,10+ years,MORTGAGE,105664.0,Sep-2018,credit_card,35.65,730.0
139677308,40000.0, 36 months,8.46,A,A5,10+ years,MORTGAGE,95000.0,Sep-2018,debt_consolidation,33.55,740.0
98961142,40000.0, 36 months,6.99,A,A2,2 years,MORTGAGE,386000.0,Mar-2017,credit_card,14.34,715.0
57335056,9500.0, 36 months,6.24,A,A2,10+ years,RENT,45000.0,Jul-2015,credit_card,32.0,800.0
70885409,6050.0, 36 months,7.89,A,A5,10+ years,MORTGAGE,39900.0,Feb-2016,medical,27.13,730.0
132515144,6500.0, 36 months,6.71,A,A3,10+ years,OWN,80000.0,May-2018,house,11.64,700.0
142155633,20000.0, 36 months,6.11,A,A1,10+ years,MORTGAGE,120000.0,Oct-2018,home_improvement,13.72,725.0
50527651,14000.0, 36 months,7.89,A,A5,< 1 year,RENT,77500.0,Jun-2015,debt_consolidation,15.33,665.0
631347,12000.0, 36 months,5.79,A,A2,2 years,RENT,60000.0,Dec-2010,credit_card,5.44,745.0
136780048,8000.0, 36 months,6.11,A,A1,2 years,RENT,55000.0,Jul-2018,credit_card,11.98,705.0
74654103,15000.0, 36 months,7.39,A,A4,,MORTGAGE,120000.0,Mar-2016,other,19.88,715.0
77447260,14500.0, 36 months,5.32,A,A1,5 years,MORTGAGE,110000.0,Apr-2016,debt_consolidation,7.66,725.0
144114882,20000.0, 60 months,8.19,A,A4,1 year,MORTGAGE,160000.0,Nov-2018,debt_consolidation,9.15,755.0
137355370,5000.0, 36 months,8.46,A,A5,4 years,RENT,41345.0,Aug-2018,credit_card,8.42,690.0
136726016,7000.0, 36 months,8.46,A,A5,10+ years,RENT,32000.0,Jul-2018,credit_card,11.07,735.0
65977141,9000.0, 36 months,7.89,A,A5,1 year,MORTGAGE,60000.0,Dec-2015,debt_consolidation,18.46,700.0
16392649,7375.0, 36 months,6.03,A,A1,2 years,RENT,73200.0,Jun-2014,credit_card,7.49,715.0
118675909,8500.0, 36 months,7.35,A,A4,2 years,RENT,55000.0,Oct-2017,credit_card,22.91,700.0
8834958,18200.0, 36 months,7.62,A,A3,10+ years,MORTGAGE,105120.0,Nov-2013,credit_card,16.97,710.0
28753634,22000.0, 36 months,6.03,A,A1,10+ years,MORTGAGE,51500.0,Oct-2014,credit_card,11.53,720.0
75211500,25000.0, 36 months,5.32,A,A1,10+ years,MORTGAGE,250000.0,Mar-2016,debt_consolidation,17.09,740.0
76203532,40000.0, 36 months,7.89,A,A5,2 years,MORTGAGE,170000.0,Apr-2016,home_improvement,27.28,795.0
109680779,3600.0, 36 months,5.32,A,A1,10+ years,OWN,64000.0,May-2017,credit_card,18.77,740.0
127372219,36000.0, 36 months,7.35,A,A4,10+ years,RENT,95000.0,Jan-2018,major_purchase,6.86,720.0
70273933,20000.0, 36 months,7.39,A,A4,,RENT,60000.0,Feb-2016,credit_card,25.62,705.0
71897523,7200.0, 36 months,7.89,A,A5,10+ years,MORTGAGE,60000.0,Feb-2016,debt_consolidation,28.18,680.0
139635089,30000.0, 36 months,6.11,A,A1,< 1 year,MORTGAGE,105000.0,Sep-2018,debt_consolidation,11.91,710.0
142244387,6500.0, 36 months,6.67,A,A2,2 years,MORTGAGE,57500.0,Oct-2018,credit_card,18.41,700.0
138600423,16000.0, 36 months,6.11,A,A1,,MORTGAGE,104916.0,Aug-2018,credit_card,9.95,670.0
105527674,4500.0, 36 months,6.99,A,A2,< 1 year,MORTGAGE,70000.0,Apr-2017,credit_card,11.43,735.0
126472442,34000.0, 36 months,5.32,A,A1,< 1 year,MORTGAGE,90000.0,Jan-2018,debt_consolidation,17.76,745.0
79532977,35000.0, 36 months,7.39,A,A4,2 years,MORTGAGE,105000.0,Jun-2016,debt_consolidation,11.12,750.0
125941317,7200.0, 36 months,6.08,A,A2,10+ years,MORTGAGE,63000.0,Dec-2017,debt_consolidation,9.22,825.0
144117745,40000.0, 60 months,8.81,A,A5,4 years,MORTGAGE,260000.0,Nov-2018,debt_consolidation,15.84,695.0
142613635,17000.0, 36 months,7.21,A,A3,< 1 year,RENT,50000.0,Oct-2018,credit_card,19.32,690.0
99975756,8000.0, 36 months,6.99,A,A2,6 years,OWN,65000.0,Mar-2017,credit_card,5.82,710.0
24005753,9000.0, 36 months,6.03,A,A1,3 years,RENT,145000.0,Aug-2014,debt_consolidation,11.98,795.0
44017730,6000.0, 36 months,6.39,A,A2,4 years,RENT,29000.0,Apr-2015,credit_card,11.88,750.0
118076835,16800.0, 36 months,7.07,A,A2,10+ years,MORTGAGE,110000.0,Sep-2017,debt_consolidation,13.06,720.0
51005884,24000.0, 36 months,5.32,A,A1,6 years,MORTGAGE,200000.0,Jun-2015,credit_card,4.84,740.0
679729,29900.0, 36 months,8.39,A,A5,8 years,MORTGAGE,75000.0,Aug-2014,debt_consolidation,18.67,695.0
123590032,25000.0, 60 months,7.35,A,A4,9 years,MORTGAGE,130000.0,Nov-2017,debt_consolidation,10.65,760.0
60516077,12000.0, 36 months,6.24,A,A2,4 years,MORTGAGE,69000.0,Sep-2015,credit_card,4.61,690.0
55350289,8000.0, 36 months,7.89,A,A5,10+ years,RENT,60000.0,Aug-2015,credit_card,16.8,685.0
123890168,5000.0, 36 months,6.08,A,A2,6 years,MORTGAGE,130000.0,Nov-2017,home_improvement,5.67,750.0
97933878,7000.0, 36 months,7.49,A,A4,10+ years,RENT,41000.0,Feb-2017,credit_card,19.29,705.0
44976125,17500.0, 36 months,6.39,A,A2,3 years,OWN,62000.0,Apr-2015,debt_consolidation,31.8,830.0
36039713,7000.0, 36 months,6.03,A,A1,10+ years,MORTGAGE,65000.0,Nov-2014,credit_card,3.24,820.0
126832974,14000.0, 36 months,7.35,A,A4,10+ years,OWN,57500.0,Jan-2018,debt_consolidation,38.7,710.0
81333101,5000.0, 36 months,7.39,A,A4,10+ years,MORTGAGE,36000.0,Jun-2016,debt_consolidation,29.17,745.0
129975574,5000.0, 36 months,6.71,A,A3,10+ years,RENT,47000.0,Mar-2018,moving,15.76,765.0
130795983,10000.0, 36 months,7.34,A,A4,9 years,RENT,40000.0,Mar-2018,debt_consolidation,26.79,740.0
72013023,25000.0, 36 months,7.89,A,A5,8 years,MORTGAGE,120000.0,Feb-2016,debt_consolidation,24.18,720.0
13078618,28000.0, 36 months,7.9,A,A4,10+ years,MORTGAGE,186000.0,Mar-2014,debt_consolidation,20.35,665.0
48716392,15000.0, 36 months,6.39,A,A2,9 years,MORTGAGE,61000.0,May-2015,home_improvement,19.5,755.0
123886493,4000.0, 36 months,6.08,A,A2,10+ years,MORTGAGE,105000.0,Nov-2017,home_improvement,16.66,710.0
3356822,24000.0, 60 months,8.9,A,A5,< 1 year,MORTGAGE,112000.0,Feb-2013,debt_consolidation,21.35,745.0
3056752,24000.0, 36 months,6.03,A,A1,3 years,MORTGAGE,109000.0,Jan-2013,credit_card,30.74,715.0
132998139,40000.0, 36 months,8.08,A,A5,8 years,MORTGAGE,107000.0,May-2018,debt_consolidation,20.21,725.0
38644322,16000.0, 36 months,8.19,A,A5,10+ years,RENT,47000.0,Jan-2015,debt_consolidation,25.59,735.0
84940218,8000.0, 36 months,8.59,A,A5,10+ years,RENT,62000.0,Aug-2016,debt_consolidation,13.36,685.0
132023882,40000.0, 36 months,6.71,A,A3,8 years,OWN,285000.0,Apr-2018,other,0.44,765.0
77268421,22550.0, 36 months,7.39,A,A4,,MORTGAGE,96000.0,Apr-2016,debt_consolidation,8.75,715.0
59230683,21000.0, 36 months,7.89,A,A5,< 1 year,OWN,135000.0,Sep-2015,credit_card,20.83,730.0
88818553,4000.0, 36 months,8.59,A,A5,3 years,MORTGAGE,30000.0,Sep-2016,debt_consolidation,12.96,715.0
142067849,6000.0, 36 months,7.21,A,A3,10+ years,RENT,75000.0,Oct-2018,debt_consolidation,10.14,695.0
126817151,25000.0, 36 months,6.72,A,A3,3 years,RENT,125000.0,Jan-2018,debt_consolidation,12.37,740.0
80738164,33600.0, 60 months,7.89,A,A5,10+ years,MORTGAGE,96000.0,Jun-2016,debt_consolidation,19.47,710.0
77486944,18000.0, 60 months,7.89,A,A5,10+ years,MORTGAGE,98000.0,Apr-2016,debt_consolidation,14.47,720.0
128085755,16000.0, 36 months,7.35,A,A4,10+ years,RENT,38000.0,Feb-2018,credit_card,6.35,765.0
68885606,18000.0, 36 months,7.49,A,A4,6 years,RENT,65000.0,Jan-2016,credit_card,22.99,685.0
8305414,8000.0, 36 months,7.62,A,A3,10+ years,MORTGAGE,60000.0,Oct-2013,debt_consolidation,21.9,745.0
97533900,6500.0, 36 months,7.49,A,A4,2 years,MORTGAGE,77000.0,Feb-2017,credit_card,10.86,700.0
143918911,40000.0, 36 months,8.19,A,A4,8 years,OWN,150000.0,Nov-2018,debt_consolidation,11.01,735.0
129591365,17600.0, 36 months,7.34,A,A4,7 years,RENT,52000.0,Mar-2018,debt_consolidation,8.52,785.0
124041904,4500.0, 36 months,6.72,A,A3,,MORTGAGE,45000.0,Nov-2017,credit_card,15.84,780.0
64201176,6400.0, 36 months,6.24,A,A2,,MORTGAGE,16320.0,Nov-2015,credit_card,15.74,695.0
96943382,16175.0, 36 months,7.49,A,A4,4 years,RENT,96500.0,Jan-2017,debt_consolidation,17.09,750.0
97366405,24000.0, 36 months,7.49,A,A4,6 years,MORTGAGE,114000.0,Feb-2017,credit_card,16.04,745.0
110663299,16000.0, 36 months,7.97,A,A5,7 years,MORTGAGE,82000.0,Jun-2017,debt_consolidation,11.84,700.0
97232984,12000.0, 36 months,6.99,A,A2,9 years,RENT,48000.0,Jan-2017,debt_consolidation,5.13,765.0
127703750,21000.0, 36 months,7.35,A,A4,3 years,RENT,130000.0,Feb-2018,moving,0.46,795.0
124083077,4000.0, 36 months,6.08,A,A2,10+ years,OWN,40000.0,Nov-2017,other,0.52,805.0
9209786,10000.0, 36 months,6.62,A,A2,10+ years,MORTGAGE,43000.0,Dec-2013,debt_consolidation,20.38,760.0
8656175,25000.0, 36 months,6.62,A,A2,2 years,MORTGAGE,125000.0,Nov-2013,home_improvement,8.18,755.0
135583845,9000.0, 36 months,5.31,A,A1,9 years,RENT,97000.0,Jun-2018,credit_card,9.87,675.0
70864863,35000.0, 36 months,7.39,A,A4,5 years,MORTGAGE,112000.0,Feb-2016,moving,17.99,740.0
134731410,6000.0, 36 months,7.46,A,A4,3 years,MORTGAGE,58000.0,Jun-2018,credit_card,12.52,690.0
57991087,6000.0, 36 months,6.24,A,A2,6 years,MORTGAGE,50000.0,Aug-2015,debt_consolidation,8.88,700.0
134413283,10000.0, 36 months,5.31,A,A1,10+ years,MORTGAGE,120000.0,Jun-2018,debt_consolidation,17.17,725.0
140743289,32000.0, 36 months,7.84,A,A4,4 years,RENT,210000.0,Sep-2018,debt_consolidation,10.1,775.0
94098552,35000.0, 36 months,5.32,A,A1,6 years,MORTGAGE,580000.0,Dec-2016,home_improvement,6.88,695.0
145056563,15000.0, 36 months,7.02,A,A2,< 1 year,OWN,58000.0,Dec-2018,debt_consolidation,11.96,695.0
116867621,12000.0, 36 months,7.97,A,A5,10+ years,MORTGAGE,72000.0,Aug-2017,debt_consolidation,25.48,700.0
89867431,20000.0, 36 months,6.99,A,A2,5 years,MORTGAGE,120000.0,Oct-2016,debt_consolidation,31.65,785.0
40979776,10000.0, 36 months,5.93,A,A1,3 years,MORTGAGE,70000.0,Feb-2015,debt_consolidation,23.82,740.0
61018980,10000.0, 36 months,5.32,A,A1,7 years,MORTGAGE,145000.0,Oct-2015,home_improvement,1.91,750.0
479215,10000.0, 36 months,7.88,A,A5,2 years,RENT,42000.0,Jan-2010,credit_card,19.77,735.0
126912132,14400.0, 36 months,6.08,A,A2,8 years,MORTGAGE,48560.0,Jan-2018,debt_consolidation,10.49,735.0
132402030,2200.0, 36 months,6.71,A,A3,3 years,RENT,35000.0,May-2018,credit_card,11.21,685.0
125718157,5000.0, 36 months,7.97,A,A5,10+ years,MORTGAGE,65000.0,Dec-2017,credit_card,5.76,700.0
16481914,20000.0, 36 months,6.49,A,A2,9 years,MORTGAGE,150000.0,May-2014,debt_consolidation,19.59,730.0
133566293,10000.0, 36 months,7.46,A,A4,3 years,RENT,42000.0,May-2018,car,12.94,780.0
48344468,3000.0, 36 months,7.89,A,A5,,RENT,25164.0,May-2015,debt_consolidation,18.55,660.0
1198440,9700.0, 36 months,7.9,A,A4,< 1 year,OWN,51000.0,Mar-2012,debt_consolidation,22.0,725.0
131516075,30000.0, 36 months,6.71,A,A3,7 years,MORTGAGE,80000.0,Apr-2018,credit_card,33.18,710.0
65717715,15000.0, 36 months,6.89,A,A3,10+ years,MORTGAGE,94000.0,Nov-2015,debt_consolidation,25.5,725.0
140289949,6400.0, 36 months,7.84,A,A4,6 years,MORTGAGE,52000.0,Sep-2018,debt_consolidation,31.66,730.0
130249971,10000.0, 36 months,5.31,A,A1,6 years,MORTGAGE,80000.0,Mar-2018,other,19.49,745.0
12465446,15000.0, 36 months,7.62,A,A3,5 years,MORTGAGE,96000.0,Feb-2014,credit_card,19.76,725.0
87574123,12600.0, 36 months,7.59,A,A3,10+ years,MORTGAGE,54000.0,Aug-2016,credit_card,29.04,750.0
126231751,15000.0, 36 months,7.35,A,A4,9 years,OWN,118000.0,Dec-2017,debt_consolidation,5.14,690.0
128022617,35000.0, 36 months,5.32,A,A1,3 years,MORTGAGE,121398.0,Feb-2018,debt_consolidation,24.45,780.0
57458454,10000.0, 36 months,7.89,A,A5,,RENT,75000.0,Aug-2015,debt_consolidation,14.85,695.0
129360649,12500.0, 36 months,7.34,A,A4,7 years,RENT,52000.0,Feb-2018,debt_consolidation,12.88,785.0
2486197,10000.0, 36 months,6.62,A,A2,10+ years,MORTGAGE,120000.0,Dec-2012,debt_consolidation,11.47,720.0
139509720,10000.0, 36 months,6.11,A,A1,1 year,RENT,38000.0,Sep-2018,credit_card,7.93,720.0
141979501,10000.0, 36 months,6.11,A,A1,5 years,MORTGAGE,98000.0,Oct-2018,credit_card,16.32,710.0
134336210,15000.0, 36 months,7.46,A,A4,< 1 year,MORTGAGE,90000.0,Jun-2018,debt_consolidation,28.79,700.0
5355634,4000.0, 36 months,7.9,A,A4,5 years,MORTGAGE,170000.0,May-2013,home_improvement,15.06,735.0
51886143,6000.0, 36 months,5.32,A,A1,2 years,MORTGAGE,140000.0,Jun-2015,car,5.4,805.0
128220697,10000.0, 60 months,7.35,A,A4,6 years,MORTGAGE,50338.0,Feb-2018,medical,1.19,815.0
42031598,9000.0, 36 months,5.93,A,A1,10+ years,MORTGAGE,56000.0,Mar-2015,credit_card,16.85,675.0
132352291,5500.0, 36 months,7.96,A,A5,2 years,RENT,53000.0,Apr-2018,debt_consolidation,14.56,660.0
140727862,32000.0, 60 months,7.84,A,A4,10+ years,MORTGAGE,90000.0,Sep-2018,debt_consolidation,23.73,730.0
70192355,15000.0, 36 months,6.49,A,A2,10+ years,MORTGAGE,50000.0,Feb-2016,debt_consolidation,5.06,700.0
63484715,10000.0, 36 months,7.26,A,A4,3 years,MORTGAGE,60000.0,Nov-2015,home_improvement,3.0,735.0
90383653,13000.0, 36 months,5.32,A,A1,3 years,MORTGAGE,100000.0,Sep-2016,credit_card,9.38,750.0
128194881,12700.0, 36 months,7.35,A,A4,3 years,MORTGAGE,138000.0,Feb-2018,credit_card,31.71,710.0
69573327,10000.0, 36 months,7.49,A,A4,4 years,RENT,110000.0,Jan-2016,debt_consolidation,15.55,760.0
64290548,25000.0, 36 months,6.89,A,A3,6 years,MORTGAGE,218000.0,Nov-2015,debt_consolidation,5.6,680.0
27562000,12000.0, 36 months,6.49,A,A2,,MORTGAGE,90000.0,Oct-2014,debt_consolidation,13.24,750.0
43390466,18500.0, 36 months,6.68,A,A3,8 years,MORTGAGE,180000.0,Apr-2015,debt_consolidation,6.49,685.0
143577331,40000.0, 36 months,8.19,A,A4,10+ years,MORTGAGE,280000.0,Dec-2018,debt_consolidation,6.45,745.0
125069348,9400.0, 36 months,6.08,A,A2,10+ years,MORTGAGE,72000.0,Dec-2017,debt_consolidation,25.67,805.0
285386,8000.0, 36 months,8.63,A,A5,10+ years,MORTGAGE,54080.0,Mar-2008,other,10.78,730.0
486412,10000.0, 36 months,7.51,A,A4,1 year,RENT,100000.0,Feb-2010,other,5.59,760.0
144353065,15000.0, 36 months,7.56,A,A3,7 years,RENT,78000.0,Dec-2018,debt_consolidation,20.89,725.0
76314654,24000.0, 36 months,5.32,A,A1,2 years,MORTGAGE,96000.0,Apr-2016,debt_consolidation,21.71,680.0
75241187,28000.0, 60 months,7.89,A,A5,10+ years,MORTGAGE,135000.0,Mar-2016,credit_card,19.46,695.0
1182417,32400.0, 36 months,8.9,A,A5,10+ years,RENT,76900.0,Mar-2012,credit_card,16.02,735.0
110684791,20000.0, 36 months,5.32,A,A1,10+ years,MORTGAGE,140000.0,Jun-2017,debt_consolidation,6.88,730.0
135108929,15500.0, 36 months,5.31,A,A1,7 years,MORTGAGE,160000.0,Jun-2018,credit_card,14.66,785.0
64201401,8000.0, 36 months,7.26,A,A4,5 years,RENT,75000.0,Nov-2015,credit_card,16.42,690.0
9856115,17000.0, 36 months,6.62,A,A2,2 years,MORTGAGE,48000.0,Dec-2013,debt_consolidation,16.25,745.0
76764589,3600.0, 36 months,5.32,A,A1,2 years,MORTGAGE,70200.0,Apr-2016,home_improvement,5.79,770.0
91211224,13000.0, 36 months,7.59,A,A3,8 years,RENT,85000.0,Oct-2016,debt_consolidation,26.82,800.0
74686653,22000.0, 36 months,5.32,A,A1,2 years,MORTGAGE,92000.0,Mar-2016,credit_card,13.29,695.0
98126546,20000.0, 36 months,6.99,A,A2,1 year,MORTGAGE,97000.0,Feb-2017,credit_card,25.18,685.0
104310792,2600.0, 36 months,6.99,A,A2,< 1 year,OWN,33280.0,May-2017,credit_card,10.21,745.0
48726311,10000.0, 36 months,5.32,A,A1,< 1 year,MORTGAGE,135000.0,May-2015,debt_consolidation,20.15,715.0
1258839,17600.0, 36 months,7.9,A,A4,2 years,RENT,51000.0,May-2012,debt_consolidation,22.68,720.0
25186884,21600.0, 36 months,7.69,A,A4,10+ years,MORTGAGE,130000.0,Aug-2014,debt_consolidation,18.01,680.0
128491305,12600.0, 36 months,7.35,A,A4,7 years,RENT,70000.0,Feb-2018,debt_consolidation,20.06,720.0
1254093,3000.0, 36 months,6.62,A,A2,1 year,OWN,105000.0,May-2012,moving,7.28,740.0
145510025,7000.0, 36 months,8.19,A,A4,4 years,MORTGAGE,55500.0,Dec-2018,debt_consolidation,17.92,720.0
61468858,21000.0, 60 months,7.89,A,A5,2 years,MORTGAGE,104000.0,Oct-2015,debt_consolidation,3.29,775.0
132055371,12000.0, 36 months,6.07,A,A2,,OWN,34000.0,Apr-2018,debt_consolidation,57.08,815.0
41141726,25000.0, 36 months,7.89,A,A5,1 year,RENT,118000.0,Feb-2015,debt_consolidation,8.6,705.0
44439306,14000.0, 36 months,6.92,A,A4,3 years,RENT,62000.0,Apr-2015,debt_consolidation,18.58,700.0
129170399,4000.0, 36 months,7.34,A,A4,2 years,RENT,60000.0,Mar-2018,major_purchase,5.31,735.0
125137752,2000.0, 36 months,7.35,A,A4,8 years,RENT,30000.0,Nov-2017,debt_consolidation,3.8,785.0
63476155,12000.0, 36 months,6.89,A,A3,10+ years,MORTGAGE,65000.0,Oct-2015,credit_card,14.53,680.0
42783393,6000.0, 36 months,6.68,A,A3,10+ years,MORTGAGE,54000.0,Mar-2015,credit_card,13.78,680.0
143638298,35000.0, 36 months,8.19,A,A4,< 1 year,MORTGAGE,52500.0,Dec-2018,debt_consolidation,29.81,725.0
78539041,20000.0, 36 months,7.39,A,A4,10+ years,MORTGAGE,150000.0,May-2016,credit_card,28.36,710.0
63435354,13000.0, 36 months,6.89,A,A3,10+ years,RENT,34000.0,Oct-2015,debt_consolidation,28.1,725.0
144677565,40000.0, 36 months,8.19,A,A4,3 years,RENT,163000.0,Dec-2018,debt_consolidation,25.12,710.0
60235795,4000.0, 36 months,7.26,A,A4,1 year,RENT,30000.0,Sep-2015,debt_consolidation,23.88,720.0
96919254,8000.0, 36 months,7.24,A,A3,7 years,RENT,52000.0,Jan-2017,credit_card,19.76,705.0
97593320,12000.0, 36 months,7.99,A,A5,10+ years,MORTGAGE,75000.0,Feb-2017,debt_consolidation,13.21,705.0
121335363,6000.0, 36 months,7.35,A,A4,2 years,RENT,36000.0,Nov-2017,debt_consolidation,16.93,725.0
56532949,14000.0, 36 months,6.24,A,A2,10+ years,RENT,50000.0,Sep-2015,debt_consolidation,7.51,745.0
144428101,10000.0, 36 months,6.46,A,A1,< 1 year,OWN,85000.0,Dec-2018,debt_consolidation,28.66,675.0
88229707,5000.0, 36 months,7.99,A,A4,10+ years,MORTGAGE,60590.0,Aug-2016,other,8.65,775.0
56028146,12000.0, 36 months,7.89,A,A5,2 years,RENT,36000.0,Jul-2015,debt_consolidation,17.67,685.0
1577542,19200.0, 36 months,7.9,A,A4,3 years,RENT,95000.0,Oct-2012,debt_consolidation,7.79,765.0
107177165,15000.0, 36 months,5.32,A,A1,2 years,MORTGAGE,88000.0,May-2017,credit_card,15.85,765.0
81547710,7500.0, 36 months,6.49,A,A2,10+ years,MORTGAGE,88000.0,Jun-2016,home_improvement,7.2,745.0
145059385,5000.0, 36 months,8.19,A,A4,< 1 year,RENT,72000.0,Dec-2018,credit_card,13.35,730.0
20801867,9000.0, 36 months,7.12,A,A3,< 1 year,OWN,55000.0,Jul-2014,debt_consolidation,30.58,750.0
108108919,12000.0, 36 months,7.35,A,A4,2 years,RENT,98000.0,May-2017,credit_card,10.66,690.0
142516184,40000.0, 60 months,7.84,A,A4,< 1 year,MORTGAGE,100000.0,Oct-2018,other,7.97,840.0
68831531,8000.0, 36 months,6.99,A,A3,10+ years,MORTGAGE,151000.0,Jan-2016,debt_consolidation,33.0,715.0
78449190,5000.0, 36 months,7.39,A,A4,10+ years,MORTGAGE,75000.0,May-2016,car,13.18,740.0
141105206,11500.0, 36 months,7.84,A,A4,< 1 year,MORTGAGE,60000.0,Sep-2018,credit_card,5.52,705.0
99776809,5000.0, 36 months,7.24,A,A3,3 years,MORTGAGE,100000.0,Feb-2017,home_improvement,14.28,720.0
112745524,12000.0, 36 months,7.97,A,A5,7 years,MORTGAGE,145000.0,Jul-2017,home_improvement,22.01,690.0
38271231,20000.0, 36 months,6.99,A,A3,3 years,MORTGAGE,67000.0,Jan-2015,credit_card,24.74,740.0
26300347,10000.0, 36 months,8.39,A,A5,10+ years,RENT,41200.0,Sep-2014,debt_consolidation,16.98,715.0
145269195,13000.0, 36 months,7.56,A,A3,< 1 year,RENT,99000.0,Dec-2018,credit_card,7.48,755.0
57195520,27000.0, 36 months,5.32,A,A1,1 year,MORTGAGE,142000.0,Aug-2015,credit_card,7.23,745.0
140350677,25000.0, 36 months,7.84,A,A4,,OWN,53954.0,Sep-2018,credit_card,24.15,760.0
50437254,10000.0, 36 months,6.24,A,A2,2 years,MORTGAGE,52000.0,Jun-2015,credit_card,13.78,725.0
109832727,7000.0, 36 months,7.97,A,A5,2 years,RENT,74000.0,May-2017,debt_consolidation,25.84,710.0
125068858,7000.0, 36 months,6.08,A,A2,5 years,MORTGAGE,60000.0,Nov-2017,debt_consolidation,11.08,725.0
129800562,40000.0, 36 months,7.34,A,A4,4 years,RENT,145000.0,Apr-2018,credit_card,15.01,710.0
126760417,7500.0, 36 months,7.35,A,A4,10+ years,MORTGAGE,40000.0,Jan-2018,credit_card,14.25,740.0
667962,12000.0, 36 months,7.29,A,A4,4 years,MORTGAGE,52000.0,Feb-2011,credit_card,18.88,730.0
138228696,30000.0, 36 months,8.46,A,A5,1 year,MORTGAGE,103000.0,Aug-2018,debt_consolidation,26.26,735.0
120140203,16000.0, 36 months,7.97,A,A5,2 years,MORTGAGE,225000.0,Oct-2017,credit_card,27.74,790.0
126028953,20000.0, 36 months,6.72,A,A3,10+ years,RENT,160000.0,Dec-2017,credit_card,20.16,720.0
61372104,29500.0, 36 months,7.89,A,A5,10+ years,MORTGAGE,107000.0,Oct-2015,debt_consolidation,26.09,700.0
90032212,20000.0, 36 months,7.59,A,A3,7 years,OWN,57258.0,Sep-2016,other,2.87,735.0
136551707,8000.0, 36 months,7.21,A,A3,3 years,RENT,35000.0,Jul-2018,debt_consolidation,18.07,730.0
125582308,16000.0, 36 months,7.97,A,A5,10+ years,OWN,100000.0,Dec-2017,debt_consolidation,12.07,725.0
92991805,20800.0, 60 months,7.99,A,A5,3 years,MORTGAGE,140000.0,Nov-2016,credit_card,19.32,745.0
56090359,10300.0, 36 months,6.24,A,A2,5 years,MORTGAGE,80000.0,Jul-2015,debt_consolidation,22.95,725.0
20518474,20000.0, 36 months,8.39,A,A5,8 years,RENT,67000.0,Oct-2014,credit_card,23.63,680.0
110806124,11000.0, 36 months,7.35,A,A4,2 years,MORTGAGE,40000.0,Jun-2017,debt_consolidation,15.32,755.0
46755522,12500.0, 36 months,6.39,A,A2,5 years,MORTGAGE,148000.0,Apr-2015,credit_card,8.35,715.0
65394179,7000.0, 36 months,7.89,A,A5,4 years,MORTGAGE,34000.0,Nov-2015,credit_card,22.52,695.0
113093709,4500.0, 36 months,7.35,A,A4,10+ years,MORTGAGE,55000.0,Jul-2017,debt_consolidation,18.44,680.0
138265556,6500.0, 36 months,8.46,A,A5,1 year,RENT,44290.0,Aug-2018,debt_consolidation,29.59,800.0
123036223,10000.0, 36 months,7.35,A,A4,1 year,RENT,42000.0,Nov-2017,credit_card,30.89,715.0
134006141,14000.0, 36 months,5.31,A,A1,10+ years,OWN,155500.0,May-2018,credit_card,13.02,690.0
137886570,22000.0, 36 months,7.21,A,A3,< 1 year,MORTGAGE,70000.0,Aug-2018,credit_card,21.57,710.0
70781378,28000.0, 36 months,5.32,A,A1,10+ years,RENT,121000.0,Feb-2016,credit_card,15.63,695.0
144300625,15000.0, 36 months,7.56,A,A3,10+ years,RENT,67000.0,Dec-2018,credit_card,39.71,745.0
51906603,5000.0, 36 months,7.89,A,A5,10+ years,MORTGAGE,67352.0,Jun-2015,debt_consolidation,2.48,675.0
630959,10000.0, 36 months,5.79,A,A2,6 years,MORTGAGE,75000.0,Dec-2010,home_improvement,15.79,760.0
96558788,12800.0, 36 months,5.32,A,A1,< 1 year,MORTGAGE,145000.0,Jan-2017,debt_consolidation,18.53,740.0
589786,7750.0, 36 months,7.88,A,A5,2 years,OWN,23004.0,Oct-2010,debt_consolidation,24.05,725.0
140325734,15000.0, 36 months,8.46,A,A5,10+ years,OWN,85000.0,Sep-2018,credit_card,13.77,750.0
129464380,8000.0, 36 months,6.07,A,A2,10+ years,OWN,65997.0,Mar-2018,major_purchase,21.49,785.0
95397184,8000.0, 36 months,6.99,A,A2,< 1 year,MORTGAGE,40000.0,Dec-2016,debt_consolidation,17.31,750.0
123326536,25000.0, 36 months,7.97,A,A5,5 years,MORTGAGE,175000.0,Nov-2017,credit_card,9.13,690.0
121828121,9600.0, 36 months,7.97,A,A5,10+ years,RENT,52000.0,Oct-2017,debt_consolidation,24.81,725.0
144786214,16000.0, 60 months,8.19,A,A4,10+ years,OWN,85000.0,Dec-2018,debt_consolidation,9.71,770.0
38444650,30000.0, 36 months,7.49,A,A4,1 year,RENT,130000.0,Feb-2015,debt_consolidation,0.46,750.0
144540029,40000.0, 36 months,6.46,A,A1,6 years,MORTGAGE,127000.0,Dec-2018,credit_card,28.14,765.0
61451308,7000.0, 36 months,7.26,A,A4,2 years,RENT,60000.0,Oct-2015,credit_card,20.18,680.0
125470336,5000.0, 36 months,6.08,A,A2,3 years,RENT,30000.0,Dec-2017,debt_consolidation,13.76,785.0
43440637,5000.0, 36 months,6.92,A,A4,10+ years,MORTGAGE,60000.0,Mar-2015,debt_consolidation,33.17,780.0
61482232,12000.0, 60 months,7.89,A,A5,1 year,RENT,40000.0,Oct-2015,credit_card,13.5,745.0
58713003,9000.0, 36 months,7.26,A,A4,4 years,OWN,71000.0,Sep-2015,debt_consolidation,10.25,690.0
67515725,24000.0, 36 months,6.89,A,A3,10+ years,MORTGAGE,90000.0,Dec-2015,debt_consolidation,14.59,730.0
48744153,10000.0, 36 months,7.89,A,A5,6 years,RENT,52500.0,May-2015,debt_consolidation,21.6,740.0
59070371,22400.0, 36 months,7.89,A,A5,4 years,MORTGAGE,137000.0,Sep-2015,credit_card,9.5,695.0
143922515,10000.0, 36 months,8.81,A,A5,10+ years,MORTGAGE,94000.0,Nov-2018,debt_consolidation,1.07,800.0
115384818,17000.0, 36 months,7.97,A,A5,3 years,RENT,80000.0,Aug-2017,debt_consolidation,9.71,695.0
120403960,7500.0, 36 months,7.35,A,A4,2 years,RENT,36000.0,Nov-2017,debt_consolidation,5.53,720.0
48614685,18000.0, 36 months,7.89,A,A5,,MORTGAGE,140000.0,May-2015,debt_consolidation,4.61,675.0
96003507,25000.0, 60 months,7.99,A,A5,2 years,MORTGAGE,145000.0,Jan-2017,credit_card,20.96,770.0
77496700,7500.0, 36 months,5.32,A,A1,6 years,RENT,40202.0,Apr-2016,credit_card,23.68,690.0
136606230,10000.0, 36 months,7.21,A,A3,4 years,MORTGAGE,52200.0,Jul-2018,credit_card,17.7,790.0
49783520,5000.0, 36 months,7.26,A,A4,10+ years,MORTGAGE,70000.0,May-2015,other,20.83,715.0
92500983,10900.0, 36 months,6.99,A,A2,10+ years,RENT,98800.0,Nov-2016,debt_consolidation,14.59,785.0
120141235,6200.0, 36 months,7.35,A,A4,10+ years,MORTGAGE,119400.0,Oct-2017,debt_consolidation,15.48,730.0
91032249,30000.0, 36 months,6.99,A,A2,10+ years,MORTGAGE,200000.0,Oct-2016,debt_consolidation,7.93,805.0
33380401,6000.0, 36 months,7.12,A,A3,6 years,MORTGAGE,82136.0,Oct-2014,debt_consolidation,18.25,690.0
138054092,5000.0, 36 months,7.84,A,A4,10+ years,OWN,35000.0,Aug-2018,debt_consolidation,27.85,775.0
133130279,8000.0, 36 months,6.19,A,A2,,MORTGAGE,33000.0,May-2018,debt_consolidation,12.98,740.0
141091015,32000.0, 60 months,6.11,A,A1,10+ years,RENT,100000.0,Oct-2018,debt_consolidation,16.34,715.0
125676740,12000.0, 60 months,7.35,A,A4,1 year,MORTGAGE,65000.0,Dec-2017,home_improvement,14.01,735.0
133432186,25000.0, 36 months,6.19,A,A2,10+ years,MORTGAGE,65000.0,May-2018,credit_card,17.47,725.0
72724917,3500.0, 36 months,7.39,A,A4,1 year,RENT,42000.0,Feb-2016,credit_card,22.11,735.0
35166408,11000.0, 36 months,6.99,A,A3,2 years,RENT,50000.0,Nov-2014,credit_card,12.13,705.0
1149580,9600.0, 36 months,7.62,A,A3,5 years,RENT,75000.0,Feb-2012,debt_consolidation,24.13,735.0
126193819,2000.0, 36 months,6.72,A,A3,3 years,MORTGAGE,100000.0,Dec-2017,small_business,13.37,715.0
32400007,10000.0, 36 months,7.12,A,A3,5 years,MORTGAGE,65000.0,Oct-2014,major_purchase,2.37,705.0
89805204,4000.0, 36 months,6.99,A,A2,10+ years,OWN,50000.0,Sep-2016,debt_consolidation,10.08,750.0
70032345,15300.0, 36 months,7.49,A,A4,10+ years,RENT,60000.0,Jan-2016,debt_consolidation,31.98,690.0
10444774,7775.0, 36 months,8.9,A,A5,10+ years,MORTGAGE,87000.0,Jan-2014,debt_consolidation,15.59,715.0
77519415,10000.0, 36 months,5.32,A,A1,,OWN,45000.0,May-2016,home_improvement,3.73,800.0
143907297,11000.0, 36 months,7.02,A,A2,3 years,RENT,100000.0,Dec-2018,debt_consolidation,25.17,755.0
121280826,36000.0, 36 months,5.32,A,A1,7 years,MORTGAGE,150000.0,Oct-2017,debt_consolidation,15.81,775.0
87204633,12000.0, 36 months,6.99,A,A2,6 years,MORTGAGE,57700.0,Aug-2016,debt_consolidation,2.27,690.0
107028729,12500.0, 36 months,7.21,A,A3,10+ years,MORTGAGE,68000.0,May-2017,debt_consolidation,9.53,745.0
138061466,37000.0, 36 months,6.11,A,A1,8 years,MORTGAGE,68000.0,Aug-2018,debt_consolidation,17.35,700.0
34272931,4000.0, 36 months,8.19,A,A5,8 years,MORTGAGE,80000.0,Nov-2014,debt_consolidation,13.25,710.0
41109361,26000.0, 36 months,5.93,A,A1,2 years,OWN,105000.0,Feb-2015,debt_consolidation,12.61,820.0
39741341,25000.0, 36 months,6.49,A,A2,9 years,RENT,56000.0,Jan-2015,debt_consolidation,7.42,685.0
27491082,16500.0, 36 months,6.49,A,A2,5 years,MORTGAGE,120000.0,Sep-2014,credit_card,8.86,730.0
68417213,6000.0, 36 months,7.49,A,A4,2 years,RENT,27000.0,Jan-2016,debt_consolidation,29.02,680.0
76679036,9000.0, 36 months,5.32,A,A1,10+ years,MORTGAGE,89000.0,Apr-2016,debt_consolidation,14.46,705.0
46406946,18000.0, 36 months,7.89,A,A5,3 years,MORTGAGE,90000.0,Apr-2015,debt_consolidation,31.05,670.0
138811150,40000.0, 36 months,6.11,A,A1,< 1 year,OWN,256335.0,Aug-2018,credit_card,24.44,725.0
54394736,20000.0, 36 months,7.89,A,A5,8 years,RENT,63000.0,Jul-2015,credit_card,14.5,715.0
68986836,20000.0, 36 months,7.49,A,A4,6 years,OWN,128000.0,Jan-2016,credit_card,26.46,690.0
98945397,24000.0, 36 months,5.32,A,A1,< 1 year,OWN,110000.0,Feb-2017,credit_card,20.98,740.0
117237165,12000.0, 36 months,5.32,A,A1,4 years,RENT,123000.0,Aug-2017,credit_card,13.59,790.0
8637515,17000.0, 36 months,7.9,A,A4,1 year,MORTGAGE,90000.0,Nov-2013,debt_consolidation,8.35,695.0
1459059,6500.0, 36 months,7.9,A,A4,3 years,MORTGAGE,102000.0,Aug-2012,major_purchase,7.35,705.0
116259601,10000.0, 60 months,7.97,A,A5,7 years,MORTGAGE,111000.0,Aug-2017,home_improvement,18.04,720.0
131400196,5500.0, 36 months,6.07,A,A2,,MORTGAGE,42000.0,Apr-2018,medical,3.66,770.0
130530605,6500.0, 36 months,5.31,A,A1,10+ years,MORTGAGE,44000.0,Mar-2018,credit_card,39.42,700.0
2644934,8000.0, 36 months,8.9,A,A5,2 years,MORTGAGE,100000.0,Dec-2012,credit_card,18.6,690.0
41152304,25000.0, 60 months,7.89,A,A5,< 1 year,MORTGAGE,153920.0,Mar-2015,credit_card,14.79,710.0
130378480,14850.0, 36 months,7.34,A,A4,4 years,OWN,42000.0,Apr-2018,debt_consolidation,22.86,800.0
75748518,28000.0, 36 months,7.39,A,A4,10+ years,MORTGAGE,360000.0,Mar-2016,debt_consolidation,11.17,675.0
4568460,6000.0, 36 months,6.03,A,A1,10+ years,MORTGAGE,68205.0,May-2013,credit_card,8.15,825.0
40501552,6600.0, 36 months,8.19,A,A5,1 year,RENT,21000.0,Feb-2015,credit_card,10.46,740.0
134906148,40000.0, 36 months,8.08,A,A5,8 years,MORTGAGE,155000.0,Jun-2018,house,0.19,690.0
16281458,15600.0, 36 months,8.39,A,A5,6 years,MORTGAGE,114000.0,May-2014,debt_consolidation,17.22,715.0
75269642,5000.0, 36 months,6.49,A,A2,10+ years,MORTGAGE,100000.0,Mar-2016,debt_consolidation,6.3,705.0
132310973,7500.0, 36 months,6.71,A,A3,7 years,OWN,85000.0,May-2018,debt_consolidation,7.7,765.0
126796856,10000.0, 36 months,6.72,A,A3,2 years,MORTGAGE,21496.0,Feb-2018,debt_consolidation,6.92,725.0
63428165,15000.0, 36 months,6.24,A,A2,,MORTGAGE,55000.0,Oct-2015,major_purchase,19.35,805.0
55999811,13200.0, 60 months,7.89,A,A5,3 years,RENT,50000.0,Jul-2015,credit_card,16.87,745.0
102076323,10000.0, 36 months,5.32,A,A1,10+ years,RENT,125000.0,Mar-2017,debt_consolidation,10.6,805.0
56944816,18000.0, 36 months,5.32,A,A1,10+ years,MORTGAGE,115000.0,Aug-2015,credit_card,15.84,765.0
81018889,15000.0, 36 months,6.97,A,A3,10+ years,OWN,96000.0,Jun-2016,credit_card,9.63,695.0
79330831,12000.0, 36 months,5.32,A,A1,5 years,MORTGAGE,90000.0,May-2016,debt_consolidation,8.12,800.0
32299109,12000.0, 36 months,8.39,A,A5,3 years,MORTGAGE,125000.0,Nov-2014,credit_card,14.06,680.0
61532237,6000.0, 36 months,7.89,A,A5,10+ years,RENT,133296.0,Oct-2015,home_improvement,2.41,680.0
23053236,7500.0, 36 months,6.03,A,A1,< 1 year,OWN,95000.0,Aug-2014,major_purchase,15.63,790.0
143917071,9500.0, 36 months,7.02,A,A2,< 1 year,RENT,45000.0,Nov-2018,credit_card,17.87,720.0
60645784,20000.0, 36 months,6.24,A,A2,< 1 year,RENT,75000.0,Sep-2015,debt_consolidation,22.21,685.0
123613927,6000.0, 36 months,6.08,A,A2,10+ years,OWN,50000.0,Nov-2017,car,31.82,775.0
7387872,11075.0, 36 months,7.62,A,A3,,RENT,32160.0,Sep-2013,debt_consolidation,13.73,750.0
127168064,3200.0, 36 months,7.97,A,A5,4 years,MORTGAGE,65000.0,Jan-2018,other,18.0,740.0
771753,10000.0, 36 months,5.42,A,A1,,MORTGAGE,66000.0,Jun-2011,other,2.96,790.0
128237310,18000.0, 36 months,6.08,A,A2,10+ years,MORTGAGE,58000.0,Feb-2018,credit_card,21.52,775.0
139611422,8000.0, 36 months,8.46,A,A5,10+ years,RENT,125000.0,Sep-2018,debt_consolidation,18.92,715.0
31216406,5000.0, 36 months,6.49,A,A2,1 year,RENT,40000.0,Oct-2014,credit_card,13.68,675.0
132061151,8000.0, 36 months,7.96,A,A5,9 years,MORTGAGE,42000.0,Apr-2018,debt_consolidation,35.69,685.0
113121500,18000.0, 36 months,7.07,A,A2,8 years,MORTGAGE,160000.0,Jul-2017,debt_consolidation,12.05,725.0
112605591,10000.0, 36 months,5.32,A,A1,10+ years,MORTGAGE,70000.0,Jul-2017,debt_consolidation,19.63,745.0
46346948,7500.0, 36 months,6.92,A,A4,10+ years,RENT,55000.0,Apr-2015,debt_consolidation,19.77,710.0
145270707,8875.0, 36 months,8.19,A,A4,9 years,MORTGAGE,101000.0,Dec-2018,credit_card,13.06,775.0
38464463,6500.0, 36 months,6.49,A,A2,10+ years,MORTGAGE,49000.0,Jan-2015,debt_consolidation,4.41,685.0
65733888,30000.0, 36 months,7.89,A,A5,10+ years,MORTGAGE,95000.0,Nov-2015,credit_card,28.08,735.0
136205417,1500.0, 36 months,6.67,A,A2,2 years,RENT,48800.0,Jul-2018,credit_card,11.16,750.0
75222844,14150.0, 36 months,7.89,A,A5,10+ years,MORTGAGE,55539.0,Mar-2016,debt_consolidation,28.11,700.0
27180242,10000.0, 36 months,7.12,A,A3,,MORTGAGE,116868.0,Sep-2014,debt_consolidation,6.13,725.0
16482532,5500.0, 36 months,6.03,A,A1,< 1 year,MORTGAGE,93000.0,May-2014,credit_card,6.77,810.0
1302934,12000.0, 36 months,8.9,A,A5,7 years,OWN,124000.0,Jun-2012,moving,6.7,715.0
1257211,11625.0, 36 months,6.03,A,A1,7 years,MORTGAGE,45000.0,May-2012,home_improvement,5.68,755.0
106195229,8000.0, 36 months,6.99,A,A2,7 years,MORTGAGE,120000.0,Apr-2017,debt_consolidation,10.56,720.0
30595668,20000.0, 36 months,6.03,A,A1,3 years,MORTGAGE,150000.0,Oct-2014,debt_consolidation,21.77,705.0
79671141,15500.0, 36 months,5.32,A,A1,10+ years,RENT,45000.0,May-2016,debt_consolidation,29.63,770.0
2014734,8000.0, 36 months,8.9,A,A5,5 years,OWN,31000.0,Nov-2012,credit_card,9.99,710.0
58872284,25000.0, 36 months,7.89,A,A5,9 years,RENT,120000.0,Aug-2015,credit_card,15.72,690.0
77439572,10000.0, 36 months,7.89,A,A5,10+ years,OWN,53543.0,Apr-2016,credit_card,30.49,690.0
77566329,40000.0, 36 months,6.49,A,A2,8 years,OWN,150000.0,May-2016,other,22.4,760.0
127508157,15600.0, 36 months,7.97,A,A5,10+ years,MORTGAGE,210000.0,Jan-2018,credit_card,18.12,710.0
68378887,7200.0, 36 months,7.91,A,A5,9 years,RENT,71500.0,Jan-2016,credit_card,11.18,710.0
50546296,17675.0, 36 months,6.24,A,A2,5 years,MORTGAGE,100000.0,Jun-2015,credit_card,13.24,735.0
115175797,15550.0, 36 months,5.32,A,A1,10+ years,MORTGAGE,90000.0,Aug-2017,debt_consolidation,10.27,745.0
78329710,16000.0, 60 months,7.39,A,A4,2 years,MORTGAGE,63000.0,May-2016,debt_consolidation,19.71,750.0
77471604,24000.0, 36 months,7.39,A,A4,1 year,RENT,85000.0,May-2016,other,7.39,760.0
141546741,3000.0, 36 months,7.84,A,A4,< 1 year,MORTGAGE,30000.0,Oct-2018,debt_consolidation,23.04,760.0
64098232,15000.0, 36 months,7.89,A,A5,< 1 year,OWN,147000.0,Nov-2015,credit_card,14.73,705.0
69347103,7200.0, 36 months,6.99,A,A3,5 years,OWN,35000.0,Jan-2016,debt_consolidation,22.5,765.0
126902999,10000.0, 36 months,7.35,A,A4,6 years,RENT,90000.0,Jan-2018,debt_consolidation,13.19,705.0
127589770,40000.0, 36 months,6.08,A,A2,10+ years,MORTGAGE,220000.0,Jan-2018,medical,10.49,790.0
75849224,13000.0, 36 months,5.32,A,A1,10+ years,MORTGAGE,52000.0,Mar-2016,debt_consolidation,34.32,795.0
139434417,20000.0, 36 months,8.46,A,A5,2 years,RENT,52000.0,Aug-2018,credit_card,22.62,700.0
21230912,22500.0, 36 months,6.49,A,A2,10+ years,MORTGAGE,120000.0,Jul-2014,credit_card,11.67,690.0
113864383,20000.0, 36 months,7.97,A,A5,10+ years,MORTGAGE,100000.0,Jul-2017,debt_consolidation,14.2,670.0
91513828,10000.0, 36 months,6.99,A,A2,8 years,RENT,75000.0,Oct-2016,credit_card,17.68,745.0
90154659,15000.0, 36 months,5.32,A,A1,10+ years,MORTGAGE,72000.0,Sep-2016,credit_card,9.55,750.0
77499857,11200.0, 36 months,5.32,A,A1,9 years,MORTGAGE,99000.0,May-2016,credit_card,12.17,715.0
141333788,17000.0, 36 months,6.11,A,A1,5 years,MORTGAGE,107000.0,Oct-2018,debt_consolidation,8.97,685.0
144143700,5000.0, 36 months,7.56,A,A3,2 years,RENT,71000.0,Nov-2018,credit_card,16.92,710.0
138632864,10000.0, 36 months,7.21,A,A3,3 years,MORTGAGE,54500.0,Aug-2018,debt_consolidation,15.36,695.0
138487766,16000.0, 36 months,8.46,A,A5,10+ years,MORTGAGE,82000.0,Aug-2018,debt_consolidation,6.85,715.0
28151986,22400.0, 36 months,6.49,A,A2,1 year,MORTGAGE,120000.0,Oct-2014,credit_card,17.26,700.0
136461376,6000.0, 36 months,8.46,A,A5,10+ years,MORTGAGE,88000.0,Aug-2018,debt_consolidation,10.23,715.0
110025524,2000.0, 36 months,7.97,A,A5,3 years,OWN,29000.0,May-2017,home_improvement,8.44,765.0
140571377,20000.0, 36 months,6.11,A,A1,10+ years,MORTGAGE,100000.0,Oct-2018,debt_consolidation,8.66,680.0
145274936,14000.0, 60 months,8.19,A,A4,5 years,MORTGAGE,92000.0,Dec-2018,debt_consolidation,16.46,755.0
11306031,12000.0, 36 months,6.03,A,A1,< 1 year,MORTGAGE,85000.0,Feb-2014,credit_card,2.68,760.0
69038296,8000.0, 36 months,7.91,A,A5,,RENT,33000.0,Jan-2016,car,29.49,680.0
15259246,8450.0, 36 months,6.03,A,A1,4 years,MORTGAGE,80000.0,Apr-2014,credit_card,15.78,700.0
112675392,3000.0, 36 months,7.35,A,A4,2 years,OWN,29000.0,Jul-2017,debt_consolidation,29.47,725.0
100024717,26000.0, 36 months,7.49,A,A4,4 years,MORTGAGE,52000.0,Mar-2017,debt_consolidation,15.9,775.0
96329674,17000.0, 36 months,7.49,A,A4,2 years,RENT,220000.0,Jan-2017,credit_card,6.13,710.0
132472321,10000.0, 36 months,7.96,A,A5,1 year,RENT,64800.0,May-2018,vacation,11.22,695.0
66525331,20000.0, 36 months,5.32,A,A1,3 years,RENT,138000.0,Dec-2015,debt_consolidation,6.22,700.0
65423245,5750.0, 36 months,5.32,A,A1,2 years,RENT,52000.0,Nov-2015,credit_card,14.15,695.0
131718764,15000.0, 36 months,6.71,A,A3,2 years,RENT,65000.0,Apr-2018,debt_consolidation,12.99,755.0
131613083,5000.0, 36 months,5.31,A,A1,1 year,RENT,42000.0,Apr-2018,credit_card,22.5,725.0
139229006,20000.0, 36 months,6.11,A,A1,2 years,RENT,98273.0,Aug-2018,credit_card,19.03,715.0
75780554,31000.0, 36 months,5.32,A,A1,< 1 year,MORTGAGE,145000.0,Mar-2016,debt_consolidation,13.57,835.0
127051114,8300.0, 36 months,5.32,A,A1,< 1 year,RENT,94000.0,Jan-2018,credit_card,23.87,745.0
75377734,25000.0, 36 months,6.49,A,A2,10+ years,OWN,150000.0,Apr-2016,debt_consolidation,30.97,705.0
134123225,7000.0, 36 months,5.31,A,A1,10+ years,MORTGAGE,90000.0,May-2018,credit_card,13.52,685.0
41021031,12000.0, 36 months,6.92,A,A4,< 1 year,RENT,148000.0,Feb-2015,debt_consolidation,5.77,700.0
95324514,12000.0, 36 months,6.99,A,A2,1 year,RENT,60000.0,Dec-2016,credit_card,17.72,710.0
48635004,9600.0, 36 months,7.89,A,A5,10+ years,MORTGAGE,82000.0,May-2015,debt_consolidation,16.8,710.0
133629269,10000.0, 36 months,7.46,A,A4,< 1 year,MORTGAGE,68000.0,May-2018,credit_card,25.63,700.0
59512415,20000.0, 36 months,6.89,A,A3,7 years,MORTGAGE,104000.0,Sep-2015,debt_consolidation,10.18,690.0
1113592,8000.0, 36 months,7.9,A,A4,4 years,MORTGAGE,60000.0,Feb-2012,credit_card,26.65,730.0
1172473,8875.0, 36 months,7.62,A,A3,8 years,MORTGAGE,62250.0,Mar-2012,debt_consolidation,26.74,725.0
8656299,23400.0, 36 months,6.49,A,A2,1 year,MORTGAGE,110000.0,Aug-2014,debt_consolidation,9.15,770.0
126626553,10000.0, 36 months,7.97,A,A5,,OWN,40000.0,Jan-2018,debt_consolidation,25.62,685.0
111130529,7000.0, 36 months,7.97,A,A5,10+ years,MORTGAGE,50000.0,Jun-2017,home_improvement,26.76,720.0
138269573,25000.0, 60 months,6.11,A,A1,10+ years,MORTGAGE,140000.0,Aug-2018,credit_card,32.5,750.0
16151918,7000.0, 36 months,6.49,A,A2,2 years,RENT,34000.0,May-2014,debt_consolidation,17.97,750.0
145132708,13500.0, 36 months,7.02,A,A2,1 year,OWN,80000.0,Dec-2018,debt_consolidation,12.53,680.0
110111995,10000.0, 36 months,7.21,A,A3,,RENT,105000.0,Jun-2017,debt_consolidation,28.43,680.0
46105027,10000.0, 36 months,6.92,A,A4,,RENT,50000.0,Apr-2015,debt_consolidation,24.32,675.0
123991714,3000.0, 36 months,7.35,A,A4,5 years,MORTGAGE,60000.0,Dec-2017,home_improvement,25.64,730.0
56673076,12000.0, 60 months,7.89,A,A5,,RENT,25000.0,Jul-2015,credit_card,13.54,745.0
127798465,10500.0, 36 months,5.32,A,A1,4 years,MORTGAGE,100500.0,Feb-2018,debt_consolidation,10.6,730.0
132814305,6000.0, 36 months,7.96,A,A5,10+ years,RENT,35000.0,May-2018,debt_consolidation,6.31,735.0
63478920,14000.0, 36 months,5.32,A,A1,2 years,RENT,48000.0,Nov-2015,credit_card,28.48,735.0
132457692,21000.0, 36 months,6.07,A,A2,10+ years,OWN,98100.0,Apr-2018,other,13.28,825.0
140405344,20000.0, 36 months,8.46,A,A5,< 1 year,MORTGAGE,90000.0,Sep-2018,debt_consolidation,8.52,715.0
144234837,1000.0, 36 months,7.56,A,A3,,RENT,12516.0,Nov-2018,moving,33.37,785.0
140461205,10000.0, 36 months,6.11,A,A1,2 years,RENT,75000.0,Sep-2018,debt_consolidation,12.85,700.0
134648096,10000.0, 36 months,6.83,A,A3,10+ years,RENT,68000.0,Jun-2018,credit_card,31.27,725.0
3846886,21000.0, 36 months,7.9,A,A4,10+ years,MORTGAGE,120000.0,Apr-2013,debt_consolidation,12.19,710.0
127033641,4500.0, 36 months,6.08,A,A2,< 1 year,RENT,40000.0,Jan-2018,debt_consolidation,6.96,735.0
6531692,20000.0, 36 months,6.24,A,A2,2 years,RENT,102500.0,Jul-2015,credit_card,7.31,740.0
74581855,20000.0, 36 months,7.39,A,A4,10+ years,MORTGAGE,105000.0,Mar-2016,credit_card,15.22,680.0
68682365,10000.0, 36 months,6.49,A,A2,10+ years,OWN,100000.0,Jan-2016,debt_consolidation,10.62,775.0
110077175,18000.0, 36 months,7.97,A,A5,3 years,RENT,72600.0,May-2017,debt_consolidation,21.74,740.0
28642914,21000.0, 36 months,7.69,A,A4,3 years,RENT,185000.0,Oct-2014,debt_consolidation,3.93,710.0
99511005,3000.0, 36 months,7.49,A,A4,10+ years,MORTGAGE,42000.0,Feb-2017,car,11.26,700.0
141339764,1500.0, 36 months,7.84,A,A4,,OWN,70000.0,Oct-2018,other,3.51,790.0
10736204,15000.0, 36 months,8.9,A,A5,7 years,MORTGAGE,120000.0,Jan-2014,home_improvement,18.73,675.0
141112163,20000.0, 36 months,6.11,A,A1,10+ years,RENT,120000.0,Oct-2018,debt_consolidation,9.11,685.0
8774664,12000.0, 36 months,8.9,A,A5,10+ years,MORTGAGE,62000.0,Nov-2013,debt_consolidation,10.7,710.0
143650212,5000.0, 36 months,8.81,A,A5,8 years,RENT,106000.0,Nov-2018,home_improvement,9.87,750.0
113127033,7500.0, 36 months,7.21,A,A3,,OWN,52000.0,Jul-2017,debt_consolidation,27.69,690.0
361677,4000.0, 36 months,9.38,A,A5,5 years,MORTGAGE,120000.0,Nov-2008,home_improvement,6.46,725.0
50204210,9000.0, 36 months,6.89,A,A3,3 years,MORTGAGE,100000.0,Jun-2015,debt_consolidation,10.26,695.0
113912394,5600.0, 36 months,7.97,A,A5,4 years,RENT,70000.0,Aug-2017,debt_consolidation,17.03,765.0
60276416,4000.0, 36 months,6.89,A,A3,< 1 year,RENT,37440.0,Sep-2015,debt_consolidation,15.8,730.0
86944193,14000.0, 36 months,5.32,A,A1,< 1 year,OWN,72000.0,Aug-2016,credit_card,19.94,725.0
1239426,1000.0, 36 months,7.62,A,A3,,OWN,16980.0,Apr-2012,other,18.73,720.0
118206476,4400.0, 36 months,7.21,A,A3,< 1 year,RENT,30000.0,Sep-2017,debt_consolidation,2.0,725.0
97555160,13000.0, 36 months,5.32,A,A1,10+ years,MORTGAGE,110000.0,Feb-2017,credit_card,25.57,780.0
134042125,5500.0, 36 months,5.31,A,A1,,MORTGAGE,55000.0,May-2018,credit_card,5.59,680.0
75941512,5000.0, 36 months,5.32,A,A1,2 years,RENT,21000.0,Mar-2016,major_purchase,7.89,720.0
40593946,9975.0, 36 months,7.49,A,A4,1 year,MORTGAGE,28000.0,Feb-2015,debt_consolidation,14.44,710.0
134963756,2000.0, 36 months,6.83,A,A3,< 1 year,RENT,45000.0,Jun-2018,moving,17.15,760.0
78116175,10000.0, 36 months,7.39,A,A4,1 year,RENT,35148.0,May-2016,debt_consolidation,19.94,730.0
143086112,4500.0, 36 months,8.46,A,A5,,OWN,70000.0,Nov-2018,medical,19.53,695.0
140954749,10000.0, 36 months,7.84,A,A4,,RENT,48000.0,Sep-2018,credit_card,18.15,730.0
119337453,7000.0, 36 months,7.97,A,A5,10+ years,RENT,60000.0,Sep-2017,debt_consolidation,14.9,685.0
121799818,10000.0, 36 months,7.97,A,A5,10+ years,MORTGAGE,75000.0,Nov-2017,credit_card,25.06,665.0
116154114,24000.0, 36 months,5.32,A,A1,< 1 year,MORTGAGE,125000.0,Aug-2017,other,7.07,775.0
3914664,8600.0, 36 months,8.9,A,A5,10+ years,RENT,63000.0,Apr-2013,debt_consolidation,23.75,745.0
121390101,10000.0, 36 months,7.21,A,A3,6 years,MORTGAGE,120000.0,Oct-2017,home_improvement,14.99,775.0
108970980,7000.0, 36 months,7.97,A,A5,,OWN,44000.0,May-2017,debt_consolidation,13.94,710.0
125197028,7000.0, 36 months,7.35,A,A4,10+ years,RENT,40000.0,Dec-2017,debt_consolidation,21.85,720.0
109341773,15000.0, 60 months,7.97,A,A5,10+ years,MORTGAGE,70000.0,May-2017,debt_consolidation,9.62,805.0
55160138,8000.0, 36 months,6.24,A,A2,< 1 year,RENT,110000.0,Jul-2015,credit_card,5.4,715.0
50920180,8800.0, 36 months,7.26,A,A4,10+ years,MORTGAGE,30000.0,Jun-2015,debt_consolidation,12.68,780.0
76225245,10000.0, 36 months,6.49,A,A2,10+ years,MORTGAGE,105000.0,Apr-2016,debt_consolidation,16.69,740.0
125957989,10800.0, 36 months,6.72,A,A3,5 years,OWN,215000.0,Dec-2017,car,4.96,705.0
130148497,6000.0, 36 months,7.34,A,A4,4 years,RENT,48000.0,Mar-2018,debt_consolidation,10.6,730.0
107659998,6000.0, 36 months,7.24,A,A3,< 1 year,RENT,35000.0,May-2017,debt_consolidation,13.2,755.0
126154600,14000.0, 36 months,11.99,B,B5,10+ years,OWN,126000.0,Dec-2017,vacation,13.83,670.0
24696318,21000.0, 60 months,10.99,B,B4,7 years,MORTGAGE,90000.0,Apr-2015,credit_card,13.41,680.0
17462895,19500.0, 36 months,11.67,B,B4,4 years,RENT,90000.0,May-2014,debt_consolidation,8.07,685.0
5031747,5675.0, 36 months,11.14,B,B2,9 years,RENT,27000.0,May-2013,debt_consolidation,15.64,685.0
137630322,20000.0, 60 months,10.08,B,B1,8 years,OWN,92000.0,Jul-2018,debt_consolidation,12.05,815.0
98267240,3600.0, 36 months,11.49,B,B5,10+ years,MORTGAGE,90000.0,Feb-2017,car,29.61,745.0
78879622,8350.0, 36 months,11.47,B,B5,10+ years,OWN,56000.0,May-2016,other,15.97,665.0
38494684,13000.0, 60 months,11.44,B,B4,10+ years,MORTGAGE,89000.0,Jan-2015,car,23.67,690.0
54258558,8000.0, 36 months,9.17,B,B2,3 years,MORTGAGE,60000.0,Jul-2015,debt_consolidation,18.94,690.0
119692082,8500.0, 36 months,9.44,B,B1,,RENT,53000.0,Sep-2017,debt_consolidation,14.11,690.0
63444460,25000.0, 36 months,11.53,B,B5,10+ years,OWN,82686.0,Oct-2015,other,26.05,745.0
61464335,25000.0, 60 months,10.99,B,B4,10+ years,OWN,310000.0,Oct-2015,debt_consolidation,18.03,695.0
69427172,7500.0, 36 months,8.49,B,B1,10+ years,MORTGAGE,36000.0,Jan-2016,debt_consolidation,6.0,670.0
96799482,18000.0, 60 months,11.44,B,B4,3 years,RENT,68000.0,Jan-2017,debt_consolidation,19.04,685.0
113154111,20000.0, 36 months,10.91,B,B4,10+ years,OWN,65000.0,Jul-2017,medical,11.0,665.0
6204922,1000.0, 36 months,13.05,B,B5,10+ years,OWN,60000.0,Jul-2013,debt_consolidation,24.49,700.0
20068305,6000.0, 36 months,9.17,B,B2,10+ years,MORTGAGE,60000.0,Dec-2015,debt_consolidation,8.56,670.0
31707732,10000.0, 36 months,11.67,B,B4,8 years,MORTGAGE,27000.0,Oct-2014,debt_consolidation,13.02,680.0
131388439,36625.0, 36 months,11.98,B,B5,7 years,RENT,125000.0,Apr-2018,credit_card,18.65,660.0
130096157,13000.0, 60 months,11.98,B,B5,10+ years,MORTGAGE,115000.0,Mar-2018,other,19.17,750.0
126415004,5000.0, 36 months,10.42,B,B3,,RENT,30000.0,Jan-2018,debt_consolidation,3.68,680.0
13076370,5400.0, 36 months,11.99,B,B3,10+ years,MORTGAGE,43500.0,Apr-2014,debt_consolidation,20.5,675.0
76393672,3000.0, 36 months,10.75,B,B4,< 1 year,MORTGAGE,35000.0,Apr-2016,car,34.5,660.0
131911216,10000.0, 60 months,9.43,B,B1,2 years,MORTGAGE,40000.0,Apr-2018,home_improvement,7.77,730.0
141583516,6000.0, 36 months,11.06,B,B3,10+ years,MORTGAGE,100000.0,Oct-2018,debt_consolidation,8.47,720.0
75271496,22400.0, 60 months,10.75,B,B4,,MORTGAGE,56000.0,May-2016,credit_card,18.77,690.0
81545446,28000.0, 36 months,9.16,B,B2,10+ years,OWN,225000.0,Jun-2016,debt_consolidation,6.31,705.0
46284519,10000.0, 36 months,10.99,B,B4,3 years,MORTGAGE,65000.0,Apr-2015,debt_consolidation,14.84,675.0
133598607,24000.0, 60 months,9.58,B,B1,1 year,MORTGAGE,90000.0,Jun-2018,major_purchase,4.8,775.0
111099079,20000.0, 60 months,9.44,B,B1,< 1 year,MORTGAGE,30160.0,Jun-2017,debt_consolidation,20.37,780.0
131707644,19000.0, 36 months,9.43,B,B1,10+ years,OWN,290000.0,Apr-2018,debt_consolidation,0.14,795.0
143618400,25600.0, 60 months,10.33,B,B1,6 years,OWN,50000.0,Nov-2018,debt_consolidation,3.55,780.0
66550190,30000.0, 60 months,11.22,B,B5,10+ years,MORTGAGE,75000.0,Dec-2015,credit_card,29.07,700.0
138146826,3500.0, 36 months,11.06,B,B3,< 1 year,MORTGAGE,125000.0,Sep-2018,credit_card,8.98,710.0
40430224,30000.0, 36 months,11.44,B,B4,10+ years,MORTGAGE,75000.0,Jan-2015,credit_card,13.79,725.0
81443683,8000.0, 36 months,9.75,B,B3,1 year,RENT,50000.0,Jun-2016,debt_consolidation,12.96,700.0
68463503,10700.0, 36 months,9.17,B,B2,5 years,RENT,47000.0,Jan-2016,credit_card,16.83,720.0
56563164,3600.0, 36 months,9.17,B,B2,2 years,RENT,126000.0,Aug-2015,credit_card,13.99,665.0
26018242,32500.0, 36 months,9.17,B,B1,9 years,MORTGAGE,144000.0,Sep-2014,home_improvement,6.03,745.0
125701225,25000.0, 60 months,10.42,B,B3,1 year,RENT,80000.0,Dec-2017,other,10.07,705.0
142868265,6000.0, 36 months,10.08,B,B1,7 years,RENT,60000.0,Oct-2018,major_purchase,6.18,705.0
8981789,6000.0, 36 months,10.99,B,B2,8 years,MORTGAGE,68000.0,Nov-2013,debt_consolidation,24.78,720.0
60356899,10000.0, 36 months,11.53,B,B5,10+ years,MORTGAGE,65000.0,Sep-2015,debt_consolidation,4.1,730.0
135491047,12000.0, 36 months,10.07,B,B2,2 years,MORTGAGE,54800.0,Jun-2018,debt_consolidation,8.39,675.0
45634351,20000.0, 36 months,9.99,B,B3,1 year,MORTGAGE,70000.0,Apr-2015,credit_card,34.13,695.0
59279853,24000.0, 36 months,10.99,B,B4,10+ years,OWN,67500.0,Sep-2015,debt_consolidation,27.63,695.0
130558752,9000.0, 36 months,11.98,B,B5,10+ years,RENT,39000.0,Mar-2018,debt_consolidation,33.82,680.0
46347879,4000.0, 36 months,9.17,B,B2,10+ years,RENT,50000.0,May-2015,credit_card,6.46,680.0
5845030,11000.0, 36 months,10.16,B,B1,2 years,MORTGAGE,65000.0,Jul-2013,debt_consolidation,27.16,710.0
56000566,24000.0, 60 months,9.99,B,B3,10+ years,RENT,108000.0,Jul-2015,debt_consolidation,21.27,735.0
28863545,15000.0, 36 months,11.67,B,B4,,MORTGAGE,54081.84,Oct-2014,credit_card,26.21,720.0
65180781,10000.0, 36 months,9.99,B,B3,10+ years,MORTGAGE,82847.0,Nov-2015,home_improvement,26.91,670.0
53121749,4000.0, 36 months,8.18,B,B1,7 years,MORTGAGE,182500.0,Jun-2015,debt_consolidation,21.5,700.0
54968621,12000.0, 60 months,8.18,B,B1,2 years,MORTGAGE,72000.0,Jul-2015,debt_consolidation,17.92,750.0
121232949,9000.0, 36 months,9.44,B,B1,2 years,RENT,70000.0,Oct-2017,credit_card,10.22,670.0
77757,3000.0, 36 months,9.33,B,B3,< 1 year,OWN,20000.0,Jun-2007,other,10.0,710.0
91069684,4000.0, 36 months,10.49,B,B3,4 years,RENT,45000.0,Oct-2016,debt_consolidation,13.28,715.0
61360994,11400.0, 36 months,8.18,B,B1,10+ years,MORTGAGE,70000.0,Oct-2015,debt_consolidation,21.62,670.0
133761026,16000.0, 60 months,10.07,B,B2,9 years,RENT,175000.0,May-2018,medical,13.04,735.0
43945280,20000.0, 36 months,9.99,B,B3,4 years,RENT,130000.0,Mar-2015,credit_card,12.35,665.0
63364148,10000.0, 36 months,9.99,B,B3,9 years,RENT,30000.0,Oct-2015,credit_card,30.96,710.0
97629721,9000.0, 36 months,8.24,B,B1,10+ years,MORTGAGE,97000.0,Feb-2017,debt_consolidation,6.71,755.0
138921475,36000.0, 60 months,10.08,B,B1,10+ years,MORTGAGE,175000.0,Aug-2018,credit_card,10.34,805.0
46776163,15000.0, 36 months,8.18,B,B1,10+ years,RENT,70000.0,Apr-2015,debt_consolidation,16.53,750.0
143313068,11000.0, 36 months,10.33,B,B1,< 1 year,MORTGAGE,92400.0,Nov-2018,credit_card,17.44,665.0
87145489,2000.0, 36 months,9.49,B,B2,< 1 year,RENT,20000.0,Aug-2016,car,15.79,690.0
46486249,19200.0, 60 months,9.99,B,B3,5 years,MORTGAGE,71000.0,Apr-2015,credit_card,17.26,680.0
62287258,6000.0, 36 months,11.49,B,B5,10+ years,MORTGAGE,45000.0,Nov-2015,debt_consolidation,14.37,670.0
56020887,29000.0, 60 months,9.99,B,B3,4 years,MORTGAGE,85000.0,Jul-2015,credit_card,33.52,725.0
102046353,10000.0, 36 months,11.39,B,B3,10+ years,OWN,24000.0,Mar-2017,credit_card,22.3,740.0
519950,14400.0, 36 months,9.88,B,B1,3 years,MORTGAGE,67000.0,May-2010,debt_consolidation,23.21,730.0
12134944,10000.0, 36 months,9.67,B,B1,< 1 year,RENT,43000.0,Feb-2014,debt_consolidation,15.02,735.0
136042671,22000.0, 60 months,11.05,B,B4,< 1 year,RENT,4160000.0,Jul-2018,debt_consolidation,0.3,695.0
112849933,3000.0, 36 months,10.91,B,B4,< 1 year,RENT,49920.0,Jul-2017,debt_consolidation,14.64,665.0
12428253,7200.0, 36 months,11.99,B,B3,10+ years,OWN,36000.0,Mar-2014,debt_consolidation,10.8,690.0
144821746,3000.0, 36 months,11.8,B,B4,2 years,MORTGAGE,23500.0,Dec-2018,credit_card,7.35,660.0
32058888,8500.0, 36 months,12.49,B,B5,,RENT,36000.0,Oct-2014,debt_consolidation,34.6,680.0
46245502,13000.0, 36 months,9.17,B,B2,10+ years,RENT,73000.0,Apr-2015,credit_card,10.72,685.0
9836515,16000.0, 36 months,12.85,B,B4,2 years,RENT,100000.0,Dec-2013,credit_card,17.68,675.0
13118617,8000.0, 36 months,10.99,B,B2,10+ years,RENT,38000.0,Apr-2014,credit_card,8.88,670.0
126300507,15000.0, 60 months,9.93,B,B2,10+ years,OWN,56000.0,Dec-2017,debt_consolidation,38.86,770.0
115084505,3025.0, 36 months,9.44,B,B1,2 years,RENT,75000.0,Aug-2017,other,22.59,755.0
75839899,13200.0, 60 months,9.75,B,B3,< 1 year,RENT,68000.0,Mar-2016,credit_card,8.15,715.0
61017943,12000.0, 60 months,10.99,B,B4,< 1 year,RENT,41000.0,Oct-2015,debt_consolidation,13.35,685.0
57216263,28000.0, 60 months,10.99,B,B4,2 years,RENT,80000.0,Aug-2015,debt_consolidation,26.9,755.0
3194667,4500.0, 36 months,10.16,B,B1,10+ years,MORTGAGE,95000.0,Jan-2013,debt_consolidation,12.34,700.0
80005117,5000.0, 36 months,9.16,B,B2,8 years,MORTGAGE,40000.0,Jun-2016,major_purchase,23.88,660.0
74612514,6000.0, 36 months,10.75,B,B4,10+ years,MORTGAGE,57000.0,Mar-2016,debt_consolidation,12.51,710.0
141217664,16000.0, 60 months,12.73,B,B5,10+ years,RENT,30000.0,Oct-2018,credit_card,11.84,670.0
143028198,25000.0, 36 months,10.08,B,B1,1 year,RENT,90000.0,Nov-2018,debt_consolidation,5.7,685.0
7925892,11500.0, 36 months,13.67,B,B5,2 years,RENT,35000.0,Oct-2013,credit_card,31.58,690.0
136547048,6000.0, 36 months,11.55,B,B4,10+ years,MORTGAGE,214255.0,Jul-2018,home_improvement,27.01,670.0
126205077,16000.0, 36 months,10.91,B,B4,10+ years,RENT,70000.0,Jan-2018,debt_consolidation,26.89,690.0
81347192,10000.0, 36 months,10.99,B,B4,< 1 year,RENT,63000.0,Jun-2016,debt_consolidation,14.34,730.0
100153208,32000.0, 36 months,10.49,B,B2,10+ years,MORTGAGE,100000.0,Mar-2017,small_business,6.78,705.0
126267389,7000.0, 36 months,9.93,B,B2,10+ years,MORTGAGE,40000.0,Dec-2017,debt_consolidation,3.54,710.0
105151427,4000.0, 36 months,11.49,B,B5,2 years,RENT,42000.0,Apr-2017,debt_consolidation,24.97,715.0
3638038,10850.0, 36 months,11.14,B,B2,2 years,RENT,41000.0,Mar-2013,debt_consolidation,31.11,690.0
119296842,33600.0, 60 months,10.42,B,B3,6 years,RENT,103060.0,Oct-2017,debt_consolidation,32.58,680.0
102165737,9600.0, 36 months,8.24,B,B1,< 1 year,RENT,90000.0,Mar-2017,credit_card,11.07,665.0
14909137,3000.0, 36 months,12.99,B,B5,10+ years,MORTGAGE,35000.0,Apr-2014,debt_consolidation,15.16,695.0
71725017,12000.0, 36 months,9.75,B,B3,1 year,OWN,70000.0,Feb-2016,credit_card,33.57,660.0
135128101,10000.0, 36 months,11.05,B,B4,5 years,MORTGAGE,45000.0,Jun-2018,credit_card,8.61,660.0
64957396,35000.0, 36 months,9.99,B,B3,10+ years,MORTGAGE,200000.0,Nov-2015,major_purchase,8.53,825.0
62117669,20000.0, 60 months,9.99,B,B3,,MORTGAGE,62000.0,Oct-2015,debt_consolidation,12.1,715.0
665860,4800.0, 36 months,9.63,B,B1,6 years,RENT,44100.0,Feb-2011,debt_consolidation,19.73,690.0
538862,20000.0, 36 months,10.38,B,B1,4 years,MORTGAGE,62000.0,Jul-2010,debt_consolidation,11.61,755.0
40580476,7000.0, 36 months,9.49,B,B2,6 years,MORTGAGE,42000.0,Feb-2015,home_improvement,4.31,660.0
133631255,14000.0, 36 months,11.05,B,B4,2 years,MORTGAGE,65000.0,May-2018,credit_card,17.34,675.0
88198937,9600.0, 36 months,8.99,B,B1,10+ years,MORTGAGE,60000.0,Aug-2016,debt_consolidation,18.36,695.0
137273542,2400.0, 36 months,11.06,B,B3,2 years,RENT,38000.0,Jul-2018,debt_consolidation,8.29,735.0
85637134,16000.0, 36 months,11.49,B,B5,5 years,MORTGAGE,130000.0,Aug-2016,debt_consolidation,6.61,685.0
127262251,6000.0, 36 months,9.44,B,B1,3 years,RENT,42000.0,Jan-2018,home_improvement,2.7,690.0
108915927,25000.0, 36 months,9.93,B,B2,6 years,MORTGAGE,100000.0,May-2017,debt_consolidation,13.52,695.0
87434667,15000.0, 36 months,11.49,B,B5,5 years,RENT,63450.0,Aug-2016,debt_consolidation,32.41,665.0
20789252,12500.0, 36 months,10.15,B,B2,10+ years,MORTGAGE,73132.0,Jul-2014,debt_consolidation,14.06,700.0
72556299,4800.0, 36 months,9.16,B,B2,10+ years,RENT,68000.0,Mar-2016,moving,9.9,695.0
55432078,15000.0, 36 months,11.53,B,B5,7 years,RENT,95000.0,Jul-2015,debt_consolidation,8.48,665.0
96683558,7000.0, 36 months,11.49,B,B5,9 years,RENT,34920.0,Jan-2017,credit_card,32.23,710.0
98826839,10000.0, 36 months,11.49,B,B5,10+ years,MORTGAGE,68549.0,Feb-2017,debt_consolidation,20.99,665.0
118162782,32000.0, 60 months,9.44,B,B1,< 1 year,MORTGAGE,69000.0,Sep-2017,debt_consolidation,24.73,745.0
59601342,21000.0, 36 months,9.17,B,B2,9 years,RENT,75639.72,Sep-2015,debt_consolidation,18.55,670.0
31287739,24000.0, 60 months,9.17,B,B1,10+ years,MORTGAGE,139000.0,Oct-2014,debt_consolidation,17.87,740.0
7438770,30225.0, 36 months,12.99,B,B4,10+ years,MORTGAGE,115000.0,Oct-2013,debt_consolidation,7.21,730.0
106492750,20000.0, 36 months,11.49,B,B5,< 1 year,MORTGAGE,85000.0,Apr-2017,medical,21.08,705.0
60195544,9000.0, 36 months,10.99,B,B4,3 years,RENT,83500.0,Sep-2015,other,15.0,670.0
3347885,18000.0, 36 months,11.14,B,B2,7 years,RENT,45000.0,Feb-2013,credit_card,20.32,700.0
125050044,40000.0, 36 months,10.42,B,B3,10+ years,RENT,100500.0,Nov-2017,debt_consolidation,23.76,660.0
51025361,20000.0, 36 months,9.17,B,B2,6 years,MORTGAGE,135000.0,Jun-2015,debt_consolidation,15.75,675.0
69823238,20000.0, 60 months,9.17,B,B2,1 year,RENT,58000.0,Jan-2016,debt_consolidation,29.99,710.0
132516903,15000.0, 36 months,11.98,B,B5,10+ years,MORTGAGE,45000.0,May-2018,debt_consolidation,11.2,670.0
44085390,6000.0, 36 months,11.53,B,B5,10+ years,RENT,75000.0,Mar-2015,credit_card,12.85,700.0
77971777,10000.0, 60 months,9.75,B,B3,2 years,MORTGAGE,48900.0,May-2016,debt_consolidation,23.63,685.0
92279689,8000.0, 36 months,11.44,B,B4,10+ years,MORTGAGE,85000.0,Oct-2016,home_improvement,26.64,685.0
5364651,14000.0, 36 months,12.12,B,B3,9 years,RENT,72000.0,May-2013,credit_card,9.15,735.0
123027504,12000.0, 36 months,11.99,B,B5,4 years,MORTGAGE,58500.0,Nov-2017,debt_consolidation,8.66,670.0
132582887,8000.0, 36 months,10.9,B,B4,,MORTGAGE,56000.0,May-2018,house,9.49,695.0
113489946,2500.0, 36 months,11.99,B,B5,8 years,RENT,60000.0,Jul-2017,medical,29.58,730.0
65835424,35000.0, 36 months,11.49,B,B5,9 years,MORTGAGE,85000.0,Nov-2015,debt_consolidation,14.75,690.0
30785946,2000.0, 36 months,10.99,B,B3,< 1 year,RENT,62000.0,Oct-2014,debt_consolidation,9.87,745.0
67409108,12000.0, 36 months,10.64,B,B4,6 years,RENT,28000.0,Dec-2015,debt_consolidation,17.36,720.0
8785719,35000.0, 36 months,10.99,B,B2,3 years,MORTGAGE,180000.0,Nov-2013,debt_consolidation,7.95,710.0
100459586,8000.0, 36 months,11.39,B,B3,2 years,RENT,67000.0,Mar-2017,debt_consolidation,16.26,705.0
3379100,15000.0, 36 months,13.11,B,B4,2 years,RENT,65000.0,Feb-2013,credit_card,6.28,660.0
19005188,12000.0, 36 months,10.99,B,B3,10+ years,OWN,75200.0,Jul-2014,debt_consolidation,14.25,690.0
2300136,5500.0, 36 months,11.14,B,B2,10+ years,MORTGAGE,58000.0,Dec-2012,home_improvement,21.29,685.0
39562164,13000.0, 36 months,8.67,B,B1,10+ years,MORTGAGE,100000.0,Jan-2015,debt_consolidation,11.29,685.0
117498386,30000.0, 36 months,10.42,B,B3,10+ years,MORTGAGE,90000.0,Sep-2017,debt_consolidation,21.65,660.0
5629451,10000.0, 36 months,11.14,B,B2,7 years,MORTGAGE,104000.0,Jun-2013,credit_card,23.65,695.0
38722278,13000.0, 36 months,11.99,B,B5,10+ years,RENT,80000.0,Jan-2015,debt_consolidation,2.69,665.0
1038701,10000.0, 36 months,11.71,B,B3,10+ years,RENT,92000.0,Nov-2011,debt_consolidation,8.27,685.0
141475188,16000.0, 36 months,12.73,B,B5,< 1 year,MORTGAGE,39000.0,Oct-2018,credit_card,32.34,680.0
93930838,1200.0, 36 months,11.44,B,B4,3 years,RENT,60000.0,Nov-2016,debt_consolidation,30.22,710.0
64017299,18000.0, 36 months,9.17,B,B2,4 years,MORTGAGE,60000.0,Nov-2015,debt_consolidation,10.47,685.0
129662585,20000.0, 36 months,11.98,B,B5,8 years,RENT,125000.0,Mar-2018,debt_consolidation,21.31,680.0
116827551,12000.0, 36 months,11.99,B,B5,10+ years,MORTGAGE,88540.0,Aug-2017,debt_consolidation,10.41,665.0
35833688,12000.0, 36 months,8.67,B,B1,10+ years,MORTGAGE,57000.0,Nov-2014,debt_consolidation,23.22,680.0
120584888,14000.0, 36 months,9.93,B,B2,6 years,MORTGAGE,80000.0,Oct-2017,credit_card,36.44,710.0
58470355,8400.0, 36 months,9.99,B,B3,10+ years,RENT,62000.0,Aug-2015,credit_card,33.47,725.0
43893978,12000.0, 36 months,8.18,B,B1,3 years,MORTGAGE,44000.0,Apr-2015,credit_card,8.37,695.0
139084130,4750.0, 36 months,11.55,B,B4,5 years,MORTGAGE,65000.0,Aug-2018,other,7.99,770.0
132784790,9850.0, 36 months,11.98,B,B5,2 years,RENT,90000.0,May-2018,credit_card,20.43,725.0
33601618,4500.0, 36 months,10.49,B,B3,10+ years,RENT,86278.0,Nov-2014,other,21.21,675.0
5425925,10000.0, 36 months,14.09,B,B5,3 years,MORTGAGE,33000.0,Jun-2013,credit_card,30.22,690.0
127911398,7000.0, 36 months,9.93,B,B2,9 years,RENT,42500.0,Jan-2018,credit_card,22.23,735.0
89816293,16000.0, 36 months,8.99,B,B1,10+ years,MORTGAGE,110000.0,Sep-2016,home_improvement,12.12,690.0
100407232,12000.0, 36 months,11.49,B,B5,10+ years,MORTGAGE,60000.0,Mar-2017,debt_consolidation,21.78,680.0
87265137,6500.0, 36 months,10.49,B,B3,10+ years,MORTGAGE,75000.0,Aug-2016,credit_card,30.69,695.0
136359016,13000.0, 60 months,11.55,B,B4,10+ years,MORTGAGE,65000.0,Jul-2018,credit_card,18.06,670.0
130511088,40000.0, 60 months,10.9,B,B4,10+ years,MORTGAGE,110000.0,Mar-2018,debt_consolidation,8.05,770.0
142809043,12000.0, 60 months,11.06,B,B3,,RENT,27600.0,Nov-2018,debt_consolidation,14.87,725.0
68823420,10000.0, 36 months,9.8,B,B3,8 years,MORTGAGE,200000.0,Feb-2016,small_business,17.35,675.0
9187879,10000.0, 36 months,12.99,B,B4,,MORTGAGE,47235.0,Dec-2013,debt_consolidation,7.8,670.0
87966704,4000.0, 36 months,8.99,B,B1,10+ years,MORTGAGE,36000.0,Aug-2016,debt_consolidation,32.07,695.0
55271663,24000.0, 36 months,11.53,B,B5,1 year,RENT,65000.0,Jul-2015,credit_card,26.37,690.0
51376676,15000.0, 36 months,9.99,B,B3,9 years,MORTGAGE,90000.0,Jun-2015,debt_consolidation,38.53,705.0
118312733,18000.0, 60 months,9.93,B,B2,10+ years,RENT,120000.0,Sep-2017,debt_consolidation,16.58,755.0
2083567,22000.0, 60 months,14.09,B,B5,7 years,MORTGAGE,50000.0,Nov-2012,debt_consolidation,27.1,730.0
69424391,9600.0, 36 months,9.17,B,B2,2 years,RENT,65000.0,Jan-2016,debt_consolidation,11.46,675.0
143242099,4000.0, 36 months,11.31,B,B3,2 years,MORTGAGE,96000.0,Nov-2018,home_improvement,36.7,730.0
1045401,22000.0, 60 months,12.69,B,B5,10+ years,RENT,45000.0,Dec-2011,debt_consolidation,15.81,740.0
141198490,10000.0, 36 months,11.06,B,B3,7 years,RENT,95000.0,Oct-2018,small_business,15.96,735.0
77449615,2500.0, 36 months,10.75,B,B4,5 years,RENT,100000.0,Apr-2016,car,18.04,680.0
54303859,10000.0, 36 months,8.18,B,B1,6 years,MORTGAGE,84000.0,Jul-2015,credit_card,19.51,665.0
126467584,10000.0, 36 months,9.44,B,B1,4 years,RENT,58289.49,Jan-2018,credit_card,12.89,715.0
35653171,32100.0, 36 months,9.49,B,B2,10+ years,MORTGAGE,70000.0,Nov-2014,debt_consolidation,12.7,715.0
74634900,6000.0, 36 months,11.47,B,B5,10+ years,MORTGAGE,75000.0,Mar-2016,home_improvement,14.51,675.0
69071393,12000.0, 36 months,9.8,B,B3,7 years,MORTGAGE,60000.0,Jan-2016,debt_consolidation,12.28,715.0
85514767,6500.0, 36 months,11.49,B,B5,10+ years,RENT,61000.0,Jul-2016,debt_consolidation,10.43,665.0
124742262,3500.0, 36 months,9.44,B,B1,7 years,OWN,30000.0,Nov-2017,credit_card,6.12,700.0
13378551,5000.0, 36 months,10.99,B,B2,4 years,RENT,20000.0,Apr-2014,credit_card,11.88,675.0
112886418,6000.0, 36 months,10.91,B,B4,4 years,OWN,57000.0,Jul-2017,other,15.71,705.0
32169402,26400.0, 60 months,10.15,B,B2,6 years,MORTGAGE,88000.0,Nov-2014,credit_card,18.85,700.0
132875187,7000.0, 36 months,10.9,B,B4,2 years,RENT,51000.0,May-2018,debt_consolidation,8.78,715.0
140238599,9900.0, 36 months,11.55,B,B4,4 years,RENT,41000.0,Sep-2018,other,12.82,760.0
71493051,17000.0, 36 months,11.47,B,B5,4 years,RENT,45000.0,Mar-2016,credit_card,21.91,675.0
1383574,20000.0, 36 months,10.16,B,B1,10+ years,MORTGAGE,110000.0,Jul-2012,credit_card,8.67,720.0
488783,15000.0, 36 months,10.25,B,B2,3 years,RENT,35976.0,May-2010,debt_consolidation,20.68,735.0
130097548,8000.0, 36 months,11.98,B,B5,< 1 year,MORTGAGE,48000.0,Mar-2018,credit_card,46.28,680.0
97445116,9000.0, 36 months,11.49,B,B5,5 years,RENT,55000.0,Feb-2017,car,16.69,675.0
137667275,10000.0, 36 months,11.06,B,B3,1 year,RENT,45000.0,Jul-2018,debt_consolidation,12.96,735.0
7345561,14375.0, 36 months,10.99,B,B2,1 year,RENT,52000.0,Sep-2013,debt_consolidation,16.8,695.0
87954089,19500.0, 36 months,11.49,B,B5,3 years,RENT,65000.0,Aug-2016,debt_consolidation,13.22,675.0
144492169,13000.0, 60 months,10.72,B,B2,< 1 year,RENT,125065.0,Dec-2018,debt_consolidation,3.4,680.0
12968071,7400.0, 36 months,11.99,B,B3,,MORTGAGE,48000.0,Mar-2014,debt_consolidation,10.03,665.0
15511387,8000.0, 36 months,10.15,B,B2,2 years,MORTGAGE,90640.0,May-2014,home_improvement,11.98,680.0
111683467,25000.0, 36 months,9.93,B,B2,,MORTGAGE,58000.0,Jul-2017,debt_consolidation,16.7,715.0
135246729,15000.0, 36 months,9.58,B,B1,3 years,MORTGAGE,175000.0,Jun-2018,debt_consolidation,12.68,680.0
59431236,12000.0, 36 months,10.99,B,B4,< 1 year,RENT,75000.0,Sep-2015,credit_card,2.77,690.0
75189525,21000.0, 36 months,9.75,B,B3,10+ years,MORTGAGE,100800.0,Mar-2016,debt_consolidation,25.87,675.0
50515464,10000.0, 36 months,9.99,B,B3,1 year,RENT,70000.0,May-2015,credit_card,19.48,665.0
130915093,28000.0, 36 months,9.43,B,B1,1 year,RENT,30000.0,May-2018,debt_consolidation,24.04,700.0
129370956,7300.0, 36 months,9.43,B,B1,2 years,RENT,75000.0,Mar-2018,major_purchase,28.8,710.0
59070466,9500.0, 36 months,9.99,B,B3,3 years,MORTGAGE,59000.0,Aug-2015,home_improvement,16.54,795.0
66573413,12000.0, 36 months,9.76,B,B3,10+ years,OWN,50000.0,Dec-2015,credit_card,30.65,685.0
139114190,10000.0, 36 months,10.08,B,B1,5 years,RENT,125000.0,Aug-2018,credit_card,8.32,710.0
143805525,25000.0, 60 months,11.8,B,B4,10+ years,MORTGAGE,135000.0,Nov-2018,debt_consolidation,11.55,680.0
7731001,8975.0, 36 months,10.99,B,B2,10+ years,OWN,27000.0,Oct-2013,debt_consolidation,25.33,715.0
126289277,40000.0, 36 months,9.44,B,B1,8 years,MORTGAGE,210000.0,Dec-2017,debt_consolidation,11.85,690.0
105884149,40000.0, 60 months,11.39,B,B3,3 years,MORTGAGE,100000.0,Apr-2017,debt_consolidation,14.33,770.0
86042415,10000.0, 36 months,10.49,B,B3,,OWN,50000.0,Aug-2016,debt_consolidation,24.6,695.0
71065650,20000.0, 60 months,9.75,B,B3,,MORTGAGE,46000.0,Feb-2016,debt_consolidation,29.32,685.0
68771270,10000.0, 36 months,9.8,B,B3,4 years,MORTGAGE,60000.0,Jan-2016,credit_card,37.86,710.0
92215833,12000.0, 36 months,8.24,B,B1,10+ years,MORTGAGE,50000.0,Oct-2016,debt_consolidation,15.0,710.0
10174796,10000.0, 36 months,11.99,B,B3,2 years,RENT,37000.0,Jan-2014,debt_consolidation,33.44,670.0
34823176,10000.0, 36 months,11.99,B,B5,7 years,OWN,45000.0,Nov-2014,debt_consolidation,24.43,675.0
68915875,10000.0, 36 months,8.49,B,B1,3 years,RENT,68000.0,Jan-2016,debt_consolidation,10.82,715.0
142583117,29500.0, 60 months,11.55,B,B4,10+ years,MORTGAGE,140000.0,Oct-2018,debt_consolidation,17.98,740.0
70851901,20000.0, 36 months,11.47,B,B5,,OWN,52116.0,Feb-2016,credit_card,24.68,670.0
6918061,10000.0, 36 months,13.05,B,B5,6 years,RENT,38000.0,Sep-2013,debt_consolidation,14.77,720.0
136409702,9000.0, 36 months,11.55,B,B4,7 years,MORTGAGE,60000.0,Jul-2018,debt_consolidation,25.26,670.0
104222441,35000.0, 60 months,11.49,B,B5,10+ years,RENT,260000.0,Apr-2017,credit_card,9.46,700.0
8274833,9000.0, 36 months,10.99,B,B2,2 years,RENT,40000.0,Oct-2013,debt_consolidation,8.46,680.0
137952606,40000.0, 60 months,10.47,B,B2,10+ years,RENT,73000.0,Aug-2018,medical,1.74,785.0
63214946,10000.0, 36 months,11.53,B,B5,4 years,RENT,30000.0,Oct-2015,debt_consolidation,20.92,680.0
128837393,10500.0, 60 months,9.44,B,B1,10+ years,MORTGAGE,40000.0,Feb-2018,debt_consolidation,20.67,800.0
88132596,12000.0, 36 months,11.49,B,B5,6 years,OWN,82000.0,Aug-2016,credit_card,21.84,680.0
19957325,15000.0, 36 months,10.99,B,B3,< 1 year,MORTGAGE,37000.0,Jul-2014,credit_card,33.35,660.0
130395791,10000.0, 36 months,9.92,B,B2,,RENT,37000.0,Mar-2018,credit_card,20.3,695.0
415990,9200.0, 36 months,11.89,B,B4,2 years,MORTGAGE,45000.0,Jun-2009,debt_consolidation,22.37,710.0
119821026,12000.0, 36 months,9.93,B,B2,10+ years,MORTGAGE,93000.0,Sep-2017,credit_card,6.32,680.0
134955610,13000.0, 36 months,12.13,B,B5,,RENT,70000.0,Jun-2018,credit_card,8.61,685.0
97809532,5000.0, 36 months,8.24,B,B1,6 years,RENT,95000.0,Feb-2017,credit_card,10.76,670.0
111737386,12000.0, 60 months,9.44,B,B1,6 years,RENT,76000.0,Jun-2017,debt_consolidation,15.2,710.0
6155487,12000.0, 36 months,10.64,B,B2,10+ years,MORTGAGE,50000.0,Jul-2013,debt_consolidation,9.5,710.0
88762163,24000.0, 36 months,10.49,B,B3,10+ years,MORTGAGE,100000.0,Sep-2016,credit_card,30.48,710.0
32128629,20000.0, 60 months,10.15,B,B2,10+ years,RENT,78000.0,Oct-2014,debt_consolidation,19.68,750.0
3370245,25000.0, 36 months,13.11,B,B4,3 years,RENT,90000.0,Feb-2013,debt_consolidation,13.09,690.0
142477128,14000.0, 60 months,11.06,B,B3,10+ years,MORTGAGE,95000.0,Oct-2018,debt_consolidation,25.05,715.0
9195998,9450.0, 36 months,13.67,B,B5,10+ years,RENT,28000.0,Dec-2013,other,26.4,700.0
144515612,15000.0, 36 months,12.98,B,B5,< 1 year,RENT,250000.0,Dec-2018,credit_card,9.4,705.0
75264206,9600.0, 36 months,9.16,B,B2,3 years,MORTGAGE,85000.0,Mar-2016,debt_consolidation,10.25,675.0
91567540,10000.0, 36 months,10.49,B,B2,,OWN,48000.0,Nov-2016,debt_consolidation,20.28,670.0
131003086,14000.0, 36 months,10.41,B,B3,10+ years,RENT,90000.0,Apr-2018,debt_consolidation,15.48,700.0
112370015,11200.0, 36 months,10.42,B,B3,1 year,RENT,45000.0,Jul-2017,debt_consolidation,17.2,680.0
39360689,12000.0, 36 months,8.67,B,B1,10+ years,RENT,35000.0,Jan-2015,debt_consolidation,30.49,690.0
140105160,5000.0, 36 months,11.55,B,B4,10+ years,MORTGAGE,40000.0,Sep-2018,credit_card,51.97,665.0
145045503,8000.0, 36 months,11.31,B,B3,10+ years,MORTGAGE,80000.0,Dec-2018,debt_consolidation,36.68,660.0
69482384,35000.0, 60 months,10.78,B,B4,10+ years,MORTGAGE,140000.0,Jan-2016,debt_consolidation,11.34,740.0
61501284,35000.0, 36 months,11.53,B,B5,3 years,MORTGAGE,135000.0,Oct-2015,credit_card,23.15,720.0
84080891,2800.0, 36 months,11.49,B,B5,7 years,OWN,45000.0,Jul-2016,major_purchase,30.88,690.0
62347781,15000.0, 36 months,9.99,B,B3,< 1 year,RENT,65000.0,Oct-2015,credit_card,9.31,695.0
94056676,6000.0, 36 months,11.39,B,B3,4 years,MORTGAGE,48000.0,Nov-2016,debt_consolidation,11.8,660.0
75150549,5000.0, 36 months,11.47,B,B5,10+ years,RENT,68806.48,Mar-2016,vacation,15.02,670.0
85697060,30000.0, 36 months,11.49,B,B5,8 years,MORTGAGE,150000.0,Aug-2016,debt_consolidation,5.35,660.0
144516693,35350.0, 36 months,11.31,B,B3,2 years,MORTGAGE,60000.0,Dec-2018,debt_consolidation,44.79,765.0
1543181,10000.0, 36 months,10.16,B,B1,5 years,MORTGAGE,67000.0,Sep-2012,debt_consolidation,28.24,710.0
60912528,28000.0, 36 months,9.17,B,B2,3 years,RENT,110000.0,Sep-2015,credit_card,18.12,705.0
144140196,13250.0, 60 months,11.8,B,B4,10+ years,MORTGAGE,110000.0,Dec-2018,car,11.24,775.0
84034901,28000.0, 60 months,10.99,B,B4,10+ years,MORTGAGE,150000.0,Jul-2016,debt_consolidation,9.86,695.0
75173314,7500.0, 36 months,10.75,B,B4,,MORTGAGE,58000.0,Mar-2016,debt_consolidation,36.37,685.0
88813161,3000.0, 36 months,9.49,B,B2,10+ years,RENT,46000.0,Sep-2016,debt_consolidation,7.64,670.0
8981024,8000.0, 36 months,9.67,B,B1,9 years,MORTGAGE,77400.0,Nov-2013,credit_card,11.44,665.0
132983711,14000.0, 60 months,9.43,B,B1,10+ years,OWN,260000.0,May-2018,house,8.42,700.0
80978189,20000.0, 36 months,9.16,B,B2,3 years,MORTGAGE,50000.0,Jun-2016,debt_consolidation,24.1,670.0
145330711,20000.0, 36 months,11.8,B,B4,,OWN,48000.0,Dec-2018,debt_consolidation,16.09,685.0
9845113,20000.0, 36 months,11.99,B,B3,8 years,MORTGAGE,140000.0,Dec-2013,debt_consolidation,9.34,685.0
117226284,19000.0, 36 months,9.44,B,B1,10+ years,OWN,40000.0,Aug-2017,debt_consolidation,30.82,725.0
143493045,8000.0, 36 months,10.72,B,B2,3 years,MORTGAGE,30000.0,Nov-2018,debt_consolidation,23.19,680.0
76203047,40000.0, 36 months,11.47,B,B5,3 years,MORTGAGE,130000.0,Apr-2016,debt_consolidation,11.73,720.0
91354706,7775.0, 36 months,11.49,B,B5,< 1 year,MORTGAGE,54000.0,Nov-2016,debt_consolidation,28.79,730.0
75538059,26000.0, 60 months,10.75,B,B4,,MORTGAGE,80571.0,Mar-2016,credit_card,38.6,710.0
63928237,29000.0, 36 months,10.99,B,B4,10+ years,RENT,127000.0,Nov-2015,debt_consolidation,27.56,690.0
74231963,3600.0, 36 months,11.47,B,B5,,RENT,63000.0,Mar-2016,other,29.05,695.0
137165366,27250.0, 60 months,10.08,B,B1,10+ years,MORTGAGE,113000.0,Jul-2018,debt_consolidation,22.79,720.0
123061920,40000.0, 60 months,9.44,B,B1,< 1 year,MORTGAGE,195000.0,Nov-2017,home_improvement,3.87,770.0
115069385,24000.0, 36 months,10.91,B,B4,10+ years,MORTGAGE,106000.0,Aug-2017,debt_consolidation,11.32,670.0
141447385,30000.0, 60 months,10.47,B,B2,10+ years,MORTGAGE,140000.0,Oct-2018,debt_consolidation,8.13,665.0
1622588,14000.0, 36 months,13.11,B,B4,10+ years,RENT,78000.0,Oct-2012,debt_consolidation,18.42,690.0
94141530,6000.0, 36 months,11.44,B,B4,6 years,MORTGAGE,50000.0,Dec-2016,debt_consolidation,33.97,695.0
15771158,5000.0, 36 months,9.17,B,B1,3 years,RENT,60000.0,May-2014,credit_card,11.04,665.0
142586226,6000.0, 36 months,10.47,B,B2,2 years,RENT,30160.0,Oct-2018,debt_consolidation,7.08,670.0
71063136,11200.0, 36 months,9.75,B,B3,4 years,OWN,54000.0,Feb-2016,debt_consolidation,33.6,720.0
118219427,12000.0, 36 months,10.42,B,B3,,RENT,55000.0,Sep-2017,debt_consolidation,18.96,670.0
119266677,6400.0, 36 months,11.99,B,B5,5 years,RENT,47500.0,Sep-2017,debt_consolidation,14.73,680.0
84869807,10450.0, 36 months,8.99,B,B1,5 years,MORTGAGE,108000.0,Jul-2016,debt_consolidation,12.28,665.0
119898646,12000.0, 36 months,9.93,B,B2,2 years,RENT,75000.0,Sep-2017,debt_consolidation,13.28,695.0
131269528,18000.0, 36 months,9.92,B,B2,3 years,MORTGAGE,225000.0,Apr-2018,debt_consolidation,17.08,685.0
119301342,25000.0, 60 months,9.93,B,B2,7 years,OWN,150000.0,Sep-2017,home_improvement,15.47,700.0
29133579,10000.0, 36 months,10.99,B,B3,< 1 year,RENT,80000.0,Oct-2014,credit_card,15.69,695.0
40412517,19175.0, 36 months,10.49,B,B3,10+ years,MORTGAGE,50000.0,Feb-2015,credit_card,13.59,680.0
1417340,12375.0, 36 months,10.16,B,B1,9 years,RENT,75000.0,Jul-2012,debt_consolidation,18.14,705.0
100084901,15000.0, 36 months,11.44,B,B4,10+ years,MORTGAGE,49900.0,Mar-2017,debt_consolidation,21.07,700.0
758995,20000.0, 36 months,11.49,B,B4,3 years,MORTGAGE,70000.0,Jun-2011,debt_consolidation,11.01,705.0
130331807,10000.0, 36 months,10.41,B,B3,2 years,RENT,65000.0,Mar-2018,credit_card,6.3,660.0
2083414,20050.0, 60 months,12.12,B,B3,3 years,MORTGAGE,46500.0,Dec-2012,debt_consolidation,26.43,740.0
1148022,10000.0, 36 months,9.76,B,B1,2 years,MORTGAGE,55000.0,Feb-2012,credit_card,5.04,725.0
139969396,30000.0, 60 months,12.73,B,B5,8 years,MORTGAGE,51000.0,Sep-2018,credit_card,16.47,700.0
118605288,9500.0, 36 months,11.99,B,B5,3 years,MORTGAGE,54595.0,Sep-2017,debt_consolidation,27.79,705.0
77102019,13000.0, 36 months,8.39,B,B1,10+ years,MORTGAGE,59000.0,Apr-2016,credit_card,9.15,700.0
65631572,15000.0, 60 months,11.49,B,B5,3 years,RENT,126245.0,Nov-2015,debt_consolidation,34.74,670.0
88986931,5000.0, 36 months,11.49,B,B5,2 years,OWN,49000.0,Sep-2016,credit_card,8.3,665.0
144693869,21000.0, 60 months,10.33,B,B1,10+ years,MORTGAGE,50000.0,Dec-2018,debt_consolidation,8.38,845.0
131238134,25000.0, 60 months,9.92,B,B2,10+ years,MORTGAGE,55000.0,Apr-2018,debt_consolidation,14.03,760.0
58542644,6000.0, 36 months,11.53,B,B5,6 years,OWN,35000.0,Aug-2015,debt_consolidation,5.62,665.0
73981439,10000.0, 36 months,8.39,B,B1,8 years,RENT,40000.0,Mar-2016,house,24.15,680.0
119381054,10000.0, 36 months,9.93,B,B2,9 years,MORTGAGE,45000.0,Sep-2017,debt_consolidation,5.92,665.0
50910545,9000.0, 36 months,10.99,B,B4,2 years,RENT,48000.0,Jun-2015,debt_consolidation,11.4,675.0
92961597,35000.0, 36 months,11.39,B,B3,2 years,RENT,175000.0,Nov-2016,debt_consolidation,17.47,670.0
50183912,8000.0, 36 months,8.18,B,B1,,MORTGAGE,22300.0,May-2015,debt_consolidation,16.68,755.0
17723565,12000.0, 36 months,9.17,B,B1,7 years,RENT,72300.0,Jul-2014,credit_card,3.98,690.0
1576690,11200.0, 36 months,13.11,B,B4,10+ years,RENT,96000.0,Oct-2012,debt_consolidation,15.31,680.0
128269247,12000.0, 36 months,10.9,B,B4,10+ years,OWN,113000.0,Mar-2018,debt_consolidation,9.69,695.0
6188865,20000.0, 36 months,12.35,B,B4,10+ years,RENT,61000.0,Jul-2013,debt_consolidation,23.43,700.0
90251807,20000.0, 36 months,11.49,B,B5,1 year,RENT,180000.0,Sep-2016,debt_consolidation,9.94,665.0
138630120,22000.0, 36 months,10.47,B,B2,6 years,MORTGAGE,130000.0,Aug-2018,credit_card,9.17,685.0
131652756,20000.0, 36 months,9.43,B,B1,10+ years,RENT,64844.48,Apr-2018,debt_consolidation,31.26,710.0
1067223,7350.0, 36 months,10.65,B,B2,10+ years,MORTGAGE,48000.0,Dec-2011,debt_consolidation,11.93,695.0
128563007,40000.0, 60 months,11.98,B,B5,1 year,MORTGAGE,98000.0,Feb-2018,debt_consolidation,6.15,790.0
119369452,32000.0, 60 months,9.93,B,B2,4 years,MORTGAGE,85000.0,Sep-2017,credit_card,8.25,705.0
112754798,4200.0, 36 months,10.91,B,B4,< 1 year,MORTGAGE,31000.0,Jul-2017,home_improvement,43.09,680.0
124965108,12000.0, 60 months,9.44,B,B1,7 years,MORTGAGE,80000.0,Nov-2017,home_improvement,24.24,720.0
65915673,15000.0, 36 months,10.64,B,B4,10+ years,MORTGAGE,75000.0,Dec-2015,credit_card,26.0,660.0
51847644,6000.0, 36 months,9.17,B,B2,5 years,MORTGAGE,60000.0,Jun-2015,debt_consolidation,23.78,690.0
8981064,8800.0, 36 months,12.99,B,B4,5 years,MORTGAGE,58000.0,Dec-2013,debt_consolidation,26.28,665.0
93982379,12000.0, 36 months,11.44,B,B4,5 years,MORTGAGE,65000.0,Nov-2016,credit_card,17.6,665.0
144533615,3500.0, 36 months,10.33,B,B1,10+ years,MORTGAGE,75000.0,Dec-2018,debt_consolidation,19.2,670.0
75740529,9000.0, 36 months,9.75,B,B3,1 year,RENT,60000.0,Mar-2016,credit_card,15.84,675.0
81476814,11200.0, 36 months,10.49,B,B3,< 1 year,RENT,40000.0,Jun-2016,debt_consolidation,29.61,680.0
103668170,5500.0, 36 months,11.44,B,B4,10+ years,OWN,30000.0,Mar-2017,credit_card,23.96,695.0
62255248,11000.0, 60 months,8.18,B,B1,< 1 year,RENT,45000.0,Oct-2015,credit_card,16.56,690.0
131992474,12000.0, 36 months,11.98,B,B5,5 years,RENT,301260.0,Apr-2018,debt_consolidation,6.15,680.0
64160864,10000.0, 36 months,9.99,B,B3,< 1 year,RENT,70000.0,Nov-2015,debt_consolidation,9.51,725.0
12517916,15000.0, 36 months,11.99,B,B3,10+ years,MORTGAGE,64000.0,Mar-2014,debt_consolidation,14.71,690.0
60607188,18000.0, 60 months,11.53,B,B5,2 years,RENT,115000.0,Sep-2015,major_purchase,14.68,665.0
125786911,25000.0, 36 months,11.99,B,B5,10+ years,MORTGAGE,161000.0,Dec-2017,debt_consolidation,33.04,700.0
75189909,30000.0, 36 months,9.16,B,B2,8 years,RENT,90000.0,Mar-2016,credit_card,19.22,685.0
105782812,2000.0, 36 months,11.49,B,B5,2 years,RENT,105000.0,Apr-2017,other,7.3,670.0
65482797,15000.0, 36 months,9.99,B,B3,7 years,OWN,55000.0,Dec-2015,home_improvement,10.34,715.0
67258552,8000.0, 36 months,11.22,B,B5,10+ years,MORTGAGE,60000.0,Dec-2015,debt_consolidation,13.9,680.0
42753340,30000.0, 60 months,10.99,B,B4,10+ years,MORTGAGE,145000.0,Mar-2015,home_improvement,16.44,695.0
97473591,10000.0, 36 months,8.24,B,B1,4 years,RENT,78000.0,Feb-2017,debt_consolidation,22.77,660.0
94468084,16000.0, 36 months,10.49,B,B2,10+ years,MORTGAGE,88000.0,Dec-2016,debt_consolidation,24.87,690.0
34363615,30000.0, 60 months,11.99,B,B5,8 years,MORTGAGE,105000.0,Nov-2014,credit_card,33.75,715.0
131569115,26000.0, 60 months,10.9,B,B4,2 years,MORTGAGE,88000.0,Apr-2018,debt_consolidation,17.41,710.0
102947245,10000.0, 36 months,11.49,B,B5,10+ years,RENT,40000.0,Mar-2017,home_improvement,3.93,805.0
93996454,30000.0, 36 months,11.39,B,B3,10+ years,MORTGAGE,90000.0,Nov-2016,debt_consolidation,30.79,700.0
59119652,20000.0, 36 months,8.18,B,B1,5 years,MORTGAGE,117000.0,Aug-2015,debt_consolidation,13.33,680.0
143502101,8000.0, 36 months,11.8,B,B4,10+ years,MORTGAGE,80000.0,Nov-2018,debt_consolidation,30.95,685.0
136222860,5000.0, 36 months,10.08,B,B1,10+ years,MORTGAGE,65000.0,Jul-2018,debt_consolidation,9.99,720.0
72184245,12000.0, 36 months,9.16,B,B2,10+ years,OWN,75000.0,Feb-2016,car,21.54,725.0
85961811,7200.0, 36 months,9.49,B,B2,8 years,MORTGAGE,103000.0,Aug-2016,debt_consolidation,15.82,735.0
58573849,21000.0, 36 months,10.99,B,B4,,MORTGAGE,145000.0,Sep-2015,debt_consolidation,8.62,670.0
96662721,6000.0, 36 months,11.39,B,B3,4 years,OWN,155000.0,Jan-2017,vacation,21.71,680.0
138032194,24000.0, 60 months,10.08,B,B1,10+ years,OWN,120000.0,Aug-2018,credit_card,8.01,685.0
14700017,15000.0, 36 months,9.17,B,B1,7 years,MORTGAGE,86000.0,May-2014,debt_consolidation,9.32,700.0
30686331,12100.0, 36 months,10.15,B,B2,10+ years,OWN,63000.0,Oct-2014,debt_consolidation,22.2,675.0
85723340,6000.0, 36 months,9.49,B,B2,10+ years,RENT,35000.0,Jul-2016,credit_card,8.54,685.0
57428443,28000.0, 60 months,9.17,B,B2,4 years,MORTGAGE,140000.0,Aug-2015,debt_consolidation,20.38,710.0
52046509,3600.0, 36 months,8.18,B,B1,10+ years,MORTGAGE,65000.0,Jun-2015,home_improvement,17.28,695.0
131629229,12000.0, 36 months,9.92,B,B2,2 years,MORTGAGE,170000.0,Apr-2018,debt_consolidation,9.62,685.0
128373256,40000.0, 60 months,11.99,B,B5,,OWN,45000.0,Feb-2018,small_business,1.89,795.0
136456167,11000.0, 36 months,10.08,B,B1,4 years,RENT,72000.0,Jul-2018,credit_card,2.27,715.0
44906222,22000.0, 60 months,11.53,B,B5,10+ years,MORTGAGE,80333.0,Apr-2015,debt_consolidation,9.43,750.0
25376013,9000.0, 36 months,10.15,B,B2,10+ years,OWN,56000.0,Aug-2014,debt_consolidation,23.87,685.0
1523175,12000.0, 36 months,11.14,B,B2,5 years,RENT,39500.0,Sep-2012,credit_card,31.72,715.0
92981600,15000.0, 36 months,8.24,B,B1,3 years,MORTGAGE,46600.0,Nov-2016,debt_consolidation,21.32,670.0
91444876,20000.0, 36 months,11.49,B,B5,2 years,RENT,130000.0,Oct-2016,debt_consolidation,14.54,695.0
91131111,28000.0, 36 months,8.99,B,B1,4 years,MORTGAGE,155000.0,Oct-2016,debt_consolidation,13.06,705.0
137320000,10500.0, 36 months,11.55,B,B4,1 year,RENT,35000.0,Jul-2018,credit_card,6.21,700.0
1552538,5325.0, 36 months,10.16,B,B1,3 years,RENT,30000.0,Nov-2012,major_purchase,4.2,690.0
123961020,30000.0, 60 months,9.93,B,B2,2 years,RENT,150000.0,Nov-2017,other,7.82,730.0
96933408,10000.0, 36 months,11.44,B,B4,2 years,OWN,105000.0,Jan-2017,credit_card,14.58,680.0
112456588,11000.0, 36 months,9.93,B,B2,10+ years,RENT,71000.0,Jul-2017,car,17.11,670.0
137465443,10000.0, 36 months,10.08,B,B1,10+ years,RENT,60000.0,Jul-2018,debt_consolidation,31.96,670.0
79032837,25000.0, 36 months,9.16,B,B2,4 years,MORTGAGE,67500.0,May-2016,debt_consolidation,23.29,665.0
96186675,20000.0, 36 months,10.49,B,B2,3 years,MORTGAGE,65000.0,Jan-2017,debt_consolidation,26.59,675.0
130410651,5500.0, 36 months,9.43,B,B1,2 years,MORTGAGE,40000.0,Mar-2018,debt_consolidation,25.05,715.0
126688508,15000.0, 60 months,11.99,B,B5,2 years,MORTGAGE,72000.0,Jan-2018,home_improvement,17.67,735.0
140318746,33600.0, 60 months,12.73,B,B5,10+ years,MORTGAGE,120000.0,Sep-2018,debt_consolidation,25.02,665.0
1690809,10000.0, 36 months,12.12,B,B3,10+ years,RENT,50000.0,Nov-2012,credit_card,11.8,690.0
32849927,8000.0, 36 months,12.49,B,B5,3 years,RENT,38000.0,Oct-2014,credit_card,19.84,685.0
11706717,5200.0, 36 months,12.99,B,B5,< 1 year,MORTGAGE,36000.0,Mar-2014,debt_consolidation,7.43,680.0
64067622,24000.0, 36 months,10.99,B,B4,2 years,OWN,69000.0,Nov-2015,credit_card,10.45,675.0
48012748,3000.0, 36 months,11.53,B,B5,1 year,MORTGAGE,63000.0,May-2015,debt_consolidation,23.57,690.0
91617279,5000.0, 36 months,8.99,B,B1,,RENT,36000.0,Oct-2016,debt_consolidation,26.11,730.0
55473394,5600.0, 36 months,11.53,B,B5,10+ years,MORTGAGE,110000.0,Aug-2015,home_improvement,14.36,685.0
97829293,10000.0, 36 months,10.49,B,B2,1 year,MORTGAGE,150000.0,Feb-2017,moving,23.0,665.0
3296375,10000.0, 36 months,10.16,B,B1,1 year,RENT,45000.0,Feb-2013,car,6.91,715.0
88821870,5000.0, 36 months,10.99,B,B4,10+ years,OWN,87132.0,Sep-2016,debt_consolidation,1.09,690.0
102661072,11000.0, 36 months,11.49,B,B5,2 years,RENT,50000.0,Apr-2017,credit_card,13.03,720.0
85715548,10000.0, 36 months,11.49,B,B5,< 1 year,RENT,49000.0,Jul-2016,debt_consolidation,12.42,690.0
84051799,7350.0, 36 months,11.49,B,B5,3 years,RENT,50000.0,Jul-2016,debt_consolidation,20.98,670.0
10224810,7000.0, 36 months,12.85,B,B4,5 years,RENT,31000.0,Jan-2014,credit_card,12.08,680.0
99911272,4250.0, 36 months,11.49,B,B5,7 years,MORTGAGE,110000.0,Feb-2017,credit_card,4.57,670.0
65986898,10000.0, 36 months,8.38,B,B1,< 1 year,RENT,45500.0,Dec-2015,debt_consolidation,10.74,710.0
87975791,6000.0, 36 months,8.99,B,B1,,OWN,20400.0,Aug-2016,credit_card,16.65,700.0
71007140,18000.0, 36 months,9.75,B,B3,7 years,RENT,80000.0,Feb-2016,credit_card,16.44,695.0
119360032,25000.0, 36 months,9.44,B,B1,10+ years,RENT,70000.0,Sep-2017,debt_consolidation,28.81,760.0
65954516,32000.0, 60 months,9.76,B,B3,10+ years,MORTGAGE,127000.0,Dec-2015,major_purchase,6.55,755.0
76244994,15000.0, 36 months,10.75,B,B4,10+ years,MORTGAGE,80000.0,Apr-2016,other,5.61,660.0
856521,3500.0, 36 months,9.99,B,B1,3 years,RENT,24240.0,Aug-2011,major_purchase,0.0,775.0
35501140,15000.0, 36 months,10.49,B,B3,4 years,MORTGAGE,95000.0,Nov-2014,debt_consolidation,23.0,715.0
142752958,40000.0, 60 months,10.08,B,B1,5 years,MORTGAGE,185000.0,Nov-2018,credit_card,30.11,665.0
128556337,5000.0, 36 months,10.41,B,B3,< 1 year,RENT,80000.0,Mar-2018,major_purchase,5.12,755.0
124878699,12000.0, 36 months,9.44,B,B1,10+ years,MORTGAGE,26000.0,Nov-2017,credit_card,35.88,715.0
67949516,25000.0, 60 months,11.22,B,B5,9 years,MORTGAGE,55000.0,Dec-2015,debt_consolidation,27.17,705.0
1396556,10000.0, 36 months,14.09,B,B5,10+ years,MORTGAGE,140000.0,Jul-2012,debt_consolidation,7.77,675.0
137296734,3600.0, 36 months,10.47,B,B2,2 years,RENT,60000.0,Jul-2018,credit_card,17.74,705.0
136745186,2500.0, 36 months,11.06,B,B3,4 years,MORTGAGE,90000.0,Jul-2018,major_purchase,9.41,720.0
139754107,40000.0, 36 months,10.08,B,B1,6 years,RENT,130000.0,Oct-2018,home_improvement,1.87,685.0
125288051,4000.0, 36 months,9.44,B,B1,< 1 year,RENT,22000.0,Dec-2017,debt_consolidation,5.56,670.0
143308539,7700.0, 36 months,10.72,B,B2,1 year,MORTGAGE,75000.0,Nov-2018,credit_card,11.57,700.0
1119494,11400.0, 36 months,11.71,B,B3,7 years,RENT,40000.0,Feb-2012,debt_consolidation,18.84,695.0
138530375,30000.0, 60 months,10.08,B,B1,4 years,MORTGAGE,117000.0,Aug-2018,debt_consolidation,19.12,730.0
133760657,30000.0, 60 months,11.05,B,B4,5 years,OWN,73000.0,May-2018,debt_consolidation,33.55,775.0
122240435,40000.0, 60 months,9.44,B,B1,9 years,RENT,150000.0,Nov-2017,debt_consolidation,5.99,720.0
65664304,5000.0, 36 months,10.99,B,B4,10+ years,MORTGAGE,24000.0,Nov-2015,debt_consolidation,23.65,705.0
63469571,10000.0, 36 months,8.18,B,B1,5 years,RENT,112000.0,Oct-2015,debt_consolidation,3.11,675.0
130889430,33600.0, 60 months,11.98,B,B5,3 years,MORTGAGE,160000.0,Mar-2018,debt_consolidation,5.63,735.0
100105776,3500.0, 36 months,11.39,B,B3,10+ years,RENT,55000.0,Mar-2017,debt_consolidation,20.73,680.0
8567524,26000.0, 36 months,11.99,B,B3,1 year,RENT,60000.0,Nov-2013,debt_consolidation,20.12,710.0
135902470,11200.0, 36 months,11.05,B,B4,4 years,OWN,84000.0,Jun-2018,other,16.72,760.0
46155175,27200.0, 60 months,9.99,B,B3,3 years,RENT,61500.0,Apr-2015,debt_consolidation,17.62,730.0
109564595,18000.0, 60 months,9.44,B,B1,10+ years,MORTGAGE,135000.0,Jun-2017,credit_card,21.54,700.0
60881345,23625.0, 36 months,10.99,B,B4,8 years,MORTGAGE,86000.0,Sep-2015,debt_consolidation,21.07,705.0
62389135,15000.0, 36 months,8.18,B,B1,10+ years,RENT,55000.0,Oct-2015,credit_card,9.21,670.0
5874649,13000.0, 36 months,10.64,B,B2,3 years,MORTGAGE,72000.0,Jul-2013,credit_card,13.83,695.0
105903697,24000.0, 36 months,10.49,B,B2,5 years,MORTGAGE,140000.0,Apr-2017,debt_consolidation,15.52,680.0
70963437,10000.0, 36 months,10.75,B,B4,,MORTGAGE,10560.0,Feb-2016,credit_card,77.95,690.0
77051539,15000.0, 60 months,10.75,B,B4,7 years,OWN,45000.0,Apr-2016,credit_card,8.53,685.0
76092298,12000.0, 36 months,11.47,B,B5,8 years,RENT,66000.0,Apr-2016,debt_consolidation,20.6,665.0
16511891,11125.0, 60 months,10.99,B,B3,,MORTGAGE,56000.0,Oct-2014,debt_consolidation,19.48,710.0
133211024,11000.0, 36 months,10.56,B,B3,8 years,MORTGAGE,79000.0,May-2018,debt_consolidation,22.53,710.0
144389866,6000.0, 36 months,10.33,B,B1,< 1 year,RENT,55000.0,Dec-2018,debt_consolidation,21.36,695.0
143165259,16000.0, 36 months,11.55,B,B4,< 1 year,RENT,75000.0,Nov-2018,debt_consolidation,10.14,740.0
110087383,3000.0, 36 months,10.91,B,B4,1 year,RENT,61000.0,Jun-2017,debt_consolidation,11.65,675.0
93713951,9600.0, 36 months,11.49,B,B5,2 years,RENT,40000.0,Nov-2016,credit_card,15.72,690.0
80318196,8000.0, 36 months,10.75,B,B4,4 years,RENT,60000.0,Jun-2016,major_purchase,7.88,730.0
56101370,3600.0, 36 months,11.53,B,B5,10+ years,RENT,31980.0,Aug-2015,car,13.81,685.0
128492781,20000.0, 36 months,11.99,B,B5,3 years,RENT,57200.0,Feb-2018,debt_consolidation,28.91,750.0
97620643,4000.0, 36 months,11.44,B,B4,,OWN,25000.0,Feb-2017,debt_consolidation,29.72,715.0
100246281,16000.0, 36 months,11.44,B,B4,10+ years,MORTGAGE,104000.0,Mar-2017,debt_consolidation,29.02,670.0
57478341,15000.0, 36 months,9.17,B,B2,10+ years,MORTGAGE,68000.0,Aug-2015,major_purchase,14.51,690.0
93979129,30000.0, 36 months,8.24,B,B1,4 years,MORTGAGE,150000.0,Dec-2016,debt_consolidation,16.64,680.0
93811310,14000.0, 36 months,11.44,B,B4,6 years,MORTGAGE,130000.0,Nov-2016,debt_consolidation,8.89,680.0
77229427,10000.0, 36 months,9.16,B,B2,,RENT,40000.0,Apr-2016,other,27.54,700.0
99677953,6000.0, 36 months,11.49,B,B5,4 years,RENT,30000.0,Mar-2017,debt_consolidation,9.4,700.0
6839137,9500.0, 36 months,10.99,B,B3,4 years,MORTGAGE,34000.0,Jun-2014,debt_consolidation,8.82,690.0
145222706,30000.0, 36 months,11.8,B,B4,2 years,MORTGAGE,88500.0,Dec-2018,debt_consolidation,12.89,700.0
46154416,15600.0, 60 months,10.99,B,B4,5 years,MORTGAGE,90000.0,Apr-2015,home_improvement,11.04,660.0
120889676,20000.0, 60 months,11.99,B,B5,,MORTGAGE,67000.0,Oct-2017,debt_consolidation,24.07,720.0
145212057,10800.0, 36 months,11.31,B,B3,10+ years,MORTGAGE,65000.0,Dec-2018,debt_consolidation,35.88,705.0
102375714,23300.0, 36 months,10.49,B,B2,10+ years,MORTGAGE,204000.0,Mar-2017,debt_consolidation,12.15,740.0
115149512,15000.0, 36 months,11.99,B,B5,5 years,RENT,57000.0,Aug-2017,debt_consolidation,8.38,660.0
42375594,21000.0, 60 months,9.99,B,B3,10+ years,MORTGAGE,88000.0,Mar-2015,debt_consolidation,24.17,730.0
8785587,5600.0, 36 months,9.67,B,B1,5 years,RENT,65000.0,Jan-2014,credit_card,7.51,725.0
85581052,7475.0, 36 months,11.49,B,B5,< 1 year,RENT,22000.0,Jul-2016,debt_consolidation,22.97,735.0
111097951,16000.0, 60 months,9.44,B,B1,10+ years,MORTGAGE,91000.0,Jul-2017,debt_consolidation,24.28,720.0
44339155,21000.0, 36 months,8.18,B,B1,4 years,MORTGAGE,51000.0,Apr-2015,debt_consolidation,33.04,715.0
92113339,20000.0, 36 months,10.49,B,B2,5 years,RENT,100000.0,Nov-2016,small_business,17.06,730.0
143460827,11000.0, 60 months,11.8,B,B4,3 years,OWN,66000.0,Nov-2018,credit_card,12.75,695.0
75728754,15000.0, 36 months,9.16,B,B2,10+ years,MORTGAGE,65000.0,Mar-2016,debt_consolidation,14.05,680.0
55573216,14400.0, 60 months,11.53,B,B5,10+ years,MORTGAGE,60000.0,Jul-2015,debt_consolidation,36.7,705.0
21901041,15000.0, 36 months,12.49,B,B5,< 1 year,RENT,90000.0,Jul-2014,debt_consolidation,6.88,660.0
109005841,18000.0, 60 months,9.44,B,B1,8 years,RENT,60000.0,May-2017,debt_consolidation,19.68,750.0
138003878,4500.0, 36 months,12.73,B,B5,< 1 year,RENT,45000.0,Aug-2018,debt_consolidation,22.91,770.0
62105981,15000.0, 36 months,10.99,B,B4,2 years,OWN,67600.0,Nov-2015,debt_consolidation,9.73,690.0
136099480,10000.0, 36 months,11.55,B,B4,2 years,MORTGAGE,135000.0,Jul-2018,credit_card,32.11,680.0
40049911,13200.0, 36 months,10.99,B,B4,3 years,OWN,45000.0,Feb-2015,debt_consolidation,11.97,700.0
132180710,30000.0, 60 months,12.13,B,B5,,OWN,50000.0,Jun-2018,debt_consolidation,15.12,790.0
97912301,2800.0, 36 months,11.49,B,B5,4 years,RENT,15605.0,Feb-2017,credit_card,17.77,670.0
10786665,18000.0, 36 months,10.99,B,B2,3 years,MORTGAGE,87450.0,Jan-2014,debt_consolidation,23.27,680.0
75221649,7000.0, 36 months,8.39,B,B1,< 1 year,MORTGAGE,54000.0,Mar-2016,debt_consolidation,14.87,680.0
84455551,17000.0, 60 months,10.49,B,B3,10+ years,MORTGAGE,108000.0,Jul-2016,debt_consolidation,16.64,755.0
87073395,35000.0, 36 months,9.49,B,B2,10+ years,MORTGAGE,400000.0,Aug-2016,debt_consolidation,18.31,685.0
122244754,12000.0, 36 months,9.93,B,B2,10+ years,MORTGAGE,110000.0,Oct-2017,debt_consolidation,22.75,715.0
33110381,10000.0, 36 months,10.99,B,B3,,OWN,44500.0,Oct-2014,credit_card,23.62,695.0
118437558,40000.0, 36 months,11.99,B,B5,8 years,RENT,55000.0,Sep-2017,credit_card,29.46,690.0
2897040,12000.0, 36 months,13.11,B,B4,10+ years,RENT,93000.0,Jan-2013,debt_consolidation,13.97,670.0
96329659,32000.0, 36 months,10.49,B,B2,4 years,RENT,120000.0,Jan-2017,debt_consolidation,20.28,675.0
144080108,10000.0, 36 months,11.31,B,B3,1 year,MORTGAGE,60000.0,Nov-2018,debt_consolidation,9.42,660.0
122206514,15000.0, 36 months,9.44,B,B1,10+ years,MORTGAGE,290000.0,Nov-2017,debt_consolidation,20.58,690.0
137020807,15000.0, 60 months,10.47,B,B2,,MORTGAGE,96000.0,Jul-2018,debt_consolidation,15.26,805.0
113690276,15000.0, 36 months,10.91,B,B4,1 year,OWN,72000.0,Jul-2017,debt_consolidation,12.58,675.0
138131549,40000.0, 36 months,12.73,B,B5,7 years,RENT,210000.0,Aug-2018,major_purchase,2.31,740.0
3666108,21000.0, 60 months,11.14,B,B2,9 years,MORTGAGE,147000.0,Mar-2013,debt_consolidation,13.68,700.0
55981961,15000.0, 36 months,9.17,B,B2,2 years,RENT,112000.0,Jul-2015,debt_consolidation,8.41,690.0
111925506,12000.0, 36 months,10.42,B,B3,9 years,RENT,59000.0,Jun-2017,other,22.78,685.0
133823303,30000.0, 60 months,12.13,B,B5,3 years,MORTGAGE,67000.0,Jun-2018,debt_consolidation,16.96,720.0
133314394,4000.0, 36 months,14.52,C,C3,1 year,RENT,14000.0,May-2018,debt_consolidation,8.58,700.0
38161863,3975.0, 36 months,14.99,C,C5,10+ years,OWN,35000.0,Jan-2015,debt_consolidation,23.94,675.0
133802714,8000.0, 36 months,14.03,C,C2,3 years,MORTGAGE,103000.0,May-2018,home_improvement,20.55,660.0
29143816,12000.0, 60 months,13.98,C,C3,10+ years,MORTGAGE,49400.0,Oct-2014,debt_consolidation,28.29,690.0
73519585,21000.0, 60 months,13.67,C,C3,< 1 year,MORTGAGE,70000.0,Mar-2016,credit_card,27.69,700.0
56502528,12000.0, 36 months,12.29,C,C1,10+ years,MORTGAGE,120000.0,Jul-2015,debt_consolidation,12.48,685.0
1045795,17375.0, 36 months,14.27,C,C2,3 years,MORTGAGE,48000.0,Dec-2011,home_improvement,19.15,695.0
48130927,20000.0, 60 months,13.99,C,C4,2 years,RENT,65000.0,May-2015,debt_consolidation,31.85,690.0
72722606,4000.0, 36 months,13.67,C,C3,5 years,RENT,59000.0,Mar-2016,credit_card,5.39,710.0
125707604,10000.0, 36 months,14.08,C,C3,10+ years,OWN,75000.0,Dec-2017,car,7.79,680.0
6596396,19425.0, 60 months,14.33,C,C2,2 years,MORTGAGE,43219.0,Aug-2013,debt_consolidation,21.16,680.0
91632254,10000.0, 60 months,14.99,C,C4,6 years,MORTGAGE,75000.0,Oct-2016,credit_card,25.76,665.0
95251134,10200.0, 36 months,12.74,C,C1,< 1 year,RENT,55000.0,Dec-2016,debt_consolidation,10.74,670.0
48664156,8000.0, 36 months,12.29,C,C1,1 year,RENT,35360.0,May-2015,debt_consolidation,17.62,660.0
138211564,33200.0, 60 months,16.91,C,C5,10+ years,MORTGAGE,130000.0,Aug-2018,credit_card,24.75,715.0
85558171,9000.0, 36 months,14.49,C,C4,2 years,RENT,25000.0,Jul-2016,credit_card,32.03,720.0
134844638,2500.0, 36 months,14.52,C,C3,,RENT,14000.0,Jun-2018,other,3.0,700.0
121378956,25875.0, 60 months,14.08,C,C3,10+ years,RENT,149000.0,Oct-2017,credit_card,17.07,710.0
130238112,32000.0, 36 months,12.61,C,C1,6 years,MORTGAGE,45000.0,Apr-2018,credit_card,16.37,680.0
103518243,4500.0, 36 months,12.74,C,C1,10+ years,RENT,65000.0,Mar-2017,debt_consolidation,13.48,665.0
84244592,18000.0, 60 months,15.59,C,C5,10+ years,RENT,65000.0,Jul-2016,debt_consolidation,27.01,695.0
104684304,40000.0, 60 months,15.99,C,C5,10+ years,MORTGAGE,128500.0,Apr-2017,debt_consolidation,19.84,700.0
58110130,20000.0, 60 months,13.33,C,C3,4 years,MORTGAGE,70000.0,Aug-2015,debt_consolidation,15.38,665.0
120579803,6025.0, 36 months,16.02,C,C5,1 year,RENT,28320.0,Oct-2017,credit_card,20.59,665.0
28823890,8500.0, 36 months,12.99,C,C1,1 year,MORTGAGE,36000.0,Oct-2014,debt_consolidation,28.27,685.0
66330434,15800.0, 36 months,13.67,C,C4,10+ years,RENT,37655.0,Dec-2015,debt_consolidation,15.84,675.0
127897361,2000.0, 36 months,14.08,C,C3,9 years,RENT,18500.0,Feb-2018,debt_consolidation,19.99,695.0
48181648,12000.0, 36 months,13.33,C,C3,3 years,RENT,85000.0,May-2015,debt_consolidation,23.13,660.0
139835921,11650.0, 36 months,16.14,C,C4,2 years,RENT,86224.0,Oct-2018,moving,17.44,670.0
129354139,24000.0, 36 months,14.07,C,C3,2 years,RENT,50570.0,Mar-2018,other,18.25,660.0
108501570,24000.0, 36 months,13.59,C,C2,10+ years,MORTGAGE,57000.0,May-2017,credit_card,24.82,675.0
46284786,4000.0, 36 months,12.29,C,C1,10+ years,MORTGAGE,50000.0,Apr-2015,small_business,11.98,695.0
139363743,32000.0, 36 months,16.14,C,C4,< 1 year,RENT,72000.0,Aug-2018,debt_consolidation,8.94,675.0
109037642,25000.0, 60 months,16.02,C,C5,9 years,MORTGAGE,75000.0,May-2017,debt_consolidation,18.88,710.0
85640297,12000.0, 36 months,13.49,C,C2,< 1 year,RENT,35000.0,Jul-2016,debt_consolidation,32.99,670.0
70923278,35000.0, 60 months,11.99,C,C1,10+ years,MORTGAGE,101000.0,Feb-2016,debt_consolidation,15.61,720.0
121810765,4800.0, 36 months,15.05,C,C4,10+ years,MORTGAGE,85000.0,Oct-2017,medical,9.78,665.0
49217810,27500.0, 36 months,14.65,C,C5,8 years,RENT,62500.0,May-2015,debt_consolidation,14.36,680.0
60970643,30000.0, 60 months,12.29,C,C1,10+ years,OWN,250000.0,Sep-2015,home_improvement,7.53,740.0
68443377,7000.0, 36 months,14.85,C,C5,2 years,MORTGAGE,60000.0,Dec-2015,debt_consolidation,24.66,670.0
65786889,16000.0, 60 months,13.18,C,C3,9 years,RENT,68000.0,Nov-2015,credit_card,18.64,695.0
133208690,30875.0, 36 months,13.06,C,C1,10+ years,MORTGAGE,130000.0,May-2018,debt_consolidation,26.21,715.0
64077259,7500.0, 36 months,13.18,C,C3,1 year,RENT,61000.0,Nov-2015,other,23.94,700.0
74785319,16000.0, 60 months,12.99,C,C2,10+ years,RENT,50000.0,Mar-2016,credit_card,16.99,690.0
89994960,19000.0, 36 months,13.99,C,C3,10+ years,OWN,52000.0,Sep-2016,debt_consolidation,27.97,665.0
123022347,22000.0, 60 months,13.59,C,C2,10+ years,MORTGAGE,60000.0,Nov-2017,debt_consolidation,26.78,710.0
11945039,18000.0, 60 months,15.61,C,C5,10+ years,MORTGAGE,95000.0,Feb-2014,credit_card,21.12,710.0
97508920,21000.0, 60 months,13.99,C,C3,6 years,RENT,125000.0,Feb-2017,debt_consolidation,12.0,685.0
58892594,9000.0, 36 months,13.99,C,C4,1 year,RENT,62000.0,Aug-2015,medical,23.58,675.0
2835707,10000.0, 36 months,15.31,C,C2,1 year,MORTGAGE,84000.0,Jan-2013,home_improvement,9.14,665.0
19166901,17350.0, 36 months,13.98,C,C3,< 1 year,MORTGAGE,53169.0,Jun-2014,debt_consolidation,11.91,715.0
60415215,6700.0, 36 months,12.69,C,C2,10+ years,MORTGAGE,41000.0,Sep-2015,debt_consolidation,2.87,670.0
109848989,7000.0, 36 months,15.05,C,C4,10+ years,RENT,30000.0,Jun-2017,debt_consolidation,22.04,685.0
69646714,7200.0, 36 months,11.99,C,C1,2 years,RENT,48000.0,Feb-2016,debt_consolidation,10.5,675.0
5166080,3750.0, 36 months,14.33,C,C1,8 years,MORTGAGE,32000.0,May-2013,debt_consolidation,19.8,660.0
11698204,8800.0, 36 months,13.65,C,C1,10+ years,RENT,80000.0,Feb-2014,debt_consolidation,13.98,705.0
142069218,7000.0, 36 months,14.47,C,C2,6 years,RENT,50000.0,Oct-2018,debt_consolidation,20.31,690.0
112987766,3000.0, 36 months,13.59,C,C2,4 years,RENT,55000.0,Jul-2017,debt_consolidation,11.98,680.0
5845153,13475.0, 36 months,15.88,C,C4,3 years,RENT,52000.0,Jul-2013,debt_consolidation,21.5,705.0
84433308,24000.0, 60 months,13.99,C,C3,6 years,OWN,101000.0,Jul-2016,home_improvement,6.84,770.0
27691704,8400.0, 36 months,13.35,C,C2,10+ years,MORTGAGE,86000.0,Oct-2014,debt_consolidation,23.51,695.0
103921732,24825.0, 36 months,13.49,C,C2,9 years,RENT,75000.0,Apr-2017,other,23.73,760.0
46762276,3500.0, 36 months,12.69,C,C2,10+ years,MORTGAGE,43000.0,Apr-2015,home_improvement,28.94,685.0
113178752,15000.0, 36 months,12.62,C,C1,10+ years,RENT,45000.0,Jul-2017,debt_consolidation,9.6,745.0
34452690,12000.0, 36 months,14.99,C,C5,7 years,RENT,48000.0,Nov-2014,debt_consolidation,24.65,670.0
59079709,6600.0, 36 months,12.29,C,C1,9 years,RENT,49000.0,Aug-2015,debt_consolidation,12.4,685.0
1204574,11000.0, 36 months,13.99,C,C1,5 years,RENT,28000.0,Apr-2012,credit_card,21.04,675.0
70835103,13000.0, 36 months,12.99,C,C2,4 years,RENT,40000.0,Feb-2016,debt_consolidation,26.13,675.0
96930510,1500.0, 36 months,12.74,C,C1,8 years,RENT,48000.0,Jan-2017,debt_consolidation,21.93,700.0
38628838,21000.0, 36 months,13.66,C,C3,10+ years,MORTGAGE,110000.0,Jan-2015,credit_card,25.59,675.0
44017839,7000.0, 36 months,13.33,C,C3,10+ years,RENT,43680.0,Apr-2015,debt_consolidation,34.67,685.0
37651670,15000.0, 36 months,14.31,C,C4,10+ years,MORTGAGE,200000.0,Dec-2014,debt_consolidation,21.39,670.0
144705367,6000.0, 36 months,15.02,C,C3,5 years,MORTGAGE,60000.0,Dec-2018,debt_consolidation,28.68,685.0
86912329,33000.0, 60 months,15.59,C,C5,< 1 year,MORTGAGE,126700.0,Aug-2016,credit_card,16.72,680.0
145221195,30000.0, 36 months,15.02,C,C3,10+ years,OWN,176000.0,Dec-2018,debt_consolidation,21.68,710.0
119336653,25000.0, 60 months,12.62,C,C1,< 1 year,MORTGAGE,0.0,Sep-2017,debt_consolidation,,720.0
85615147,13000.0, 36 months,15.59,C,C5,4 years,OWN,45000.0,Jul-2016,credit_card,19.6,660.0
141530058,6600.0, 36 months,16.91,C,C5,10+ years,MORTGAGE,91000.0,Oct-2018,debt_consolidation,4.98,660.0
72765952,8000.0, 36 months,12.99,C,C2,,RENT,25000.0,Mar-2016,credit_card,9.41,665.0
136497154,27525.0, 60 months,16.91,C,C5,10+ years,MORTGAGE,136000.0,Jul-2018,credit_card,26.2,695.0
68475401,10000.0, 36 months,12.88,C,C2,10+ years,MORTGAGE,62000.0,Dec-2015,home_improvement,22.18,680.0
141929342,12000.0, 36 months,16.91,C,C5,,OWN,35000.0,Oct-2018,debt_consolidation,15.6,685.0
139851660,25000.0, 36 months,16.14,C,C4,7 years,RENT,95000.0,Sep-2018,debt_consolidation,26.09,730.0
93605639,10000.0, 36 months,12.74,C,C1,10+ years,RENT,95000.0,Nov-2016,credit_card,13.01,660.0
49984653,4875.0, 36 months,13.99,C,C4,,MORTGAGE,20652.0,May-2015,debt_consolidation,20.4,675.0
132401103,14500.0, 36 months,12.61,C,C1,8 years,MORTGAGE,70000.0,May-2018,credit_card,26.42,700.0
36361829,13375.0, 60 months,14.99,C,C5,6 years,MORTGAGE,30500.0,Dec-2014,debt_consolidation,31.84,715.0
107064832,8400.0, 36 months,15.05,C,C4,5 years,RENT,130000.0,May-2017,major_purchase,6.25,670.0
98103824,3600.0, 36 months,12.74,C,C1,10+ years,MORTGAGE,85000.0,Feb-2017,debt_consolidation,32.47,690.0
44046932,20000.0, 36 months,13.33,C,C3,,MORTGAGE,60000.0,Apr-2015,medical,25.1,665.0
31607449,8175.0, 36 months,12.99,C,C1,10+ years,RENT,76329.0,Oct-2014,debt_consolidation,33.52,700.0
65954169,10000.0, 36 months,11.99,C,C1,10+ years,RENT,52000.0,Dec-2015,debt_consolidation,7.66,720.0
41030341,14600.0, 36 months,12.69,C,C2,7 years,OWN,43000.0,Feb-2015,debt_consolidation,18.92,675.0
120275483,20000.0, 36 months,12.62,C,C1,2 years,RENT,100000.0,Oct-2017,credit_card,10.85,660.0
141467090,12600.0, 36 months,16.14,C,C4,10+ years,RENT,113802.0,Oct-2018,home_improvement,19.33,675.0
115394911,23000.0, 60 months,14.08,C,C3,10+ years,MORTGAGE,22000.0,Aug-2017,debt_consolidation,25.15,670.0
81474647,8500.0, 36 months,12.99,C,C2,10+ years,MORTGAGE,84000.0,Jun-2016,debt_consolidation,25.66,675.0
17864580,20000.0, 60 months,14.49,C,C4,10+ years,MORTGAGE,110000.0,Jun-2014,credit_card,12.98,710.0
76589101,16000.0, 60 months,15.31,C,C5,10+ years,MORTGAGE,70000.0,Apr-2016,credit_card,27.5,715.0
38569164,15175.0, 36 months,14.99,C,C5,6 years,RENT,38000.0,Jan-2015,debt_consolidation,27.07,705.0
116816928,6025.0, 36 months,13.59,C,C2,8 years,MORTGAGE,72000.0,Aug-2017,debt_consolidation,17.61,700.0
110253013,5000.0, 36 months,16.02,C,C5,10+ years,MORTGAGE,60000.0,Jun-2017,home_improvement,29.86,685.0
3665476,12000.0, 36 months,14.33,C,C1,10+ years,RENT,38480.0,Mar-2013,debt_consolidation,20.43,725.0
109956071,3600.0, 36 months,12.62,C,C1,10+ years,MORTGAGE,65000.0,May-2017,vacation,13.7,695.0
1038542,2000.0, 36 months,14.27,C,C2,1 year,MORTGAGE,27600.0,Nov-2011,debt_consolidation,6.74,705.0
120216986,40000.0, 60 months,14.08,C,C3,< 1 year,MORTGAGE,130000.0,Oct-2017,debt_consolidation,22.83,740.0
112380283,35000.0, 60 months,16.02,C,C5,10+ years,MORTGAGE,100000.0,Jul-2017,major_purchase,16.81,730.0
125164636,14400.0, 36 months,12.62,C,C1,2 years,RENT,42000.0,Dec-2017,debt_consolidation,35.17,705.0
131364117,3000.0, 36 months,14.07,C,C3,2 years,RENT,24000.0,Apr-2018,credit_card,15.4,675.0
28643374,10000.0, 36 months,12.99,C,C1,4 years,MORTGAGE,54000.0,Oct-2014,home_improvement,14.11,685.0
73652343,8000.0, 36 months,13.67,C,C3,5 years,MORTGAGE,56000.0,Mar-2016,credit_card,15.66,660.0
92220336,15000.0, 36 months,12.74,C,C1,2 years,RENT,40000.0,Nov-2016,credit_card,20.18,715.0
141078310,4200.0, 36 months,16.91,C,C5,1 year,OWN,50000.0,Sep-2018,credit_card,21.75,695.0
145081823,13800.0, 36 months,13.56,C,C1,3 years,RENT,135000.0,Dec-2018,debt_consolidation,18.01,675.0
110441314,5000.0, 36 months,12.62,C,C1,4 years,OWN,18500.0,Jun-2017,debt_consolidation,29.14,725.0
20810081,7500.0, 36 months,14.49,C,C4,10+ years,MORTGAGE,90000.0,Jul-2014,home_improvement,10.56,660.0
102465340,9600.0, 36 months,14.99,C,C4,4 years,RENT,55000.0,Mar-2017,credit_card,25.77,725.0
137387624,11500.0, 36 months,14.47,C,C2,10+ years,MORTGAGE,72000.0,Jul-2018,home_improvement,20.45,695.0
57762581,31925.0, 36 months,12.29,C,C1,6 years,RENT,103000.0,Aug-2015,small_business,20.31,705.0
120590480,7200.0, 36 months,15.05,C,C4,7 years,MORTGAGE,52000.0,Oct-2017,other,20.77,660.0
81564918,2500.0, 36 months,11.99,C,C1,2 years,RENT,45000.0,Jun-2016,other,4.13,670.0
40570201,6000.0, 36 months,12.99,C,C2,6 years,MORTGAGE,36800.0,Jan-2015,debt_consolidation,17.71,670.0
51117239,4000.0, 36 months,12.69,C,C2,< 1 year,RENT,30000.0,Jun-2015,debt_consolidation,14.64,680.0
58110892,2400.0, 36 months,13.99,C,C4,2 years,RENT,18667.0,Aug-2015,debt_consolidation,23.67,695.0
111069810,10000.0, 60 months,13.59,C,C2,9 years,MORTGAGE,36200.0,Jun-2017,debt_consolidation,31.6,740.0
125810305,6000.0, 36 months,15.05,C,C4,,OWN,25000.0,Dec-2017,credit_card,20.88,660.0
20088095,4825.0, 36 months,14.49,C,C4,5 years,MORTGAGE,50000.0,Jul-2014,credit_card,21.51,670.0
141495702,23500.0, 60 months,16.91,C,C5,10+ years,RENT,47000.0,Oct-2018,credit_card,30.75,690.0
75282433,8000.0, 36 months,13.67,C,C3,5 years,RENT,50000.0,Mar-2016,debt_consolidation,24.48,710.0
63477811,9000.0, 36 months,14.65,C,C5,1 year,RENT,47250.0,Oct-2015,debt_consolidation,15.42,675.0
10090755,14075.0, 36 months,13.98,C,C1,8 years,RENT,36000.0,Jan-2014,debt_consolidation,16.63,665.0
12977227,5825.0, 36 months,12.99,C,C1,4 years,MORTGAGE,66000.0,Jul-2014,credit_card,11.4,665.0
103912019,3600.0, 36 months,13.99,C,C3,10+ years,MORTGAGE,35000.0,Apr-2017,debt_consolidation,28.29,675.0
74682926,14000.0, 60 months,11.99,C,C1,4 years,MORTGAGE,65000.0,Mar-2016,debt_consolidation,22.84,710.0
70856214,15000.0, 60 months,13.67,C,C3,6 years,MORTGAGE,70000.0,Feb-2016,debt_consolidation,20.32,670.0
36440558,10000.0, 36 months,12.39,C,C1,1 year,RENT,50000.0,Dec-2014,credit_card,27.63,665.0
10618768,15000.0, 36 months,14.98,C,C3,10+ years,MORTGAGE,72000.0,Jan-2014,debt_consolidation,8.93,665.0
97882261,14400.0, 36 months,12.74,C,C1,1 year,MORTGAGE,72000.0,Feb-2017,debt_consolidation,15.02,670.0
77552374,27000.0, 60 months,14.46,C,C4,10+ years,MORTGAGE,54000.0,Apr-2016,debt_consolidation,13.82,715.0
72645733,20000.0, 36 months,14.46,C,C4,8 years,MORTGAGE,72720.0,Feb-2016,debt_consolidation,21.27,670.0
94231097,1500.0, 36 months,13.99,C,C3,10+ years,RENT,38890.0,Dec-2016,credit_card,32.16,665.0
120642535,2000.0, 36 months,15.05,C,C4,< 1 year,MORTGAGE,50000.0,Oct-2017,credit_card,26.01,680.0
41144615,3600.0, 36 months,13.99,C,C4,7 years,MORTGAGE,30000.0,Mar-2015,credit_card,30.64,670.0
65179627,9400.0, 36 months,14.33,C,C5,3 years,MORTGAGE,60000.0,Nov-2015,debt_consolidation,13.24,660.0
19476510,19000.0, 36 months,13.35,C,C2,,MORTGAGE,70000.0,Jul-2014,credit_card,15.45,670.0
94151984,6000.0, 36 months,13.49,C,C2,2 years,MORTGAGE,140000.0,Dec-2016,other,16.29,680.0
110052001,22400.0, 60 months,12.62,C,C1,3 years,MORTGAGE,160000.0,Jun-2017,debt_consolidation,23.53,665.0
3096651,13175.0, 36 months,14.33,C,C1,10+ years,MORTGAGE,80000.0,Jan-2013,debt_consolidation,15.09,660.0
88216147,17000.0, 60 months,14.49,C,C4,9 years,RENT,68064.0,Sep-2016,debt_consolidation,16.43,675.0
70993499,15000.0, 36 months,11.99,C,C1,5 years,MORTGAGE,70000.0,Feb-2016,debt_consolidation,22.12,665.0
55957162,10000.0, 60 months,13.33,C,C3,1 year,MORTGAGE,60000.0,Jul-2015,debt_consolidation,14.92,665.0
85280356,6000.0, 36 months,14.49,C,C4,1 year,RENT,25000.0,Jul-2016,debt_consolidation,15.36,720.0
40943042,2000.0, 36 months,13.33,C,C3,10+ years,OWN,62500.0,Feb-2015,credit_card,34.87,690.0
116250279,20000.0, 60 months,16.02,C,C5,3 years,MORTGAGE,100000.0,Aug-2017,debt_consolidation,8.65,675.0
48585309,7600.0, 36 months,14.65,C,C5,5 years,RENT,43000.0,May-2015,debt_consolidation,24.67,660.0
135817141,11000.0, 36 months,16.91,C,C5,1 year,OWN,50000.0,Jul-2018,debt_consolidation,13.61,700.0
7339211,8400.0, 60 months,16.2,C,C4,10+ years,RENT,48000.0,Sep-2013,debt_consolidation,16.5,765.0
94045669,12000.0, 36 months,13.49,C,C2,1 year,RENT,60000.0,Dec-2016,debt_consolidation,10.6,670.0
34312086,35000.0, 60 months,14.99,C,C5,10+ years,OWN,91511.0,Nov-2014,debt_consolidation,22.31,665.0
9777784,14000.0, 60 months,14.98,C,C3,8 years,MORTGAGE,100000.0,Dec-2013,debt_consolidation,20.64,690.0
131377533,10500.0, 36 months,12.61,C,C1,10+ years,MORTGAGE,30000.0,Apr-2018,credit_card,33.32,715.0
115715545,10000.0, 36 months,16.02,C,C5,1 year,MORTGAGE,39999.0,Aug-2017,debt_consolidation,32.7,685.0
88097165,6000.0, 36 months,15.59,C,C5,5 years,MORTGAGE,45000.0,Aug-2016,other,16.24,670.0
45304593,11000.0, 36 months,14.65,C,C5,5 years,MORTGAGE,39085.0,Apr-2015,debt_consolidation,25.36,765.0
71005151,9400.0, 36 months,15.31,C,C5,,MORTGAGE,60000.0,Feb-2016,credit_card,23.8,695.0
70780131,15000.0, 60 months,15.31,C,C5,9 years,RENT,46000.0,Feb-2016,debt_consolidation,19.8,720.0
90693473,16800.0, 60 months,13.99,C,C3,1 year,RENT,106000.0,Oct-2016,debt_consolidation,25.89,745.0
70562679,6000.0, 36 months,13.67,C,C3,10+ years,RENT,57825.0,Feb-2016,debt_consolidation,14.57,670.0
45364489,17250.0, 60 months,13.33,C,C3,1 year,MORTGAGE,65000.0,Apr-2015,debt_consolidation,7.68,700.0
27672164,6000.0, 36 months,14.99,C,C5,10+ years,RENT,42000.0,Oct-2014,credit_card,18.37,660.0
106956444,14000.0, 36 months,13.99,C,C3,6 years,MORTGAGE,87320.0,May-2017,home_improvement,20.81,675.0
40981899,10000.0, 36 months,13.99,C,C4,8 years,RENT,70000.0,Feb-2015,debt_consolidation,25.82,680.0
41319355,20000.0, 36 months,13.99,C,C4,10+ years,MORTGAGE,62000.0,Feb-2015,credit_card,10.94,665.0
68418273,5000.0, 36 months,11.99,C,C1,3 years,RENT,20000.0,Jan-2016,credit_card,31.15,695.0
12997223,15400.0, 60 months,14.16,C,C2,6 years,RENT,58000.0,Mar-2014,debt_consolidation,27.04,680.0
20859529,4500.0, 36 months,14.99,C,C5,8 years,OWN,35000.0,Jul-2014,debt_consolidation,30.14,670.0
75223523,29600.0, 36 months,13.67,C,C3,10+ years,MORTGAGE,124000.0,Mar-2016,debt_consolidation,9.74,745.0
48886206,9000.0, 36 months,12.29,C,C1,10+ years,MORTGAGE,135000.0,May-2015,debt_consolidation,10.44,660.0
115096252,1000.0, 36 months,12.62,C,C1,,RENT,10000.0,Aug-2017,major_purchase,28.45,660.0
119387467,40000.0, 60 months,12.62,C,C1,10+ years,MORTGAGE,123000.0,Sep-2017,credit_card,15.8,695.0
127148540,30000.0, 60 months,12.62,C,C1,10+ years,RENT,115000.0,Jan-2018,debt_consolidation,19.45,715.0
43935423,5000.0, 36 months,12.29,C,C1,7 years,MORTGAGE,90000.0,Mar-2015,home_improvement,9.28,675.0
67838656,15250.0, 36 months,13.99,C,C4,10+ years,MORTGAGE,92000.0,Jan-2016,debt_consolidation,22.57,660.0
42061360,12600.0, 36 months,13.33,C,C3,10+ years,MORTGAGE,60000.0,Mar-2015,other,17.56,660.0
54463760,16000.0, 60 months,13.33,C,C3,< 1 year,RENT,50000.0,Jul-2015,debt_consolidation,24.58,695.0
104202410,15000.0, 36 months,15.99,C,C5,10+ years,RENT,89000.0,Apr-2017,moving,15.97,675.0
52406319,10900.0, 36 months,13.33,C,C3,5 years,OWN,31000.0,Jul-2015,debt_consolidation,38.32,660.0
113161164,12000.0, 60 months,12.62,C,C1,< 1 year,MORTGAGE,57000.0,Jul-2017,debt_consolidation,13.39,765.0
38952471,30000.0, 36 months,14.31,C,C4,10+ years,MORTGAGE,105000.0,Jan-2015,credit_card,18.49,705.0
74525730,15000.0, 60 months,11.99,C,C1,7 years,RENT,108000.0,Mar-2016,debt_consolidation,16.43,675.0
126282762,13000.0, 60 months,13.59,C,C2,10+ years,OWN,75000.0,Dec-2017,other,19.23,770.0
88713628,35000.0, 60 months,12.79,C,C1,8 years,MORTGAGE,190000.0,Aug-2016,home_improvement,8.25,710.0
113559257,9000.0, 36 months,16.02,C,C5,10+ years,MORTGAGE,65000.0,Jul-2017,debt_consolidation,18.69,665.0
58702848,15475.0, 36 months,12.29,C,C1,1 year,RENT,43000.0,Sep-2015,debt_consolidation,25.74,735.0
94261015,10000.0, 36 months,12.74,C,C1,10+ years,MORTGAGE,40000.0,Dec-2016,debt_consolidation,22.8,690.0
5042962,16500.0, 60 months,15.31,C,C2,10+ years,MORTGAGE,98000.0,May-2013,debt_consolidation,25.87,735.0
107105371,24000.0, 60 months,12.74,C,C1,10+ years,MORTGAGE,90000.0,May-2017,debt_consolidation,24.03,695.0
145279758,5000.0, 36 months,16.91,C,C5,,OWN,19300.0,Dec-2018,debt_consolidation,11.69,660.0
141051506,7500.0, 36 months,15.02,C,C3,10+ years,OWN,50000.0,Sep-2018,debt_consolidation,14.93,665.0
75367985,11200.0, 60 months,12.99,C,C2,,MORTGAGE,46000.0,Apr-2016,debt_consolidation,29.06,695.0
140387378,6025.0, 36 months,15.02,C,C3,4 years,RENT,53000.0,Sep-2018,house,21.63,685.0
70983467,7000.0, 36 months,15.31,C,C5,10+ years,RENT,40000.0,Feb-2016,debt_consolidation,36.3,665.0
1479604,16000.0, 36 months,14.33,C,C1,5 years,MORTGAGE,100000.0,Aug-2012,debt_consolidation,13.08,700.0
69434844,30000.0, 60 months,13.99,C,C4,2 years,MORTGAGE,66000.0,Jan-2016,credit_card,22.04,680.0
110530126,15000.0, 60 months,15.05,C,C4,10+ years,MORTGAGE,71000.0,Jun-2017,debt_consolidation,26.81,665.0
145414802,1600.0, 36 months,16.14,C,C4,,OWN,30000.0,Dec-2018,credit_card,5.16,700.0
91894554,15000.0, 36 months,12.74,C,C1,4 years,RENT,55000.0,Oct-2016,debt_consolidation,31.8,675.0
622808,20500.0, 60 months,12.61,C,C2,3 years,MORTGAGE,52800.0,Dec-2010,debt_consolidation,17.34,715.0
129802476,8000.0, 36 months,16.01,C,C5,4 years,RENT,40000.0,Mar-2018,debt_consolidation,9.09,660.0
57274366,6000.0, 36 months,12.69,C,C2,8 years,MORTGAGE,70000.0,Aug-2015,debt_consolidation,24.1,700.0
4305951,19000.0, 36 months,15.8,C,C3,2 years,MORTGAGE,79000.0,Apr-2013,debt_consolidation,19.84,670.0
78051485,12000.0, 36 months,12.99,C,C2,3 years,MORTGAGE,63500.0,Jun-2016,credit_card,23.66,695.0
41061905,16000.0, 60 months,13.99,C,C4,10+ years,MORTGAGE,40000.0,Feb-2015,debt_consolidation,5.22,675.0
83689971,25000.0, 60 months,13.99,C,C3,5 years,RENT,98000.0,Jun-2016,debt_consolidation,19.31,665.0
54100183,21000.0, 60 months,12.29,C,C1,2 years,MORTGAGE,300000.0,Jul-2015,credit_card,19.16,665.0
135595439,24000.0, 60 months,16.46,C,C5,10+ years,MORTGAGE,59500.0,Jun-2018,credit_card,28.54,715.0
108173473,14875.0, 60 months,13.59,C,C2,4 years,MORTGAGE,50000.0,May-2017,debt_consolidation,27.99,705.0
88013094,12000.0, 60 months,14.49,C,C4,10+ years,OWN,57000.0,Aug-2016,debt_consolidation,16.15,690.0
109326390,6400.0, 36 months,13.59,C,C2,3 years,RENT,48000.0,Jun-2017,credit_card,7.3,675.0
1006327,4500.0, 60 months,13.49,C,C1,1 year,RENT,37200.0,Nov-2011,car,18.16,705.0
1477060,11000.0, 36 months,17.27,C,C5,10+ years,RENT,40000.0,Aug-2012,debt_consolidation,22.44,665.0
114173300,1000.0, 36 months,15.05,C,C4,< 1 year,RENT,33000.0,Jul-2017,vacation,21.24,690.0
29133796,15350.0, 36 months,13.98,C,C3,10+ years,MORTGAGE,60000.0,Oct-2014,debt_consolidation,21.86,665.0
111774308,8500.0, 36 months,16.02,C,C5,10+ years,RENT,176000.0,Jul-2017,other,5.28,690.0
6805243,10800.0, 36 months,14.33,C,C2,10+ years,MORTGAGE,62000.0,Aug-2013,debt_consolidation,28.9,685.0
85785245,6000.0, 36 months,15.59,C,C5,10+ years,RENT,52000.0,Aug-2016,debt_consolidation,26.91,695.0
145291766,15000.0, 60 months,15.02,C,C3,2 years,MORTGAGE,85000.0,Dec-2018,debt_consolidation,22.84,660.0
42293387,2500.0, 36 months,13.33,C,C3,10+ years,MORTGAGE,67000.0,Apr-2015,debt_consolidation,27.83,665.0
136583896,12000.0, 60 months,14.47,C,C2,10+ years,RENT,69000.0,Jul-2018,credit_card,23.15,665.0
50994130,15000.0, 36 months,13.33,C,C3,2 years,RENT,36000.0,Jul-2015,credit_card,21.03,680.0
122273040,10000.0, 60 months,15.05,C,C4,4 years,RENT,32000.0,Nov-2017,credit_card,26.73,680.0
70573127,35000.0, 36 months,14.46,C,C4,10+ years,RENT,200000.0,Feb-2016,other,8.38,670.0
65833431,35000.0, 60 months,14.33,C,C5,10+ years,OWN,139000.0,Dec-2015,home_improvement,30.2,720.0
53584821,28000.0, 36 months,12.29,C,C1,10+ years,MORTGAGE,79895.96,Jul-2015,credit_card,18.04,715.0
122341149,15000.0, 60 months,12.62,C,C1,< 1 year,MORTGAGE,60000.0,Nov-2017,debt_consolidation,15.24,755.0
103213018,14000.0, 36 months,15.99,C,C5,3 years,OWN,40000.0,Mar-2017,debt_consolidation,26.55,690.0
119358289,14000.0, 36 months,12.62,C,C1,5 years,RENT,100000.0,Sep-2017,debt_consolidation,22.62,665.0
57702246,6000.0, 36 months,14.65,C,C5,< 1 year,RENT,15000.0,Aug-2015,debt_consolidation,16.32,685.0
1675344,17000.0, 36 months,15.31,C,C2,6 years,MORTGAGE,48000.0,Oct-2012,credit_card,26.3,690.0
37277902,18000.0, 36 months,13.66,C,C3,,RENT,70000.0,Dec-2014,debt_consolidation,24.94,665.0
95407419,24000.0, 36 months,13.49,C,C2,4 years,MORTGAGE,225000.0,Dec-2016,credit_card,24.71,675.0
12597588,6500.0, 36 months,14.64,C,C3,10+ years,MORTGAGE,50716.0,Mar-2014,debt_consolidation,18.24,685.0
136610151,6000.0, 36 months,16.14,C,C4,10+ years,MORTGAGE,72000.0,Jul-2018,debt_consolidation,45.87,705.0
72112709,10000.0, 36 months,12.99,C,C2,8 years,RENT,115000.0,Mar-2016,debt_consolidation,6.93,665.0
59422365,27000.0, 36 months,12.69,C,C2,1 year,RENT,110000.0,Sep-2015,debt_consolidation,16.93,700.0
85655511,21000.0, 60 months,13.99,C,C3,< 1 year,RENT,50000.0,Jul-2016,debt_consolidation,29.5,695.0
144129174,10500.0, 36 months,16.91,C,C5,4 years,RENT,92000.0,Dec-2018,credit_card,18.39,675.0
75660339,2200.0, 36 months,15.31,C,C5,10+ years,RENT,55000.0,Mar-2016,major_purchase,37.2,675.0
143953973,30000.0, 36 months,14.47,C,C2,10+ years,MORTGAGE,119000.0,Nov-2018,debt_consolidation,13.0,665.0
70282754,14000.0, 60 months,13.67,C,C3,2 years,RENT,50000.0,Feb-2016,debt_consolidation,24.77,675.0
17263037,6000.0, 36 months,13.98,C,C3,10+ years,MORTGAGE,70000.0,Jun-2014,debt_consolidation,4.63,665.0
108518453,10000.0, 36 months,12.62,C,C1,6 years,OWN,40000.0,May-2017,debt_consolidation,23.1,690.0
68368496,12000.0, 60 months,13.44,C,C3,10+ years,MORTGAGE,158000.0,Jan-2016,home_improvement,14.32,670.0
129668630,6000.0, 36 months,16.01,C,C5,6 years,RENT,20000.0,Mar-2018,credit_card,26.11,675.0
44776798,16000.0, 60 months,12.69,C,C2,10+ years,OWN,105000.0,May-2015,debt_consolidation,15.09,775.0
56270316,20000.0, 36 months,13.99,C,C4,10+ years,MORTGAGE,70000.0,Aug-2015,debt_consolidation,30.16,675.0
10755304,7000.0, 36 months,13.98,C,C1,2 years,RENT,31000.0,Jan-2014,debt_consolidation,20.09,665.0
143179839,10000.0, 36 months,15.02,C,C3,7 years,MORTGAGE,40000.0,Nov-2018,debt_consolidation,23.91,690.0
43904150,16000.0, 60 months,14.65,C,C5,10+ years,MORTGAGE,120000.0,Mar-2015,debt_consolidation,18.44,725.0
12336749,10500.0, 60 months,15.61,C,C5,3 years,RENT,98500.0,Feb-2014,debt_consolidation,20.03,695.0
87113037,3425.0, 36 months,14.49,C,C4,,MORTGAGE,88000.0,Aug-2016,vacation,4.64,660.0
64823123,5500.0, 36 months,14.33,C,C5,10+ years,RENT,54000.0,Nov-2015,small_business,13.67,665.0
22385000,25000.0, 36 months,12.99,C,C1,10+ years,RENT,80000.0,Jul-2014,debt_consolidation,28.25,680.0
68029806,32200.0, 60 months,13.67,C,C4,9 years,MORTGAGE,106000.0,Dec-2015,debt_consolidation,27.99,700.0
96325770,21025.0, 36 months,15.99,C,C5,3 years,MORTGAGE,47500.0,Jan-2017,small_business,19.86,735.0
91595267,6050.0, 36 months,14.99,C,C4,4 years,MORTGAGE,35000.0,Oct-2016,debt_consolidation,17.22,675.0
138442835,5700.0, 36 months,13.56,C,C1,10+ years,RENT,31200.0,Aug-2018,debt_consolidation,18.5,680.0
65956306,16625.0, 36 months,14.48,C,C5,5 years,OWN,52000.0,Dec-2015,house,20.24,665.0
131434362,9000.0, 36 months,15.04,C,C4,10+ years,MORTGAGE,48900.0,Apr-2018,credit_card,25.74,660.0
55139850,10850.0, 36 months,12.29,C,C1,10+ years,MORTGAGE,52000.0,Jul-2015,debt_consolidation,31.34,670.0
104309395,16100.0, 60 months,12.74,C,C1,10+ years,MORTGAGE,105000.0,Apr-2017,credit_card,6.64,660.0
423396,1000.0, 36 months,13.16,C,C3,2 years,RENT,42000.0,Jul-2009,other,19.63,670.0
87094534,12000.0, 60 months,12.79,C,C1,1 year,MORTGAGE,50500.0,Aug-2016,debt_consolidation,4.92,750.0
59541193,35000.0, 36 months,13.33,C,C3,10+ years,MORTGAGE,80000.0,Oct-2015,debt_consolidation,22.01,720.0
133077716,25000.0, 60 months,14.52,C,C3,10+ years,RENT,75000.0,May-2018,small_business,13.26,710.0
91081390,10000.0, 36 months,14.99,C,C4,3 years,MORTGAGE,100000.0,Oct-2016,credit_card,6.25,680.0
139106203,15000.0, 60 months,16.14,C,C4,,RENT,28414.0,Sep-2018,debt_consolidation,20.49,690.0
141382897,16000.0, 60 months,16.91,C,C5,10+ years,MORTGAGE,100000.0,Oct-2018,home_improvement,18.6,700.0
143360048,10000.0, 36 months,16.14,C,C4,< 1 year,MORTGAGE,95000.0,Nov-2018,debt_consolidation,28.76,675.0
75668384,5000.0, 36 months,15.31,C,C5,2 years,MORTGAGE,150000.0,Mar-2016,home_improvement,7.25,685.0
70361739,1000.0, 36 months,11.99,C,C1,6 years,RENT,45000.0,Feb-2016,moving,17.57,715.0
95588982,10000.0, 36 months,13.49,C,C2,,MORTGAGE,31000.0,Jan-2017,debt_consolidation,15.95,665.0
70750726,29000.0, 60 months,14.46,C,C4,10+ years,MORTGAGE,69000.0,Feb-2016,debt_consolidation,27.63,740.0
132483821,16000.0, 60 months,12.61,C,C1,10+ years,RENT,60000.0,Apr-2018,credit_card,32.74,765.0
46663058,8000.0, 36 months,12.29,C,C1,7 years,RENT,31000.0,Apr-2015,debt_consolidation,22.53,685.0
3096849,9000.0, 36 months,15.31,C,C2,6 years,MORTGAGE,50000.0,Jan-2013,debt_consolidation,11.66,665.0
60831280,2500.0, 36 months,12.29,C,C1,7 years,RENT,42000.0,Sep-2015,debt_consolidation,26.69,685.0
129129750,6000.0, 36 months,15.04,C,C4,< 1 year,RENT,172498.0,Feb-2018,debt_consolidation,28.68,705.0
91680271,8000.0, 36 months,14.99,C,C4,3 years,RENT,50000.0,Oct-2016,debt_consolidation,6.48,665.0
112497129,6000.0, 36 months,12.62,C,C1,1 year,RENT,60000.0,Jul-2017,credit_card,11.12,675.0
94415870,20000.0, 60 months,15.99,C,C5,10+ years,RENT,70000.0,Dec-2016,debt_consolidation,17.42,685.0
116524284,35000.0, 60 months,15.05,C,C4,2 years,MORTGAGE,200000.0,Aug-2017,credit_card,12.98,695.0
115014205,12000.0, 36 months,13.59,C,C2,2 years,RENT,80000.0,Aug-2017,credit_card,18.14,675.0
132367064,30000.0, 60 months,14.07,C,C3,2 years,MORTGAGE,106772.0,May-2018,home_improvement,28.8,700.0
122324372,16000.0, 60 months,12.62,C,C1,10+ years,RENT,75000.0,Nov-2017,debt_consolidation,36.78,755.0
129827326,10000.0, 60 months,16.01,C,C5,,MORTGAGE,44000.0,Mar-2018,credit_card,24.09,690.0
54818661,6400.0, 36 months,12.29,C,C1,1 year,MORTGAGE,75000.0,Jul-2015,other,29.34,685.0
10085990,25000.0, 36 months,16.24,C,C5,7 years,MORTGAGE,74000.0,Dec-2013,debt_consolidation,19.41,695.0
49524617,14000.0, 60 months,14.65,C,C5,10+ years,MORTGAGE,75000.0,May-2015,major_purchase,23.89,730.0
75144154,15000.0, 36 months,13.67,C,C3,2 years,RENT,60000.0,Mar-2016,house,1.74,690.0
66434945,10700.0, 60 months,13.18,C,C3,< 1 year,RENT,32000.0,Dec-2015,debt_consolidation,24.05,665.0
110690969,14000.0, 36 months,14.08,C,C3,10+ years,MORTGAGE,102000.0,Jun-2017,debt_consolidation,32.48,660.0
120654619,20000.0, 60 months,15.05,C,C4,< 1 year,MORTGAGE,100000.0,Oct-2017,credit_card,20.68,720.0
51245298,22075.0, 36 months,13.99,C,C4,4 years,MORTGAGE,60000.0,Jun-2015,debt_consolidation,24.52,705.0
42296827,21000.0, 60 months,12.69,C,C2,9 years,MORTGAGE,50000.0,Mar-2015,credit_card,26.74,660.0
6809431,7200.0, 36 months,15.22,C,C3,10+ years,RENT,45000.0,Sep-2013,debt_consolidation,5.76,665.0
128838363,14000.0, 36 months,13.59,C,C2,7 years,MORTGAGE,46000.0,Feb-2018,credit_card,31.31,660.0
1197293,27000.0, 60 months,14.65,C,C2,10+ years,OWN,80000.0,Mar-2012,other,15.33,730.0
70914175,20000.0, 60 months,14.46,C,C4,2 years,MORTGAGE,132000.0,Feb-2016,debt_consolidation,17.62,690.0
73057271,19550.0, 36 months,14.46,C,C4,10+ years,RENT,62500.0,Feb-2016,debt_consolidation,24.19,685.0
86513316,20000.0, 60 months,15.59,C,C5,,RENT,60000.0,Aug-2016,debt_consolidation,10.22,695.0
8295222,24375.0, 60 months,15.61,C,C3,< 1 year,MORTGAGE,55000.0,Oct-2013,debt_consolidation,23.02,680.0
107360959,5000.0, 36 months,13.49,C,C2,9 years,RENT,45000.0,May-2017,other,13.87,665.0
132594986,24000.0, 60 months,13.58,C,C2,10+ years,OWN,79300.0,May-2018,debt_consolidation,26.77,710.0
40951726,24000.0, 36 months,12.29,C,C1,3 years,RENT,100000.0,Feb-2015,debt_consolidation,17.09,675.0
97337867,10000.0, 36 months,14.99,C,C4,10+ years,RENT,55500.0,Feb-2017,debt_consolidation,11.9,665.0
135810360,3600.0, 36 months,14.52,C,C3,10+ years,RENT,50000.0,Jul-2018,vacation,33.39,700.0
85370218,8000.0, 36 months,12.79,C,C1,10+ years,MORTGAGE,70000.0,Jul-2016,other,13.1,680.0
71767383,22000.0, 60 months,14.46,C,C4,10+ years,OWN,125000.0,Feb-2016,debt_consolidation,11.8,660.0
118223959,27250.0, 60 months,15.05,C,C4,10+ years,MORTGAGE,57000.0,Sep-2017,debt_consolidation,19.77,705.0
131724827,5000.0, 36 months,13.58,C,C2,4 years,RENT,60000.0,Apr-2018,debt_consolidation,27.2,710.0
135266305,40000.0, 60 months,16.46,C,C5,10+ years,MORTGAGE,113000.0,Jun-2018,home_improvement,7.7,715.0
95227180,32000.0, 60 months,15.99,C,C5,10+ years,MORTGAGE,110000.0,Dec-2016,debt_consolidation,15.53,660.0
70102395,9125.0, 36 months,11.99,C,C1,2 years,RENT,77000.0,Feb-2016,credit_card,14.71,660.0
21220799,7000.0, 36 months,13.98,C,C3,6 years,OWN,28000.0,Jul-2014,credit_card,11.4,670.0
146564,8275.0, 36 months,10.59,C,C2,4 years,MORTGAGE,109000.0,Nov-2007,other,24.01,765.0
19135668,3000.0, 36 months,14.49,C,C4,10+ years,MORTGAGE,70000.0,Jun-2014,home_improvement,4.37,660.0
60863472,35000.0, 36 months,12.29,C,C1,10+ years,MORTGAGE,80000.0,Oct-2015,debt_consolidation,33.27,745.0
110181464,15000.0, 36 months,16.02,C,C5,5 years,RENT,55000.0,Jun-2017,credit_card,11.0,695.0
55072758,9175.0, 36 months,12.29,C,C1,3 years,RENT,160000.0,Jul-2015,vacation,5.56,670.0
135402483,15000.0, 36 months,14.52,C,C3,10+ years,MORTGAGE,95000.0,Jun-2018,debt_consolidation,34.77,715.0
130562128,40000.0, 60 months,12.61,C,C1,10+ years,MORTGAGE,250000.0,Apr-2018,home_improvement,3.23,705.0
87004043,20000.0, 36 months,13.49,C,C2,1 year,RENT,60000.0,Aug-2016,small_business,15.32,670.0
7628630,6000.0, 36 months,15.61,C,C4,10+ years,MORTGAGE,75000.0,Dec-2013,home_improvement,8.52,670.0
20107670,15000.0, 36 months,13.35,C,C2,1 year,RENT,58000.0,Jul-2014,debt_consolidation,24.54,675.0
120610695,5000.0, 36 months,15.05,C,C4,< 1 year,MORTGAGE,110000.0,Oct-2017,credit_card,15.45,675.0
54898316,20000.0, 36 months,12.69,C,C2,2 years,RENT,98000.0,Jul-2015,credit_card,17.19,685.0
68387909,20925.0, 36 months,12.88,C,C2,10+ years,MORTGAGE,130000.0,Jan-2016,debt_consolidation,17.01,700.0
4915630,12000.0, 36 months,15.8,C,C3,2 years,RENT,49000.0,Jun-2013,credit_card,18.98,695.0
16071594,15000.0, 60 months,14.49,C,C4,1 year,MORTGAGE,52000.0,May-2014,debt_consolidation,13.36,685.0
72246590,3500.0, 36 months,14.46,C,C4,< 1 year,RENT,65000.0,Feb-2016,debt_consolidation,32.44,695.0
44513719,6600.0, 36 months,12.69,C,C2,10+ years,RENT,42500.0,Apr-2015,other,17.59,710.0
112465153,15500.0, 36 months,16.02,C,C5,10+ years,MORTGAGE,66000.0,Jul-2017,debt_consolidation,19.82,660.0
25958191,32000.0, 36 months,14.49,C,C4,1 year,RENT,132000.0,Sep-2014,credit_card,29.11,670.0
33371524,12000.0, 60 months,13.98,C,C3,9 years,MORTGAGE,46000.0,Nov-2014,home_improvement,14.09,660.0
2477562,24000.0, 60 months,15.8,C,C3,2 years,MORTGAGE,93500.0,Dec-2012,debt_consolidation,21.96,690.0
83242298,4000.0, 36 months,14.49,C,C4,5 years,OWN,66000.0,Jun-2016,credit_card,18.8,665.0
89003926,9600.0, 36 months,13.49,C,C2,10+ years,RENT,26728.0,Sep-2016,debt_consolidation,32.91,675.0
24114573,11000.0, 60 months,13.98,C,C3,2 years,RENT,62000.0,Aug-2014,credit_card,6.21,685.0
8965206,12000.0, 36 months,16.2,C,C4,6 years,MORTGAGE,75000.0,Nov-2013,debt_consolidation,15.07,680.0
26368257,28500.0, 36 months,13.35,C,C2,4 years,RENT,65000.0,Sep-2014,debt_consolidation,22.84,690.0
34322712,28000.0, 60 months,13.66,C,C3,7 years,MORTGAGE,81000.0,Nov-2014,debt_consolidation,25.59,705.0
6825304,3000.0, 36 months,13.68,C,C1,< 1 year,RENT,26400.0,Sep-2013,vacation,1.14,720.0
75750355,36000.0, 60 months,12.99,C,C2,10+ years,MORTGAGE,185000.0,Apr-2016,debt_consolidation,21.3,690.0
129751228,18000.0, 36 months,12.61,C,C1,2 years,MORTGAGE,120000.0,Mar-2018,credit_card,15.39,680.0
111529309,10000.0, 36 months,12.62,C,C1,< 1 year,RENT,42000.0,Jul-2017,debt_consolidation,19.09,675.0
97594886,8000.0, 36 months,12.74,C,C1,,MORTGAGE,110000.0,Feb-2017,home_improvement,20.52,715.0
73806571,7000.0, 36 months,15.31,C,C5,10+ years,RENT,105000.0,Mar-2016,debt_consolidation,14.93,665.0
35256472,12600.0, 36 months,12.99,C,C2,2 years,OWN,84000.0,Nov-2014,debt_consolidation,20.92,715.0
88804539,20000.0, 36 months,15.59,C,C5,10+ years,OWN,250000.0,Sep-2016,other,15.47,685.0
65652748,19200.0, 60 months,13.67,C,C4,10+ years,RENT,78000.0,Nov-2015,debt_consolidation,22.37,670.0
115074311,2500.0, 36 months,14.08,C,C3,1 year,RENT,24000.0,Aug-2017,major_purchase,19.1,705.0
1864837,4750.0, 36 months,15.31,C,C2,9 years,MORTGAGE,47050.54,Mar-2013,home_improvement,27.99,665.0
142445165,24000.0, 36 months,13.56,C,C1,1 year,OWN,60000.0,Nov-2018,other,0.62,715.0
91668375,15000.0, 36 months,15.99,C,C5,2 years,RENT,52000.0,Oct-2016,debt_consolidation,23.93,685.0
84124091,35000.0, 36 months,13.49,C,C2,3 years,MORTGAGE,130000.0,Jul-2016,debt_consolidation,10.8,715.0
114052853,32000.0, 36 months,12.62,C,C1,10+ years,OWN,125000.0,Aug-2017,credit_card,10.68,680.0
132671673,15000.0, 36 months,16.01,C,C5,9 years,RENT,38000.0,May-2018,debt_consolidation,27.67,665.0
55657808,13125.0, 36 months,13.33,C,C3,2 years,MORTGAGE,36480.0,Jul-2015,debt_consolidation,26.48,665.0
125347386,10000.0, 36 months,15.05,C,C4,10+ years,MORTGAGE,128000.0,Dec-2017,debt_consolidation,11.09,665.0
116523243,30000.0, 60 months,14.08,C,C3,9 years,MORTGAGE,80000.0,Aug-2017,debt_consolidation,23.34,680.0
50606708,20000.0, 60 months,12.69,C,C2,8 years,RENT,55000.0,Jun-2015,debt_consolidation,25.57,695.0
3195534,18000.0, 36 months,16.29,C,C4,10+ years,RENT,41000.0,Feb-2013,debt_consolidation,16.62,685.0
111703501,10000.0, 60 months,15.05,C,C4,< 1 year,MORTGAGE,38000.0,Jun-2017,debt_consolidation,30.83,705.0
33721765,20000.0, 36 months,14.99,C,C5,4 years,MORTGAGE,47680.0,Nov-2014,home_improvement,8.61,660.0
77399178,8275.0, 36 months,12.99,C,C2,,RENT,23000.0,Apr-2016,credit_card,22.44,660.0
3526968,7200.0, 36 months,15.31,C,C2,< 1 year,OWN,30000.0,Mar-2013,debt_consolidation,28.81,680.0
55970126,16000.0, 60 months,13.33,C,C3,4 years,RENT,52000.0,Jul-2015,credit_card,16.59,680.0
118126867,18000.0, 60 months,12.62,C,C1,,MORTGAGE,44000.0,Sep-2017,debt_consolidation,29.16,715.0
120189318,27000.0, 60 months,13.59,C,C2,10+ years,MORTGAGE,63000.0,Oct-2017,credit_card,26.93,685.0
71442209,12600.0, 60 months,15.31,C,C5,10+ years,RENT,35000.0,Feb-2016,home_improvement,6.62,665.0
68435743,24000.0, 36 months,13.99,C,C4,10+ years,RENT,253111.0,Jan-2016,debt_consolidation,26.4,670.0
40097784,6000.0, 36 months,13.66,C,C3,10+ years,MORTGAGE,50000.0,Jan-2015,debt_consolidation,33.77,670.0
66532032,10000.0, 36 months,11.99,C,C1,,MORTGAGE,40000.0,Dec-2015,debt_consolidation,24.66,735.0
1076751,22400.0, 36 months,14.65,C,C3,2 years,RENT,67000.0,Jan-2012,credit_card,18.88,690.0
126420222,12000.0, 60 months,12.62,C,C1,10+ years,MORTGAGE,57000.0,Jan-2018,home_improvement,13.51,675.0
7686238,5000.0, 36 months,15.1,C,C2,8 years,MORTGAGE,36000.0,Oct-2013,credit_card,17.77,730.0
125952109,17500.0, 36 months,14.08,C,C3,10+ years,MORTGAGE,85000.0,Dec-2017,credit_card,8.39,675.0
64088882,15000.0, 36 months,12.59,C,C2,5 years,MORTGAGE,100000.0,Nov-2015,other,5.42,705.0
84565040,8000.0, 36 months,15.59,C,C5,10+ years,RENT,65000.0,Jul-2016,debt_consolidation,14.78,660.0
134361228,20000.0, 36 months,13.06,C,C1,10+ years,RENT,90000.0,Jun-2018,other,8.31,675.0
20027745,25250.0, 60 months,14.49,C,C4,4 years,MORTGAGE,83500.0,Jul-2014,debt_consolidation,17.03,740.0
1122759,8500.0, 36 months,15.27,C,C4,2 years,RENT,45573.0,Feb-2012,credit_card,24.88,670.0
37682161,35000.0, 60 months,14.99,C,C5,< 1 year,MORTGAGE,104000.0,Jan-2015,credit_card,36.63,700.0
15820752,35000.0, 36 months,14.49,C,C4,6 years,MORTGAGE,103000.0,May-2014,debt_consolidation,9.28,690.0
7925924,10000.0, 36 months,15.1,C,C2,1 year,RENT,52000.0,Oct-2013,debt_consolidation,18.35,660.0
138038734,13000.0, 36 months,16.91,C,C5,4 years,RENT,75000.0,Aug-2018,debt_consolidation,14.08,660.0
49956953,18000.0, 60 months,12.69,C,C2,8 years,RENT,57000.0,May-2015,debt_consolidation,14.99,680.0
88545174,15000.0, 60 months,12.79,C,C1,10+ years,MORTGAGE,75000.0,Aug-2016,credit_card,9.9,670.0
131520838,20000.0, 60 months,12.61,C,C1,1 year,RENT,200000.0,Apr-2018,credit_card,9.03,665.0
32068212,11000.0, 36 months,12.99,C,C2,10+ years,RENT,36000.0,Jan-2015,debt_consolidation,21.77,685.0
66401889,24000.0, 60 months,13.67,C,C4,2 years,RENT,190000.0,Dec-2015,credit_card,8.56,660.0
112220490,16000.0, 36 months,16.02,C,C5,5 years,OWN,41000.0,Jul-2017,debt_consolidation,26.26,675.0
9189177,6000.0, 36 months,16.2,C,C4,3 years,RENT,50000.0,Dec-2013,debt_consolidation,26.48,660.0
77020403,8000.0, 36 months,15.31,C,C5,10+ years,RENT,70000.0,Apr-2016,debt_consolidation,16.17,660.0
43389861,5000.0, 36 months,12.69,C,C2,10+ years,MORTGAGE,78000.0,Mar-2015,home_improvement,32.8,685.0
92627334,5000.0, 36 months,12.74,C,C1,5 years,OWN,68000.0,Nov-2016,home_improvement,12.3,760.0
73893769,11000.0, 36 months,11.99,C,C1,10+ years,MORTGAGE,41000.0,Mar-2016,debt_consolidation,11.65,660.0
10636375,7500.0, 36 months,14.47,C,C2,3 years,RENT,68000.0,Jan-2014,debt_consolidation,3.83,665.0
12257262,10000.0, 60 months,14.64,C,C3,6 years,RENT,41000.0,Feb-2014,debt_consolidation,28.81,700.0
142389260,10000.0, 36 months,13.56,C,C1,6 years,RENT,94000.0,Oct-2018,home_improvement,38.61,695.0
60982033,6000.0, 36 months,13.99,C,C4,2 years,RENT,22000.0,Oct-2015,credit_card,23.53,690.0
17162665,2600.0, 36 months,14.99,C,C5,10+ years,OWN,50000.0,May-2014,debt_consolidation,12.75,670.0
140566029,20000.0, 36 months,15.02,C,C3,10+ years,RENT,204000.0,Sep-2018,major_purchase,12.0,665.0
28673174,1150.0, 36 months,14.99,C,C5,9 years,RENT,30000.0,Oct-2014,credit_card,9.44,685.0
128216772,6500.0, 36 months,15.05,C,C4,10+ years,MORTGAGE,70000.0,Feb-2018,other,15.77,660.0
94239939,16700.0, 36 months,15.99,C,C5,5 years,MORTGAGE,38000.0,Dec-2016,debt_consolidation,7.17,695.0
125090013,15600.0, 60 months,16.02,C,C5,4 years,RENT,80000.0,Dec-2017,credit_card,9.57,710.0
128981819,13600.0, 60 months,13.59,C,C2,10+ years,MORTGAGE,40000.0,Feb-2018,debt_consolidation,7.56,665.0
129405189,20000.0, 60 months,13.58,C,C2,10+ years,MORTGAGE,140000.0,Mar-2018,home_improvement,11.63,700.0
99869501,25000.0, 36 months,13.49,C,C2,10+ years,MORTGAGE,145000.0,Mar-2017,debt_consolidation,8.09,710.0
26397663,25475.0, 60 months,13.98,C,C3,10+ years,MORTGAGE,51000.0,Sep-2014,credit_card,28.85,755.0
63611410,10000.0, 36 months,12.05,C,C1,7 years,MORTGAGE,65000.0,Nov-2015,debt_consolidation,25.06,675.0
88381653,25000.0, 60 months,13.49,C,C2,10+ years,MORTGAGE,82212.0,Aug-2016,debt_consolidation,15.49,705.0
534128,9700.0, 36 months,13.61,C,C2,< 1 year,RENT,60000.0,Jun-2010,debt_consolidation,22.92,690.0
99259915,19000.0, 36 months,15.99,C,C5,1 year,RENT,100000.0,Feb-2017,credit_card,32.08,695.0
78528773,5000.0, 36 months,15.31,C,C5,10+ years,MORTGAGE,101000.0,May-2016,home_improvement,9.05,665.0
77120947,32000.0, 36 months,11.99,C,C1,10+ years,RENT,115000.0,Apr-2016,credit_card,19.48,710.0
144549679,24000.0, 60 months,16.91,C,C5,2 years,MORTGAGE,150000.0,Dec-2018,credit_card,22.86,695.0
502326,18000.0, 36 months,12.73,C,C1,9 years,RENT,75000.0,Apr-2010,credit_card,23.54,705.0
90695380,20000.0, 36 months,13.49,C,C2,5 years,MORTGAGE,150000.0,Sep-2016,home_improvement,9.58,670.0
88992722,35000.0, 60 months,15.59,C,C5,3 years,RENT,200000.0,Sep-2016,debt_consolidation,16.5,695.0
22343331,12000.0, 60 months,14.99,C,C5,3 years,MORTGAGE,42000.0,Jul-2014,debt_consolidation,24.4,665.0
119698068,35000.0, 36 months,15.05,C,C4,< 1 year,MORTGAGE,74256.0,Sep-2017,debt_consolidation,4.67,695.0
3921604,13000.0, 36 months,14.33,C,C1,6 years,MORTGAGE,101500.0,Mar-2013,debt_consolidation,4.73,660.0
77498788,16000.0, 60 months,11.99,C,C1,< 1 year,RENT,65000.0,Apr-2016,credit_card,12.43,670.0
48565830,10000.0, 36 months,12.69,C,C2,1 year,RENT,43200.0,May-2015,debt_consolidation,11.61,660.0
90916204,28000.0, 60 months,13.99,C,C3,3 years,OWN,279000.0,Oct-2016,home_improvement,13.54,750.0
59522556,2850.0, 36 months,14.65,C,C5,< 1 year,RENT,32000.0,Sep-2015,other,15.68,775.0
110003228,19250.0, 60 months,15.05,C,C4,4 years,RENT,58000.0,Jun-2017,debt_consolidation,26.51,695.0
4425347,25000.0, 60 months,16.29,C,C4,2 years,MORTGAGE,59000.0,Apr-2013,debt_consolidation,13.04,675.0
30235252,4000.0, 36 months,13.35,C,C2,1 year,MORTGAGE,28808.0,Oct-2014,home_improvement,17.5,675.0
67808273,3000.0, 36 months,11.99,C,C1,< 1 year,MORTGAGE,40000.0,Jan-2016,debt_consolidation,28.35,675.0
34722813,10000.0, 36 months,13.66,C,C3,3 years,RENT,140000.0,Nov-2014,debt_consolidation,7.27,675.0
95557223,15000.0, 36 months,14.99,C,C4,8 years,RENT,60000.0,Dec-2016,debt_consolidation,9.54,675.0
132395394,30000.0, 60 months,14.07,C,C3,5 years,MORTGAGE,84000.0,May-2018,credit_card,26.73,725.0
109320087,35000.0, 60 months,13.59,C,C2,3 years,MORTGAGE,130000.0,Jun-2017,home_improvement,14.18,745.0
55523395,3000.0, 36 months,14.65,C,C5,10+ years,RENT,65000.0,Jul-2015,vacation,27.42,665.0
65936233,19000.0, 60 months,13.67,C,C4,10+ years,OWN,38000.0,Dec-2015,home_improvement,20.63,755.0
75952072,3000.0, 36 months,14.46,C,C4,5 years,RENT,83000.0,Mar-2016,car,10.16,660.0
9554754,12000.0, 60 months,14.98,C,C3,7 years,RENT,35000.0,Dec-2013,debt_consolidation,17.11,720.0
82154128,20000.0, 36 months,13.99,C,C3,4 years,RENT,60000.0,Jun-2016,debt_consolidation,24.14,665.0
127969688,8000.0, 36 months,13.59,C,C2,,RENT,34800.0,Feb-2018,debt_consolidation,33.97,670.0
71988231,7000.0, 36 months,14.46,C,C4,< 1 year,RENT,72000.0,Feb-2016,other,19.52,680.0
67336079,4000.0, 36 months,13.67,C,C4,< 1 year,OWN,55000.0,Dec-2015,home_improvement,37.12,740.0
129435610,30000.0, 60 months,15.04,C,C4,1 year,MORTGAGE,54000.0,Mar-2018,debt_consolidation,41.02,660.0
7955358,12000.0, 36 months,15.1,C,C2,4 years,RENT,35000.0,Oct-2013,debt_consolidation,19.75,660.0
135110660,8000.0, 36 months,15.49,C,C4,10+ years,RENT,50000.0,Jun-2018,debt_consolidation,10.68,685.0
104956191,25000.0, 60 months,13.99,C,C3,10+ years,OWN,96500.0,Apr-2017,debt_consolidation,11.38,700.0
139447273,20000.0, 60 months,16.14,C,C4,7 years,MORTGAGE,80000.0,Oct-2018,debt_consolidation,23.1,670.0
55411143,33600.0, 60 months,14.65,C,C5,8 years,MORTGAGE,70000.0,Aug-2015,debt_consolidation,23.64,690.0
61371772,20000.0, 36 months,12.69,C,C2,10+ years,MORTGAGE,130000.0,Oct-2015,small_business,24.57,690.0
1234072,27175.0, 36 months,16.29,C,C5,10+ years,MORTGAGE,54470.0,Apr-2012,debt_consolidation,18.18,700.0
77765527,20000.0, 36 months,14.46,C,C4,10+ years,MORTGAGE,85000.0,May-2016,debt_consolidation,14.94,675.0
86472432,13000.0, 60 months,14.49,C,C4,10+ years,MORTGAGE,67000.0,Aug-2016,debt_consolidation,18.59,685.0
41440054,20000.0, 36 months,12.29,C,C1,,MORTGAGE,60000.0,Feb-2015,debt_consolidation,19.38,715.0
103637718,16000.0, 60 months,15.99,C,C5,< 1 year,RENT,40000.0,Apr-2017,debt_consolidation,30.48,695.0
100045184,25000.0, 60 months,13.49,C,C2,10+ years,MORTGAGE,102000.0,Mar-2017,home_improvement,19.3,800.0
85519640,10000.0, 36 months,12.79,C,C1,6 years,MORTGAGE,60000.0,Aug-2016,debt_consolidation,16.66,660.0
9836232,1000.0, 36 months,16.24,C,C5,,MORTGAGE,76000.0,Dec-2013,major_purchase,19.75,675.0
79230349,12000.0, 60 months,13.67,C,C3,8 years,RENT,100000.0,Jun-2016,other,9.6,690.0
96460045,15000.0, 60 months,13.49,C,C2,3 years,RENT,100000.0,Jan-2017,credit_card,10.56,700.0
7338729,14000.0, 36 months,14.3,C,C1,10+ years,MORTGAGE,107000.0,Sep-2013,debt_consolidation,15.15,705.0
18814814,35000.0, 60 months,13.98,C,C3,< 1 year,MORTGAGE,120000.0,Jun-2014,credit_card,25.81,680.0
12256213,26100.0, 60 months,14.64,C,C3,1 year,MORTGAGE,60000.0,Mar-2014,debt_consolidation,22.54,705.0
19125440,10000.0, 36 months,12.99,C,C1,10+ years,RENT,45000.0,Jun-2014,credit_card,17.04,680.0
40634792,12000.0, 60 months,12.69,C,C2,10+ years,MORTGAGE,65500.0,Feb-2015,credit_card,29.17,690.0
48314503,17500.0, 36 months,13.33,C,C3,< 1 year,OWN,35000.0,May-2015,credit_card,19.68,675.0
27360101,30000.0, 60 months,13.35,C,C2,10+ years,RENT,125000.0,Sep-2014,home_improvement,13.4,700.0
8876111,13250.0, 36 months,15.61,C,C3,6 years,MORTGAGE,167000.0,Nov-2013,debt_consolidation,9.08,680.0
34953289,18000.0, 60 months,12.29,C,C1,10+ years,MORTGAGE,140000.0,Apr-2015,debt_consolidation,5.35,720.0
10123012,5000.0, 36 months,13.98,C,C1,< 1 year,RENT,22000.0,Jan-2014,medical,27.17,725.0
27512265,12000.0, 60 months,13.35,C,C2,5 years,MORTGAGE,115000.0,Oct-2014,credit_card,9.49,665.0
144764095,10000.0, 60 months,13.56,C,C1,3 years,MORTGAGE,68210.0,Dec-2018,other,10.28,765.0
138209015,13000.0, 36 months,13.56,C,C1,,RENT,22000.0,Aug-2018,debt_consolidation,28.37,705.0
83635422,18000.0, 60 months,13.99,C,C3,10+ years,RENT,57290.0,Jul-2016,debt_consolidation,13.2,675.0
56652784,12000.0, 36 months,12.29,C,C1,5 years,MORTGAGE,57000.0,Aug-2015,debt_consolidation,31.05,690.0
78800108,8000.0, 36 months,11.99,C,C1,10+ years,MORTGAGE,122000.0,May-2016,debt_consolidation,13.12,680.0
107256964,14000.0, 60 months,16.02,C,C5,10+ years,RENT,63000.0,May-2017,debt_consolidation,18.67,675.0
78880600,20000.0, 36 months,11.99,C,C1,10+ years,MORTGAGE,75000.0,May-2016,debt_consolidation,16.98,695.0
3703410,6500.0, 36 months,15.31,C,C2,10+ years,RENT,27000.0,Mar-2013,debt_consolidation,7.42,665.0
88211678,13000.0, 60 months,14.49,C,C4,10+ years,MORTGAGE,60000.0,Aug-2016,debt_consolidation,11.9,680.0
144569450,32825.0, 36 months,15.02,C,C3,10+ years,RENT,210000.0,Dec-2018,debt_consolidation,23.01,725.0
121714969,27000.0, 60 months,15.05,C,C4,6 years,MORTGAGE,108000.0,Oct-2017,debt_consolidation,12.26,705.0
133715647,1800.0, 36 months,13.06,C,C1,10+ years,RENT,47650.0,Jun-2018,other,25.01,715.0
66421549,1800.0, 36 months,13.67,C,C4,10+ years,RENT,45000.0,Dec-2015,credit_card,25.49,665.0
66623478,9600.0, 36 months,12.59,C,C2,5 years,RENT,50000.0,Dec-2015,debt_consolidation,20.67,660.0
62275201,35000.0, 60 months,14.65,C,C5,10+ years,MORTGAGE,145000.0,Oct-2015,home_improvement,18.82,820.0
145279270,20000.0, 60 months,14.47,C,C2,1 year,MORTGAGE,80000.0,Dec-2018,credit_card,9.26,695.0
42433919,6225.0, 36 months,13.99,C,C4,10+ years,RENT,40000.0,Mar-2015,car,15.51,670.0
24785389,13600.0, 60 months,16.29,D,D2,10+ years,MORTGAGE,76000.0,Aug-2014,credit_card,21.4,675.0
55968844,12000.0, 60 months,17.57,D,D4,< 1 year,RENT,57000.0,Jul-2015,debt_consolidation,38.17,670.0
140376148,35000.0, 60 months,18.94,D,D2,10+ years,OWN,130000.0,Sep-2018,home_improvement,8.97,685.0
46387055,10800.0, 36 months,16.55,D,D2,6 years,MORTGAGE,60000.0,Apr-2015,debt_consolidation,13.06,670.0
113026537,12600.0, 36 months,18.06,D,D2,1 year,MORTGAGE,60000.0,Jul-2017,debt_consolidation,13.16,665.0
126963722,25000.0, 60 months,17.09,D,D1,10+ years,MORTGAGE,90000.0,Jan-2018,major_purchase,5.2,675.0
132436331,18000.0, 60 months,18.45,D,D2,8 years,MORTGAGE,37000.0,May-2018,debt_consolidation,36.07,670.0
128625842,15000.0, 36 months,17.09,D,D1,10+ years,MORTGAGE,95000.0,Feb-2018,debt_consolidation,21.83,685.0
43490201,2975.0, 36 months,17.86,D,D5,1 year,RENT,51500.0,Mar-2015,debt_consolidation,28.34,660.0
139147538,15000.0, 60 months,22.35,D,D5,,RENT,5000.0,Aug-2018,debt_consolidation,45.67,680.0
118028815,6000.0, 36 months,20.0,D,D4,10+ years,MORTGAGE,70000.0,Sep-2017,debt_consolidation,33.96,660.0
95726242,10000.0, 36 months,19.99,D,D4,10+ years,MORTGAGE,80000.0,Dec-2016,debt_consolidation,6.24,665.0
993768,12000.0, 36 months,17.27,D,D3,10+ years,RENT,250000.0,Oct-2011,debt_consolidation,16.42,660.0
110460158,12000.0, 60 months,19.03,D,D3,6 years,OWN,102000.0,Jun-2017,home_improvement,8.05,660.0
91485537,10000.0, 60 months,19.99,D,D4,5 years,RENT,45000.0,Oct-2016,debt_consolidation,26.64,665.0
125738909,16200.0, 36 months,17.09,D,D1,< 1 year,RENT,110000.0,Dec-2017,debt_consolidation,14.82,670.0
42283399,20000.0, 60 months,17.57,D,D4,6 years,OWN,61000.0,Mar-2015,home_improvement,28.17,670.0
6887259,2400.0, 36 months,19.52,D,D4,< 1 year,RENT,43000.0,Sep-2013,major_purchase,18.56,695.0
125945218,35000.0, 60 months,17.09,D,D1,10+ years,RENT,150000.0,Dec-2017,credit_card,11.67,740.0
93686054,12000.0, 60 months,18.99,D,D3,10+ years,MORTGAGE,70000.0,Nov-2016,debt_consolidation,20.13,700.0
39542006,32000.0, 36 months,16.49,D,D3,6 years,OWN,180000.0,Jan-2015,vacation,31.05,680.0
95199715,18000.0, 60 months,17.99,D,D2,5 years,MORTGAGE,75000.0,Jan-2017,debt_consolidation,6.58,725.0
108774918,14150.0, 36 months,17.09,D,D1,1 year,RENT,40000.0,May-2017,debt_consolidation,26.85,690.0
119231246,15000.0, 60 months,17.09,D,D1,3 years,MORTGAGE,80000.0,Sep-2017,debt_consolidation,20.07,715.0
134693819,15000.0, 60 months,17.47,D,D1,,MORTGAGE,43000.0,Jun-2018,debt_consolidation,38.79,685.0
94391246,24000.0, 60 months,21.49,D,D5,10+ years,RENT,70000.0,Dec-2016,debt_consolidation,26.29,665.0
93738442,7200.0, 36 months,21.49,D,D5,10+ years,RENT,62000.0,Nov-2016,other,30.03,685.0
68891689,16000.0, 60 months,16.59,D,D2,2 years,RENT,95000.0,Jan-2016,debt_consolidation,16.09,690.0
87966563,32000.0, 60 months,18.99,D,D3,2 years,MORTGAGE,90000.0,Aug-2016,debt_consolidation,23.43,660.0
120034915,15375.0, 36 months,21.45,D,D5,,OWN,1982.0,Oct-2017,debt_consolidation,47.92,680.0
142362711,15500.0, 60 months,18.94,D,D2,3 years,RENT,52100.0,Oct-2018,debt_consolidation,25.32,685.0
768638,6400.0, 36 months,17.49,D,D5,2 years,RENT,34200.0,Jun-2011,other,15.89,680.0
124000698,20000.0, 36 months,18.06,D,D2,2 years,RENT,135000.0,Dec-2017,debt_consolidation,26.83,670.0
41197323,10000.0, 36 months,15.61,D,D1,9 years,MORTGAGE,62877.0,Feb-2015,debt_consolidation,31.05,710.0
106296438,8250.0, 36 months,18.99,D,D3,1 year,RENT,55000.0,Apr-2017,debt_consolidation,11.67,695.0
39639300,18000.0, 36 months,16.49,D,D3,10+ years,RENT,50000.0,Jan-2015,debt_consolidation,26.19,685.0
67446662,26000.0, 60 months,15.41,D,D1,9 years,RENT,155000.0,Dec-2015,debt_consolidation,17.57,715.0
65704372,28150.0, 36 months,17.57,D,D4,10+ years,MORTGAGE,64000.0,Nov-2015,debt_consolidation,9.73,660.0
90096016,29050.0, 36 months,17.99,D,D2,5 years,MORTGAGE,63170.0,Sep-2016,other,34.88,695.0
83698870,18000.0, 60 months,19.99,D,D4,10+ years,MORTGAGE,70000.0,Jul-2016,debt_consolidation,14.37,700.0
66564281,2200.0, 36 months,15.41,D,D1,6 years,RENT,67000.0,Dec-2015,credit_card,28.05,665.0
66340666,18000.0, 36 months,15.41,D,D1,10+ years,MORTGAGE,85000.0,Dec-2015,debt_consolidation,26.6,665.0
43390262,24000.0, 60 months,17.86,D,D5,4 years,MORTGAGE,85000.0,Mar-2015,credit_card,13.34,695.0
126070740,30000.0, 36 months,20.0,D,D4,10+ years,RENT,98000.0,Dec-2017,debt_consolidation,33.94,680.0
90328149,8000.0, 36 months,16.99,D,D1,10+ years,RENT,28000.0,Sep-2016,other,4.29,720.0
22243308,13425.0, 36 months,16.29,D,D2,2 years,RENT,42000.0,Sep-2014,debt_consolidation,31.74,665.0
66474903,10000.0, 60 months,16.99,D,D3,1 year,RENT,55000.0,Dec-2015,debt_consolidation,25.88,675.0
119282953,10000.0, 36 months,18.06,D,D2,1 year,RENT,32000.0,Sep-2017,debt_consolidation,27.42,700.0
56602447,18000.0, 60 months,17.86,D,D5,10+ years,MORTGAGE,42000.0,Aug-2015,debt_consolidation,35.29,660.0
79673611,10000.0, 36 months,17.27,D,D2,10+ years,MORTGAGE,75000.0,May-2016,debt_consolidation,33.12,695.0
72533002,10000.0, 36 months,18.99,D,D4,10+ years,MORTGAGE,55000.0,Feb-2016,moving,6.31,670.0
72163183,14000.0, 60 months,19.53,D,D5,2 years,OWN,70000.0,Mar-2016,small_business,19.59,685.0
124149252,12000.0, 60 months,17.09,D,D1,2 years,MORTGAGE,160000.0,Nov-2017,debt_consolidation,17.49,685.0
127020855,24000.0, 60 months,19.03,D,D3,8 years,MORTGAGE,50000.0,Jan-2018,credit_card,33.84,795.0
56452849,32500.0, 36 months,17.86,D,D5,,OWN,65000.0,Aug-2015,debt_consolidation,27.22,680.0
128234268,35000.0, 60 months,21.45,D,D5,3 years,OWN,155000.0,Feb-2018,other,13.93,680.0
50253393,28800.0, 36 months,15.61,D,D1,1 year,OWN,65500.0,May-2015,debt_consolidation,20.72,670.0
115647629,4000.0, 36 months,19.03,D,D3,10+ years,RENT,90852.0,Aug-2017,other,3.99,660.0
135702924,3000.0, 36 months,21.85,D,D5,10+ years,MORTGAGE,40000.0,Jun-2018,other,5.4,675.0
104028127,11200.0, 60 months,16.99,D,D1,1 year,RENT,60000.0,Apr-2017,credit_card,12.66,710.0
116271411,12000.0, 36 months,18.06,D,D2,10+ years,RENT,104400.0,Sep-2017,debt_consolidation,16.61,680.0
137252942,15000.0, 36 months,19.92,D,D3,< 1 year,MORTGAGE,50000.0,Jul-2018,debt_consolidation,23.5,660.0
138303880,10000.0, 36 months,20.89,D,D4,3 years,RENT,80000.0,Aug-2018,debt_consolidation,14.42,665.0
144466564,16800.0, 60 months,22.35,D,D5,2 years,MORTGAGE,102000.0,Dec-2018,debt_consolidation,9.69,665.0
12456054,25000.0, 60 months,16.59,D,D1,10+ years,MORTGAGE,111408.0,Feb-2014,medical,8.05,740.0
141937698,3000.0, 36 months,19.92,D,D3,6 years,MORTGAGE,75000.0,Oct-2018,vacation,21.73,705.0
97347589,20000.0, 60 months,18.99,D,D3,10+ years,MORTGAGE,80000.0,Feb-2017,debt_consolidation,25.34,660.0
88421814,15000.0, 36 months,16.99,D,D1,3 years,RENT,38000.0,Aug-2016,credit_card,18.55,700.0
93930733,21000.0, 60 months,19.99,D,D4,8 years,RENT,150000.0,Dec-2016,debt_consolidation,12.95,695.0
16962652,10150.0, 36 months,18.24,D,D5,10+ years,RENT,33000.0,May-2014,other,22.85,665.0
96053355,9000.0, 36 months,16.99,D,D1,8 years,MORTGAGE,63000.0,Dec-2016,credit_card,17.79,720.0
42964874,17000.0, 60 months,16.55,D,D2,5 years,MORTGAGE,70000.0,Mar-2015,debt_consolidation,20.76,665.0
45474136,11750.0, 60 months,17.57,D,D4,1 year,MORTGAGE,60000.0,Apr-2015,other,2.76,670.0
38699603,16000.0, 60 months,15.99,D,D2,10+ years,MORTGAGE,80000.0,Jan-2015,debt_consolidation,8.88,685.0
22233524,18825.0, 60 months,18.24,D,D5,< 1 year,MORTGAGE,45000.0,Jul-2014,credit_card,25.73,675.0
65773545,3800.0, 36 months,17.86,D,D5,5 years,RENT,90000.0,Nov-2015,car,20.99,665.0
68028279,30000.0, 36 months,15.77,D,D1,4 years,RENT,75000.0,Jan-2016,major_purchase,2.99,680.0
464677,15200.0, 36 months,16.0,D,D5,10+ years,RENT,39000.0,Dec-2009,debt_consolidation,13.91,665.0
69623086,25000.0, 60 months,17.27,D,D3,10+ years,MORTGAGE,75000.0,Jan-2016,debt_consolidation,39.02,680.0
43540348,30000.0, 60 months,15.61,D,D1,< 1 year,MORTGAGE,80000.0,Mar-2015,debt_consolidation,27.13,685.0
16411296,25000.0, 36 months,16.29,D,D2,10+ years,MORTGAGE,68400.0,May-2014,home_improvement,1.07,695.0
119957195,20000.0, 36 months,21.45,D,D5,10+ years,RENT,50000.0,Sep-2017,debt_consolidation,27.8,670.0
67417879,12900.0, 60 months,15.41,D,D1,4 years,MORTGAGE,28080.0,Dec-2015,credit_card,35.09,695.0
44543387,15000.0, 36 months,15.61,D,D1,6 years,MORTGAGE,45000.0,Apr-2015,debt_consolidation,17.37,680.0
115707520,5200.0, 36 months,18.06,D,D2,2 years,RENT,34500.0,Aug-2017,debt_consolidation,25.7,700.0
73201871,14400.0, 60 months,18.99,D,D4,2 years,OWN,60000.0,Mar-2016,credit_card,27.29,685.0
131072272,30000.0, 36 months,18.45,D,D2,6 years,MORTGAGE,80000.0,Apr-2018,debt_consolidation,20.15,715.0
145381835,10000.0, 60 months,17.97,D,D1,1 year,RENT,35000.0,Dec-2018,debt_consolidation,23.63,675.0
8656622,17600.0, 60 months,20.2,D,D5,8 years,MORTGAGE,56000.0,Nov-2013,moving,25.74,665.0
99233245,35000.0, 36 months,18.99,D,D3,10+ years,RENT,86000.0,Mar-2017,debt_consolidation,17.21,700.0
138572932,10000.0, 60 months,22.35,D,D5,1 year,MORTGAGE,28140.0,Aug-2018,debt_consolidation,21.96,665.0
78189098,35000.0, 60 months,18.99,D,D4,10+ years,MORTGAGE,84000.0,May-2016,debt_consolidation,12.99,675.0
93850355,25000.0, 36 months,16.99,D,D1,8 years,MORTGAGE,140000.0,Dec-2016,credit_card,6.5,665.0
56473060,5125.0, 36 months,17.57,D,D4,3 years,RENT,16000.0,Aug-2015,debt_consolidation,14.85,685.0
65974471,8000.0, 36 months,16.59,D,D2,2 years,RENT,39000.0,Dec-2015,credit_card,16.68,660.0
142042466,10000.0, 36 months,20.89,D,D4,10+ years,MORTGAGE,45300.0,Oct-2018,credit_card,12.61,660.0
1227103,7200.0, 36 months,17.27,D,D1,8 years,MORTGAGE,60000.0,Apr-2012,debt_consolidation,10.0,720.0
24064770,9175.0, 36 months,16.99,D,D3,6 years,MORTGAGE,42000.0,Aug-2014,debt_consolidation,23.83,660.0
23083233,15000.0, 60 months,15.61,D,D1,10+ years,MORTGAGE,102000.0,Jul-2014,debt_consolidation,15.38,690.0
88953033,10075.0, 36 months,21.49,D,D5,8 years,OWN,33600.0,Sep-2016,debt_consolidation,22.46,660.0
91573740,25000.0, 60 months,21.49,D,D5,,MORTGAGE,72000.0,Nov-2016,debt_consolidation,29.69,660.0
139343100,10000.0, 60 months,18.94,D,D2,1 year,RENT,41600.0,Sep-2018,debt_consolidation,22.22,680.0
8204571,12375.0, 36 months,17.76,D,D1,3 years,RENT,68000.0,Oct-2013,other,5.7,695.0
111050889,13200.0, 60 months,21.45,D,D5,10+ years,OWN,50000.0,Jun-2017,debt_consolidation,29.38,690.0
104601796,30000.0, 36 months,18.99,D,D3,10+ years,MORTGAGE,87000.0,Apr-2017,debt_consolidation,22.4,665.0
139434099,24000.0, 60 months,20.89,D,D4,5 years,MORTGAGE,57200.0,Aug-2018,debt_consolidation,17.39,670.0
128896798,16000.0, 60 months,19.03,D,D3,7 years,MORTGAGE,54000.0,Feb-2018,debt_consolidation,18.33,665.0
85227369,6100.0, 36 months,18.99,D,D3,3 years,MORTGAGE,18000.0,Jul-2016,credit_card,24.87,660.0
10737277,35000.0, 36 months,16.99,D,D1,10+ years,MORTGAGE,220000.0,Jan-2014,debt_consolidation,12.92,680.0
131402963,1500.0, 36 months,21.85,D,D5,,RENT,6000.0,Apr-2018,other,5.0,795.0
126856905,24000.0, 60 months,19.03,D,D3,4 years,MORTGAGE,100000.0,Jan-2018,home_improvement,17.59,675.0
76012640,5000.0, 36 months,18.99,D,D4,5 years,RENT,42000.0,Mar-2016,debt_consolidation,37.6,670.0
55310823,24150.0, 36 months,16.55,D,D2,6 years,RENT,53712.0,Jul-2015,credit_card,29.8,680.0
19187595,12000.0, 60 months,17.57,D,D4,< 1 year,RENT,40000.0,Jun-2014,debt_consolidation,14.37,660.0
137975231,6500.0, 36 months,18.94,D,D2,3 years,RENT,42800.0,Aug-2018,debt_consolidation,5.86,705.0
57905641,17375.0, 60 months,16.55,D,D2,7 years,MORTGAGE,60000.0,Aug-2015,credit_card,25.98,680.0
65772618,28500.0, 60 months,15.41,D,D1,7 years,RENT,65000.0,Nov-2015,debt_consolidation,5.8,665.0
10088357,13475.0, 36 months,19.22,D,D4,< 1 year,RENT,57500.0,Dec-2013,debt_consolidation,9.29,675.0
76518586,4000.0, 36 months,18.25,D,D3,,MORTGAGE,50000.0,Apr-2016,home_improvement,21.84,660.0
55288597,25000.0, 36 months,17.57,D,D4,1 year,OWN,60000.0,Jul-2015,debt_consolidation,27.69,670.0
112907769,2500.0, 36 months,18.06,D,D2,1 year,RENT,47700.0,Jul-2017,other,9.69,675.0
143922257,1000.0, 36 months,18.94,D,D2,3 years,RENT,62000.0,Nov-2018,debt_consolidation,19.51,690.0
112034964,27950.0, 36 months,21.45,D,D5,10+ years,MORTGAGE,1200000.0,Jun-2017,small_business,11.66,675.0
134103166,18000.0, 36 months,18.45,D,D2,10+ years,RENT,60713.0,May-2018,medical,38.29,740.0
85147012,12225.0, 36 months,19.99,D,D4,< 1 year,RENT,36000.0,Jul-2016,debt_consolidation,13.83,685.0
121386997,13275.0, 60 months,20.0,D,D4,,MORTGAGE,31955.0,Oct-2017,debt_consolidation,18.63,670.0
137304139,25000.0, 60 months,19.92,D,D3,10+ years,OWN,45000.0,Aug-2018,medical,31.33,730.0
13038247,28200.0, 60 months,17.57,D,D2,10+ years,MORTGAGE,108000.0,Mar-2014,debt_consolidation,9.11,685.0
48597142,20000.0, 60 months,16.99,D,D3,10+ years,RENT,115000.0,May-2015,debt_consolidation,19.18,695.0
145372450,10000.0, 60 months,17.97,D,D1,8 years,MORTGAGE,100000.0,Dec-2018,debt_consolidation,20.26,665.0
98148915,12000.0, 60 months,18.99,D,D3,5 years,MORTGAGE,40000.0,Feb-2017,major_purchase,17.28,680.0
33211143,15050.0, 36 months,18.24,D,D5,10+ years,MORTGAGE,62000.0,Nov-2014,debt_consolidation,18.37,665.0
141683031,1600.0, 36 months,19.92,D,D3,5 years,RENT,140000.0,Oct-2018,other,13.67,670.0
77417541,35000.0, 36 months,16.29,D,D1,10+ years,MORTGAGE,110000.0,Apr-2016,debt_consolidation,22.2,670.0
137330952,20000.0, 60 months,22.35,D,D5,< 1 year,RENT,55000.0,Jul-2018,credit_card,10.58,670.0
7014623,10000.0, 36 months,19.52,D,D4,10+ years,MORTGAGE,78000.0,Sep-2013,debt_consolidation,19.4,660.0
138632735,22000.0, 36 months,17.97,D,D1,1 year,RENT,65000.0,Aug-2018,credit_card,20.14,660.0
76244951,5000.0, 36 months,19.53,D,D5,4 years,RENT,50000.0,Apr-2016,other,2.86,665.0
109732554,14000.0, 60 months,19.03,D,D3,1 year,OWN,78000.0,Jun-2017,credit_card,22.57,690.0
6344920,10000.0, 36 months,18.25,D,D2,10+ years,OWN,47000.0,Aug-2013,other,5.36,695.0
6104696,6400.0, 36 months,17.56,D,D1,6 years,RENT,39000.0,Jul-2013,credit_card,23.82,670.0
129528069,27200.0, 36 months,19.42,D,D3,< 1 year,RENT,165000.0,Mar-2018,credit_card,31.73,695.0
17233254,35000.0, 60 months,17.57,D,D4,< 1 year,MORTGAGE,400000.0,May-2014,home_improvement,8.2,700.0
134142253,29975.0, 36 months,20.39,D,D4,2 years,RENT,138000.0,May-2018,debt_consolidation,4.48,670.0
7685695,12500.0, 36 months,18.55,D,D2,,OWN,43500.0,Oct-2013,credit_card,30.65,665.0
64721641,3200.0, 36 months,15.41,D,D1,10+ years,MORTGAGE,150000.0,Nov-2015,medical,19.36,680.0
127646467,40000.0, 60 months,20.0,D,D4,4 years,RENT,85000.0,Jan-2018,debt_consolidation,24.0,760.0
44563434,6475.0, 36 months,16.55,D,D2,3 years,RENT,65000.0,Apr-2015,debt_consolidation,12.87,660.0
110925199,30175.0, 36 months,17.09,D,D1,< 1 year,MORTGAGE,38760.0,Jun-2017,debt_consolidation,0.96,820.0
79074326,10000.0, 36 months,16.29,D,D1,10+ years,RENT,62156.0,May-2016,other,21.82,660.0
29013465,10000.0, 60 months,17.57,D,D4,10+ years,MORTGAGE,33000.0,Oct-2014,car,22.98,660.0
75315015,24000.0, 60 months,16.29,D,D1,3 years,MORTGAGE,200000.0,Mar-2016,medical,9.12,700.0
78690804,14675.0, 36 months,16.29,D,D1,3 years,RENT,42800.0,May-2016,debt_consolidation,33.62,680.0
32028825,14700.0, 60 months,16.99,D,D3,,MORTGAGE,41000.0,Oct-2014,debt_consolidation,6.21,660.0
4295681,15000.0, 36 months,17.77,D,D1,10+ years,RENT,62000.0,Apr-2013,debt_consolidation,17.25,665.0
74805349,25000.0, 36 months,16.29,D,D1,3 years,OWN,60000.0,Mar-2016,credit_card,34.14,660.0
11955834,16800.0, 36 months,18.92,D,D4,1 year,RENT,55000.0,Feb-2014,debt_consolidation,33.43,660.0
125267510,8000.0, 36 months,17.09,D,D1,10+ years,OWN,95000.0,Dec-2017,debt_consolidation,6.05,675.0
90706241,34000.0, 60 months,18.99,D,D3,10+ years,MORTGAGE,86250.0,Oct-2016,medical,22.43,675.0
59905598,5850.0, 36 months,16.55,D,D2,10+ years,MORTGAGE,35184.0,Sep-2015,debt_consolidation,34.48,670.0
7726196,19000.0, 36 months,19.52,D,D4,9 years,RENT,45600.0,Oct-2013,debt_consolidation,20.58,670.0
90895216,26000.0, 60 months,17.99,D,D2,10+ years,MORTGAGE,110000.0,Oct-2016,debt_consolidation,13.21,685.0
1399622,18000.0, 60 months,19.72,D,D5,10+ years,MORTGAGE,157000.0,Jul-2012,debt_consolidation,23.25,680.0
65593459,28000.0, 60 months,16.99,D,D3,10+ years,MORTGAGE,139000.0,Nov-2015,credit_card,30.97,670.0
98277346,40000.0, 36 months,16.99,D,D1,10+ years,MORTGAGE,150000.0,Feb-2017,debt_consolidation,15.81,715.0
17713647,31000.0, 60 months,16.29,D,D2,10+ years,RENT,118000.0,Jun-2014,debt_consolidation,24.16,710.0
84031255,35000.0, 36 months,17.99,D,D2,10+ years,MORTGAGE,78000.0,Jun-2016,debt_consolidation,27.63,685.0
106408094,12000.0, 60 months,18.99,D,D3,8 years,RENT,42000.0,Apr-2017,credit_card,23.43,675.0
94546510,32200.0, 36 months,16.99,D,D1,5 years,RENT,70000.0,Dec-2016,debt_consolidation,12.5,680.0
129003736,4575.0, 36 months,20.0,D,D4,2 years,MORTGAGE,35360.0,Feb-2018,debt_consolidation,30.45,660.0
41309265,20000.0, 60 months,16.55,D,D2,10+ years,MORTGAGE,88000.0,Apr-2015,debt_consolidation,21.94,660.0
12917471,13600.0, 60 months,19.47,D,D5,3 years,MORTGAGE,54000.0,Apr-2014,debt_consolidation,22.42,710.0
85658031,6000.0, 36 months,16.99,D,D1,10+ years,MORTGAGE,60000.0,Jul-2016,debt_consolidation,13.47,675.0
141935532,8800.0, 36 months,22.35,D,D5,10+ years,MORTGAGE,56000.0,Oct-2018,other,22.87,685.0
84585099,13000.0, 60 months,17.99,D,D2,10+ years,RENT,40000.0,Jul-2016,debt_consolidation,25.02,715.0
548792,10000.0, 36 months,15.95,D,D4,4 years,RENT,60000.0,Jul-2010,debt_consolidation,6.34,660.0
3054615,2000.0, 36 months,17.77,D,D1,9 years,MORTGAGE,120760.0,Jan-2013,debt_consolidation,10.36,680.0
46747835,17000.0, 36 months,15.61,D,D1,7 years,MORTGAGE,67000.0,Apr-2015,debt_consolidation,25.7,670.0
137331046,25000.0, 36 months,19.92,D,D3,10+ years,MORTGAGE,52000.0,Jul-2018,moving,11.59,695.0
89986819,35000.0, 36 months,17.99,D,D2,2 years,MORTGAGE,250000.0,Sep-2016,debt_consolidation,23.7,675.0
55121052,12800.0, 60 months,17.57,D,D4,< 1 year,OWN,95000.0,Aug-2015,debt_consolidation,18.77,685.0
118983408,14025.0, 60 months,17.09,D,D1,5 years,OWN,39000.0,Sep-2017,major_purchase,14.16,660.0
832885,4000.0, 60 months,15.99,D,D2,4 years,RENT,31000.0,Aug-2011,other,24.04,700.0
139873454,1200.0, 36 months,18.94,D,D2,2 years,MORTGAGE,46000.0,Sep-2018,vacation,18.6,740.0
94339634,22000.0, 60 months,18.99,D,D3,1 year,RENT,60000.0,Dec-2016,debt_consolidation,24.02,670.0
112977174,16800.0, 36 months,19.03,D,D3,2 years,RENT,49992.0,Jul-2017,debt_consolidation,28.23,675.0
14459175,23925.0, 60 months,16.29,D,D2,4 years,RENT,120000.0,May-2014,debt_consolidation,14.71,700.0
72615377,13200.0, 60 months,18.25,D,D3,10+ years,OWN,68000.0,Mar-2016,debt_consolidation,16.17,675.0
40258199,35000.0, 36 months,17.14,D,D4,10+ years,MORTGAGE,250000.0,Feb-2015,debt_consolidation,1.13,735.0
33521215,4800.0, 36 months,15.99,D,D2,< 1 year,RENT,27000.0,Nov-2014,other,33.51,685.0
69565062,15000.0, 36 months,15.77,D,D1,7 years,RENT,30000.0,Feb-2016,credit_card,17.04,695.0
7625023,12000.0, 36 months,18.55,D,D2,10+ years,MORTGAGE,70000.0,Oct-2013,debt_consolidation,4.58,680.0
37938274,9175.0, 36 months,15.59,D,D1,< 1 year,OWN,22000.0,Jan-2015,debt_consolidation,23.97,680.0
97568412,12000.0, 36 months,17.99,D,D2,4 years,MORTGAGE,65000.0,Feb-2017,debt_consolidation,28.73,695.0
94142221,24000.0, 60 months,18.99,D,D3,2 years,MORTGAGE,68000.0,Dec-2016,debt_consolidation,9.07,695.0
40736482,3000.0, 36 months,16.99,D,D3,1 year,MORTGAGE,55000.0,Feb-2015,other,34.28,665.0
28532503,8625.0, 36 months,18.24,D,D5,7 years,MORTGAGE,40000.0,Oct-2014,other,24.31,675.0
1536933,28000.0, 60 months,19.05,D,D4,1 year,MORTGAGE,101000.0,Oct-2012,debt_consolidation,10.61,720.0
70050635,25000.0, 60 months,16.59,D,D2,3 years,MORTGAGE,69000.0,Jan-2016,debt_consolidation,31.29,700.0
144132636,29725.0, 36 months,17.97,D,D1,10+ years,MORTGAGE,77801.0,Nov-2018,debt_consolidation,31.53,710.0
84593394,1250.0, 36 months,18.99,D,D3,7 years,MORTGAGE,58000.0,Jul-2016,other,31.45,665.0
14697981,6175.0, 36 months,18.92,D,D4,2 years,RENT,31000.0,Apr-2014,debt_consolidation,22.3,660.0
92281164,9200.0, 36 months,16.99,D,D1,7 years,MORTGAGE,23000.0,Nov-2016,credit_card,30.69,715.0
144292053,11000.0, 36 months,18.94,D,D2,3 years,RENT,26002.0,Dec-2018,credit_card,19.81,695.0
55258949,3350.0, 36 months,17.57,D,D4,1 year,MORTGAGE,46000.0,Jul-2015,debt_consolidation,9.68,670.0
41013334,7000.0, 36 months,17.57,D,D4,10+ years,MORTGAGE,51000.0,Feb-2015,debt_consolidation,37.93,700.0
83758954,14000.0, 60 months,19.99,D,D4,4 years,OWN,30000.0,Jun-2016,debt_consolidation,30.55,700.0
68485549,18400.0, 60 months,18.49,D,D5,10+ years,OWN,40000.0,Jan-2016,credit_card,35.25,700.0
134927440,24425.0, 36 months,20.39,D,D4,10+ years,RENT,35308.0,Jun-2018,debt_consolidation,34.98,705.0
136221433,15000.0, 60 months,22.35,D,D5,3 years,MORTGAGE,63000.0,Jul-2018,credit_card,11.49,660.0
141169583,15000.0, 36 months,22.35,D,D5,10+ years,MORTGAGE,85000.0,Oct-2018,debt_consolidation,33.31,725.0
139221091,18000.0, 60 months,17.97,D,D1,4 years,RENT,78000.0,Oct-2018,credit_card,20.72,660.0
91484090,12800.0, 36 months,21.49,D,D5,10+ years,MORTGAGE,60000.0,Nov-2016,debt_consolidation,32.62,670.0
90082427,18000.0, 60 months,19.99,D,D4,10+ years,MORTGAGE,85000.0,Sep-2016,debt_consolidation,9.86,670.0
5115494,12000.0, 36 months,17.77,D,D1,9 years,MORTGAGE,55000.0,May-2013,debt_consolidation,11.74,675.0
93840792,20000.0, 60 months,17.99,D,D2,6 years,OWN,120000.0,Nov-2016,debt_consolidation,27.6,665.0
25447159,35000.0, 60 months,16.29,D,D2,< 1 year,OWN,135000.0,Sep-2014,debt_consolidation,10.59,690.0
61340966,22000.0, 60 months,16.99,D,D3,10+ years,MORTGAGE,50000.0,Oct-2015,debt_consolidation,24.03,665.0
96590812,24000.0, 36 months,16.99,D,D1,2 years,RENT,80000.0,Jan-2017,debt_consolidation,17.07,690.0
137812269,4000.0, 36 months,22.35,D,D5,10+ years,MORTGAGE,43000.0,Aug-2018,other,12.06,670.0
412736,20000.0, 36 months,14.11,D,D1,1 year,MORTGAGE,82000.0,Jun-2009,credit_card,13.21,695.0
9065376,11625.0, 60 months,19.2,D,D3,10+ years,MORTGAGE,185000.0,Dec-2013,credit_card,2.37,700.0
125177913,25000.0, 60 months,18.06,D,D2,,MORTGAGE,96000.0,Dec-2017,home_improvement,11.78,660.0
112817953,15000.0, 60 months,17.09,D,D1,10+ years,MORTGAGE,70000.0,Jul-2017,debt_consolidation,12.57,675.0
10171749,4800.0, 36 months,18.25,D,D3,5 years,OWN,32500.0,Jan-2014,other,21.12,670.0
137415640,17125.0, 36 months,18.94,D,D2,2 years,RENT,35000.0,Jul-2018,debt_consolidation,39.44,690.0
21280762,20875.0, 60 months,17.57,D,D4,9 years,MORTGAGE,60000.0,Jul-2014,debt_consolidation,3.62,670.0
95364902,28000.0, 36 months,16.99,D,D1,5 years,MORTGAGE,80000.0,Dec-2016,debt_consolidation,24.77,660.0
11438602,6300.0, 36 months,19.22,D,D4,1 year,RENT,19200.0,Feb-2014,debt_consolidation,14.56,660.0
12616943,19675.0, 60 months,16.59,D,D1,10+ years,RENT,47000.0,Mar-2014,debt_consolidation,20.86,710.0
130708000,20000.0, 36 months,21.85,D,D5,6 years,RENT,39000.0,Mar-2018,debt_consolidation,37.23,670.0
64069172,10500.0, 36 months,16.55,D,D2,< 1 year,OWN,42000.0,Nov-2015,credit_card,21.8,665.0
19456515,11850.0, 36 months,15.61,D,D1,10+ years,MORTGAGE,72000.0,Jun-2014,credit_card,31.85,680.0
144692176,1500.0, 36 months,17.97,D,D1,4 years,MORTGAGE,100000.0,Dec-2018,home_improvement,13.15,685.0
125892345,3000.0, 36 months,18.06,D,D2,10+ years,MORTGAGE,150000.0,Dec-2017,debt_consolidation,9.46,675.0
84060530,14000.0, 36 months,17.99,D,D2,10+ years,MORTGAGE,70000.0,Jul-2016,home_improvement,29.42,720.0
119345285,35000.0, 36 months,18.06,D,D2,9 years,OWN,112000.0,Sep-2017,debt_consolidation,26.12,690.0
102487184,16525.0, 60 months,16.99,D,D1,2 years,RENT,60000.0,Mar-2017,debt_consolidation,16.87,695.0
88866383,24000.0, 60 months,21.49,D,D5,4 years,MORTGAGE,59950.0,Sep-2016,credit_card,11.05,660.0
7677159,17000.0, 60 months,19.97,D,D5,10+ years,MORTGAGE,43000.0,Dec-2013,debt_consolidation,15.82,695.0
63159389,3525.0, 36 months,16.55,D,D2,10+ years,OWN,30219.0,Oct-2015,debt_consolidation,24.7,705.0
141236177,1000.0, 36 months,19.92,D,D3,10+ years,MORTGAGE,42600.0,Oct-2018,medical,25.41,675.0
19005832,28000.0, 60 months,18.24,D,D5,9 years,RENT,100000.0,Jun-2014,debt_consolidation,12.17,665.0
42011216,24000.0, 60 months,16.55,D,D2,1 year,MORTGAGE,90000.0,Mar-2015,debt_consolidation,30.47,755.0
138357393,10000.0, 60 months,17.97,D,D1,7 years,MORTGAGE,70000.0,Aug-2018,home_improvement,27.12,675.0
58470411,29425.0, 36 months,16.99,D,D3,10+ years,OWN,64000.0,Aug-2015,debt_consolidation,25.38,710.0
3286615,5000.0, 36 months,19.72,D,D5,4 years,RENT,19900.0,Feb-2013,debt_consolidation,13.87,675.0
77468491,20500.0, 60 months,18.25,D,D3,< 1 year,MORTGAGE,41000.0,Apr-2016,debt_consolidation,12.79,670.0
62489742,10000.0, 60 months,17.86,D,D5,2 years,RENT,40000.0,Nov-2015,debt_consolidation,8.07,660.0
139075037,10500.0, 60 months,22.35,D,D5,< 1 year,RENT,38400.0,Aug-2018,debt_consolidation,7.69,670.0
93390697,24075.0, 60 months,21.49,D,D5,10+ years,RENT,108600.0,Nov-2016,debt_consolidation,30.19,690.0
77260156,5225.0, 36 months,19.53,D,D5,2 years,OWN,30000.0,Apr-2016,home_improvement,8.44,660.0
133879960,30000.0, 60 months,19.42,D,D3,10+ years,MORTGAGE,52500.0,May-2018,credit_card,34.35,695.0
9284973,24925.0, 36 months,17.76,D,D1,5 years,MORTGAGE,95000.0,Dec-2013,debt_consolidation,4.11,695.0
38435438,7800.0, 36 months,15.59,D,D1,6 years,RENT,44000.0,Jan-2015,debt_consolidation,6.11,685.0
90121221,20000.0, 60 months,18.99,D,D3,10+ years,MORTGAGE,100000.0,Sep-2016,debt_consolidation,6.04,735.0
40402658,18000.0, 60 months,16.99,D,D3,9 years,MORTGAGE,108000.0,Feb-2015,debt_consolidation,9.28,680.0
94353731,10000.0, 36 months,16.99,D,D1,1 year,RENT,170000.0,Dec-2016,credit_card,16.36,675.0
15561460,4950.0, 36 months,15.61,D,D1,2 years,RENT,34000.0,May-2014,credit_card,25.59,680.0
57649936,14000.0, 60 months,16.99,D,D3,10+ years,MORTGAGE,45000.0,Aug-2015,debt_consolidation,10.11,670.0
35774099,30300.0, 60 months,15.99,D,D2,5 years,RENT,66000.0,Nov-2014,credit_card,13.47,700.0
142323219,30000.0, 60 months,17.97,D,D1,4 years,MORTGAGE,90000.0,Oct-2018,credit_card,29.52,720.0
83133551,8000.0, 36 months,18.99,D,D3,< 1 year,OWN,72000.0,Jun-2016,medical,8.45,675.0
143515008,10075.0, 36 months,20.89,D,D4,10+ years,MORTGAGE,55000.0,Nov-2018,credit_card,29.11,660.0
68882837,18000.0, 60 months,17.97,D,D4,3 years,OWN,110000.0,Jan-2016,debt_consolidation,37.78,660.0
10577113,12000.0, 60 months,16.99,D,D1,2 years,RENT,70000.0,Jan-2014,other,18.28,675.0
38902506,20000.0, 60 months,15.59,D,D1,10+ years,RENT,50000.0,Jan-2015,credit_card,24.46,670.0
7617629,9700.0, 36 months,18.55,D,D2,6 years,MORTGAGE,63800.0,Oct-2013,credit_card,29.36,675.0
118157215,30000.0, 36 months,19.03,D,D3,10+ years,MORTGAGE,160000.0,Sep-2017,debt_consolidation,24.56,665.0
71563472,1000.0, 36 months,16.29,D,D1,10+ years,OWN,70000.0,Feb-2016,other,13.1,710.0
20608680,18225.0, 36 months,18.24,D,D5,5 years,RENT,50000.0,Jul-2014,debt_consolidation,22.04,680.0
17113218,24000.0, 60 months,15.61,D,D1,10+ years,MORTGAGE,85000.0,May-2014,debt_consolidation,13.51,705.0
35084804,7550.0, 36 months,15.59,D,D1,1 year,RENT,30000.0,Nov-2014,credit_card,28.88,660.0
142197211,25000.0, 60 months,19.92,D,D3,10+ years,MORTGAGE,78892.0,Oct-2018,credit_card,38.64,680.0
6636043,18000.0, 36 months,18.25,D,D2,3 years,MORTGAGE,93600.0,Aug-2013,major_purchase,11.92,660.0
137356418,26400.0, 60 months,19.92,D,D3,5 years,RENT,35000.0,Jul-2018,debt_consolidation,26.44,690.0
53774509,29450.0, 60 months,15.61,D,D1,10+ years,MORTGAGE,85000.0,Jul-2015,credit_card,37.27,740.0
99657128,9925.0, 36 months,16.99,D,D1,2 years,RENT,32000.0,Mar-2017,debt_consolidation,25.36,690.0
136361248,10000.0, 60 months,20.89,D,D4,7 years,MORTGAGE,84000.0,Jul-2018,major_purchase,14.17,705.0
88132938,18000.0, 60 months,19.99,D,D4,10+ years,MORTGAGE,50000.0,Aug-2016,debt_consolidation,24.51,660.0
139429213,28000.0, 36 months,20.89,D,D4,5 years,RENT,85000.0,Sep-2018,small_business,22.41,665.0
130748108,14000.0, 60 months,19.42,D,D3,5 years,MORTGAGE,53000.0,Mar-2018,credit_card,35.39,720.0
747991,3500.0, 60 months,16.89,D,D4,5 years,RENT,14000.0,May-2011,car,3.0,695.0
68573688,15000.0, 60 months,17.27,D,D3,2 years,MORTGAGE,60000.0,Dec-2015,debt_consolidation,35.43,665.0
127188355,30000.0, 36 months,21.45,D,D5,4 years,MORTGAGE,74000.0,Jan-2018,debt_consolidation,19.91,695.0
138947161,6000.0, 36 months,17.97,D,D1,4 years,RENT,29000.0,Aug-2018,credit_card,22.68,720.0
110608652,11000.0, 36 months,19.03,D,D3,10+ years,RENT,67000.0,Jun-2017,credit_card,28.19,660.0
3097091,34100.0, 60 months,19.72,D,D5,9 years,MORTGAGE,80000.0,Jan-2013,debt_consolidation,24.48,670.0
126573586,35000.0, 60 months,17.09,D,D1,10+ years,OWN,30000.0,Jan-2018,debt_consolidation,6.4,695.0
204428,4000.0, 36 months,12.36,D,D1,6 years,RENT,39996.0,Jan-2008,debt_consolidation,9.48,660.0
141968494,10000.0, 36 months,17.97,D,D1,10+ years,RENT,52000.0,Oct-2018,vacation,19.29,660.0
138285945,5000.0, 36 months,20.89,D,D4,3 years,RENT,80000.0,Aug-2018,moving,10.71,660.0
116870846,35000.0, 60 months,20.0,D,D4,5 years,RENT,130000.0,Aug-2017,credit_card,28.95,665.0
60844162,30000.0, 60 months,16.55,D,D2,5 years,MORTGAGE,98500.0,Oct-2015,credit_card,22.0,695.0
19156412,8325.0, 36 months,16.29,D,D2,4 years,OWN,47500.0,Jun-2014,home_improvement,17.73,680.0
128662495,15000.0, 60 months,21.45,D,D5,2 years,OWN,40000.0,Mar-2018,debt_consolidation,22.39,715.0
74705821,15000.0, 36 months,17.27,D,D2,10+ years,RENT,67000.0,Mar-2016,debt_consolidation,13.92,700.0
96993808,13725.0, 60 months,18.99,D,D3,10+ years,MORTGAGE,320000.0,Feb-2017,small_business,4.05,680.0
14929030,18000.0, 60 months,16.59,D,D1,10+ years,RENT,62000.0,Apr-2014,debt_consolidation,20.34,660.0
145202189,20000.0, 60 months,18.94,D,D2,,MORTGAGE,35880.0,Dec-2018,debt_consolidation,33.28,715.0
104093284,23950.0, 60 months,18.99,D,D3,3 years,MORTGAGE,82000.0,Apr-2017,debt_consolidation,21.89,710.0
85736445,15000.0, 60 months,16.99,D,D1,1 year,RENT,65000.0,Jul-2016,debt_consolidation,31.04,660.0
345503,7500.0, 36 months,12.92,D,D2,1 year,RENT,50000.0,Apr-2008,other,18.01,670.0
87294201,14500.0, 36 months,19.99,D,D4,,MORTGAGE,48096.0,Aug-2016,debt_consolidation,16.04,700.0
59809244,31275.0, 60 months,17.57,D,D4,10+ years,MORTGAGE,68000.0,Sep-2015,debt_consolidation,38.63,695.0
127705899,7000.0, 36 months,19.03,D,D3,10+ years,RENT,40000.0,Jan-2018,debt_consolidation,31.02,680.0
76351739,1800.0, 36 months,18.99,D,D4,10+ years,MORTGAGE,32400.0,Apr-2016,other,34.15,665.0
15460219,15725.0, 60 months,16.59,D,D1,5 years,MORTGAGE,38000.0,Apr-2014,debt_consolidation,24.42,685.0
106337776,8000.0, 36 months,16.99,D,D1,10+ years,RENT,58752.0,Apr-2017,debt_consolidation,33.86,685.0
1508777,10000.0, 36 months,18.49,D,D2,3 years,RENT,67000.0,Sep-2012,credit_card,15.92,660.0
141297056,5000.0, 36 months,17.97,D,D1,4 years,RENT,90000.0,Oct-2018,debt_consolidation,20.8,665.0
43336534,35000.0, 60 months,16.55,D,D2,10+ years,MORTGAGE,147000.0,Mar-2015,credit_card,11.61,715.0
6325839,5100.0, 36 months,19.52,D,D4,1 year,MORTGAGE,93000.0,Jul-2013,debt_consolidation,20.98,670.0
134621486,13000.0, 60 months,21.85,D,D5,2 years,RENT,30000.0,Jun-2018,debt_consolidation,29.48,700.0
132860231,10000.0, 60 months,18.45,D,D2,6 years,RENT,20000.0,May-2018,debt_consolidation,55.1,700.0
46810210,25000.0, 60 months,15.61,D,D1,7 years,RENT,56500.0,May-2015,debt_consolidation,36.53,695.0
124151837,10000.0, 60 months,19.03,D,D3,8 years,RENT,32000.0,Nov-2017,debt_consolidation,18.99,680.0
58593595,22500.0, 60 months,16.99,D,D3,< 1 year,MORTGAGE,45000.0,Aug-2015,major_purchase,8.93,670.0
121291369,20000.0, 60 months,18.06,D,D2,< 1 year,MORTGAGE,60000.0,Oct-2017,home_improvement,9.34,660.0
10182637,20000.0, 60 months,17.57,D,D2,3 years,RENT,150000.0,Jan-2014,debt_consolidation,12.15,680.0
61782184,16000.0, 36 months,17.57,D,D4,< 1 year,RENT,40000.0,Oct-2015,debt_consolidation,24.33,710.0
51057168,7575.0, 36 months,16.55,D,D2,10+ years,RENT,100000.0,Jun-2015,car,13.74,680.0
15390116,2600.0, 36 months,18.92,D,D4,1 year,RENT,35000.0,May-2014,debt_consolidation,3.43,665.0
13487815,12000.0, 60 months,16.59,D,D1,6 years,RENT,42000.0,Apr-2014,debt_consolidation,17.91,680.0
5037288,6000.0, 36 months,19.05,D,D4,3 years,RENT,47600.0,May-2013,medical,19.16,695.0
39641000,20000.0, 60 months,17.86,D,D5,10+ years,RENT,70800.0,Jan-2015,debt_consolidation,26.71,670.0
60761943,18000.0, 36 months,16.55,D,D2,9 years,MORTGAGE,93000.0,Oct-2015,debt_consolidation,10.72,665.0
83992473,10000.0, 36 months,16.99,D,D1,3 years,MORTGAGE,45000.0,Jul-2016,home_improvement,27.7,660.0
108183580,21000.0, 60 months,18.06,D,D2,10+ years,MORTGAGE,82500.0,May-2017,debt_consolidation,27.61,660.0
91294434,5500.0, 36 months,16.99,D,D1,3 years,OWN,47000.0,Oct-2016,debt_consolidation,33.12,660.0
62589764,35000.0, 36 months,15.61,D,D1,5 years,MORTGAGE,145000.0,Oct-2015,home_improvement,12.46,665.0
44086909,14975.0, 36 months,16.99,D,D3,1 year,RENT,50000.0,Apr-2015,debt_consolidation,24.99,675.0
42484601,6925.0, 36 months,16.55,D,D2,2 years,RENT,90000.0,Mar-2015,major_purchase,13.87,665.0
68433444,1500.0, 36 months,17.27,D,D3,5 years,RENT,45000.0,Dec-2015,debt_consolidation,20.4,685.0
72624466,5000.0, 36 months,17.27,D,D2,3 years,RENT,22000.0,Mar-2016,debt_consolidation,40.37,690.0
10158426,9925.0, 36 months,19.22,D,D4,1 year,RENT,40000.0,Dec-2013,credit_card,29.1,660.0
31707848,4000.0, 36 months,15.61,D,D1,1 year,RENT,36000.0,Nov-2014,debt_consolidation,21.83,680.0
124100714,6000.0, 36 months,17.09,D,D1,,OWN,48000.0,Dec-2017,moving,38.25,680.0
129925900,35000.0, 60 months,17.47,D,D1,10+ years,OWN,175000.0,Mar-2018,home_improvement,22.37,690.0
88870170,3000.0, 36 months,16.99,D,D1,< 1 year,RENT,31788.0,Aug-2016,car,2.34,675.0
65766574,28000.0, 36 months,16.55,D,D2,10+ years,RENT,121000.0,Nov-2015,debt_consolidation,13.0,665.0
85481638,20000.0, 60 months,21.49,D,D5,10+ years,RENT,45000.0,Jul-2016,other,22.29,665.0
39269879,14500.0, 60 months,16.49,D,D3,10+ years,MORTGAGE,55000.0,Jan-2015,credit_card,15.46,665.0
143368738,16000.0, 36 months,20.89,D,D4,3 years,MORTGAGE,120000.0,Nov-2018,home_improvement,31.78,680.0
43226080,11275.0, 60 months,16.55,D,D2,3 years,MORTGAGE,78000.0,Mar-2015,home_improvement,12.65,665.0
104223727,20000.0, 60 months,18.99,D,D3,10+ years,MORTGAGE,135000.0,Apr-2017,debt_consolidation,17.24,660.0
28694172,30000.0, 60 months,16.29,D,D2,8 years,MORTGAGE,109156.0,Oct-2014,debt_consolidation,21.31,665.0
21520791,15000.0, 60 months,15.61,D,D1,< 1 year,MORTGAGE,78000.0,Jul-2014,medical,30.94,735.0
36158214,6475.0, 36 months,15.99,D,D2,6 years,MORTGAGE,33000.0,Dec-2014,debt_consolidation,22.58,665.0
74512238,18900.0, 36 months,18.25,D,D3,8 years,RENT,45000.0,Mar-2016,debt_consolidation,40.34,675.0
86822418,6500.0, 36 months,19.99,D,D4,10+ years,RENT,75000.0,Aug-2016,debt_consolidation,31.81,730.0
88042148,17250.0, 60 months,21.49,D,D5,10+ years,MORTGAGE,72500.0,Aug-2016,debt_consolidation,26.87,660.0
64691418,29900.0, 60 months,17.86,D,D5,3 years,RENT,65000.0,Nov-2015,debt_consolidation,13.67,700.0
1100464,35000.0, 36 months,16.29,D,D1,10+ years,MORTGAGE,475000.0,Jan-2012,debt_consolidation,17.17,705.0
14657968,14000.0, 60 months,16.59,D,D1,8 years,MORTGAGE,52000.0,Apr-2014,credit_card,24.88,705.0
104281330,24000.0, 60 months,16.99,D,D1,10+ years,RENT,94000.0,Apr-2017,credit_card,13.9,660.0
144115949,2000.0, 36 months,19.92,D,D3,2 years,OWN,36000.0,Nov-2018,debt_consolidation,36.3,730.0
13428236,32000.0, 60 months,18.92,D,D4,10+ years,MORTGAGE,110000.0,Apr-2014,credit_card,28.28,680.0
109607763,21850.0, 36 months,18.06,D,D2,7 years,MORTGAGE,70000.0,Jun-2017,credit_card,31.46,695.0
106996205,9000.0, 36 months,18.99,D,D3,2 years,RENT,50000.0,May-2017,debt_consolidation,20.14,690.0
123973751,4000.0, 36 months,17.09,D,D1,4 years,RENT,85000.0,Dec-2017,credit_card,17.34,685.0
100473290,5000.0, 36 months,18.99,D,D3,1 year,RENT,22000.0,Mar-2017,other,8.56,690.0
94392025,9000.0, 36 months,19.99,D,D4,7 years,MORTGAGE,25000.0,Dec-2016,credit_card,10.61,695.0
10647020,18000.0, 60 months,19.22,D,D4,4 years,MORTGAGE,65000.0,Jan-2014,credit_card,31.17,680.0
63386892,13000.0, 60 months,15.61,D,D1,10+ years,OWN,51000.0,Oct-2015,debt_consolidation,38.28,665.0
127526746,10000.0, 60 months,17.09,D,D1,5 years,RENT,24000.0,Jan-2018,credit_card,20.15,665.0
125727307,9800.0, 36 months,18.06,D,D2,4 years,RENT,45000.0,Dec-2017,debt_consolidation,10.27,690.0
17052731,9100.0, 36 months,16.99,D,D3,3 years,RENT,60000.0,Mar-2015,debt_consolidation,14.26,665.0
85250187,10000.0, 60 months,19.99,D,D4,,RENT,40000.0,Jul-2016,debt_consolidation,11.19,670.0
68775305,3000.0, 36 months,18.49,D,D5,< 1 year,RENT,80000.0,Jan-2016,moving,10.85,695.0
124983565,20000.0, 36 months,20.0,D,D4,7 years,MORTGAGE,55000.0,Dec-2017,debt_consolidation,30.81,675.0
4334576,15000.0, 36 months,18.75,D,D3,,RENT,77000.0,Apr-2013,credit_card,6.33,675.0
135313191,9000.0, 36 months,17.47,D,D1,,RENT,18000.0,Jun-2018,debt_consolidation,32.47,660.0
106732092,3825.0, 36 months,16.99,D,D1,9 years,RENT,12000.0,Apr-2017,debt_consolidation,15.7,690.0
71727067,10000.0, 36 months,17.27,D,D2,3 years,RENT,90000.0,Feb-2016,moving,31.68,660.0
98905152,7650.0, 36 months,16.99,D,D1,10+ years,MORTGAGE,44000.0,Feb-2017,debt_consolidation,31.07,660.0
708241,5425.0, 36 months,14.54,D,D1,5 years,OWN,150000.0,Mar-2011,small_business,23.79,665.0
95314111,7000.0, 36 months,18.99,D,D3,10+ years,MORTGAGE,26000.0,Jan-2017,home_improvement,7.53,715.0
105722164,16000.0, 36 months,18.99,D,D3,4 years,RENT,46000.0,Apr-2017,credit_card,28.91,660.0
129622998,36500.0, 60 months,20.39,D,D4,2 years,MORTGAGE,47500.0,Mar-2018,other,52.23,715.0
137306731,9600.0, 36 months,19.92,D,D3,2 years,RENT,189000.0,Aug-2018,debt_consolidation,12.26,670.0
24044460,6000.0, 36 months,15.61,D,D1,< 1 year,RENT,17000.0,Aug-2014,debt_consolidation,29.66,660.0
100026576,11200.0, 60 months,18.99,D,D3,3 years,RENT,85000.0,Mar-2017,home_improvement,8.73,670.0
65363553,20400.0, 60 months,15.41,D,D1,8 years,RENT,46000.0,Dec-2015,debt_consolidation,13.18,670.0
90244598,12150.0, 36 months,19.99,D,D4,3 years,OWN,25000.0,Sep-2016,debt_consolidation,25.64,670.0
125131220,30000.0, 60 months,21.45,D,D5,,RENT,46000.0,Dec-2017,other,37.46,660.0
117218341,9800.0, 36 months,18.06,D,D2,10+ years,RENT,42000.0,Aug-2017,debt_consolidation,34.2,695.0
138453204,10000.0, 36 months,18.94,D,D2,4 years,OWN,78000.0,Aug-2018,credit_card,33.86,705.0
18844985,14225.0, 60 months,17.57,D,D4,10+ years,OWN,37440.0,Jun-2014,credit_card,20.8,700.0
5375907,5000.0, 36 months,17.77,D,D1,7 years,OWN,44500.0,May-2013,credit_card,8.49,670.0
39847608,3300.0, 36 months,15.59,D,D1,< 1 year,MORTGAGE,48000.0,Feb-2015,debt_consolidation,36.35,665.0
69823292,14000.0, 60 months,17.97,D,D4,1 year,MORTGAGE,75000.0,Jan-2016,debt_consolidation,4.62,680.0
669574,18225.0, 36 months,14.91,D,D2,< 1 year,RENT,50000.0,Feb-2011,debt_consolidation,22.27,685.0
121321199,12000.0, 60 months,17.09,D,D1,< 1 year,MORTGAGE,35000.0,Nov-2017,credit_card,15.43,680.0
15630219,13600.0, 36 months,18.25,D,D3,10+ years,MORTGAGE,40000.0,May-2014,debt_consolidation,23.43,680.0
76435736,22400.0, 60 months,17.27,D,D2,10+ years,MORTGAGE,105000.0,Apr-2016,debt_consolidation,5.18,670.0
84514381,21000.0, 60 months,17.99,D,D2,2 years,MORTGAGE,90000.0,Jul-2016,credit_card,21.95,715.0
116596959,20000.0, 60 months,17.09,D,D1,10+ years,MORTGAGE,70000.0,Aug-2017,credit_card,16.53,670.0
48222912,18000.0, 60 months,16.99,D,D3,10+ years,MORTGAGE,40372.0,May-2015,debt_consolidation,30.41,665.0
94346299,20000.0, 36 months,19.99,D,D4,5 years,RENT,80000.0,Dec-2016,small_business,30.24,675.0
49227190,9200.0, 36 months,15.61,D,D1,10+ years,OWN,32000.0,Jun-2015,debt_consolidation,28.02,670.0
61903246,35000.0, 60 months,15.61,D,D1,1 year,RENT,150000.0,Oct-2015,debt_consolidation,11.05,675.0
51117194,18700.0, 60 months,17.86,D,D5,10+ years,MORTGAGE,37440.0,Jun-2015,debt_consolidation,18.77,680.0
43389544,10800.0, 60 months,16.99,D,D3,1 year,OWN,30000.0,Apr-2015,major_purchase,21.72,680.0
120142894,40000.0, 60 months,17.09,D,D1,10+ years,MORTGAGE,200000.0,Oct-2017,debt_consolidation,24.99,710.0
10152393,15000.0, 36 months,16.99,D,D1,10+ years,RENT,58000.0,Jan-2014,credit_card,34.23,660.0
79743514,18125.0, 60 months,18.25,D,D3,1 year,RENT,43200.0,Jun-2016,debt_consolidation,27.61,685.0
46304893,9150.0, 36 months,15.61,D,D1,< 1 year,RENT,26000.0,Apr-2015,debt_consolidation,35.37,680.0
7266039,11000.0, 60 months,20.2,D,D5,10+ years,MORTGAGE,70000.0,Sep-2013,debt_consolidation,16.46,680.0
115388815,4000.0, 36 months,18.06,D,D2,1 year,MORTGAGE,115000.0,Aug-2017,other,14.83,675.0
126866399,33000.0, 60 months,20.0,D,D4,10+ years,RENT,90000.0,Jan-2018,debt_consolidation,17.41,680.0
38648633,22225.0, 60 months,17.14,D,D4,10+ years,RENT,55600.0,Jan-2015,debt_consolidation,39.72,670.0
33231356,30000.0, 36 months,16.99,D,D3,3 years,MORTGAGE,130000.0,Nov-2014,home_improvement,20.54,685.0
121201631,2675.0, 36 months,19.03,D,D3,1 year,RENT,40000.0,Oct-2017,other,1.62,670.0
113847382,15000.0, 36 months,21.45,D,D5,< 1 year,OWN,56000.0,Jul-2017,debt_consolidation,8.64,670.0
93378171,6000.0, 36 months,16.99,D,D1,10+ years,MORTGAGE,65000.0,Nov-2016,credit_card,12.08,660.0
88175466,8000.0, 36 months,19.99,D,D4,2 years,OWN,34000.0,Aug-2016,home_improvement,8.82,660.0
46834123,35000.0, 60 months,16.55,D,D2,10+ years,MORTGAGE,248000.0,May-2015,debt_consolidation,18.39,685.0
26940024,2000.0, 36 months,15.61,D,D1,< 1 year,RENT,32000.0,Sep-2014,small_business,15.87,690.0
84144544,29325.0, 36 months,18.99,D,D3,7 years,RENT,100000.0,Jul-2016,debt_consolidation,17.88,660.0
51467084,3500.0, 36 months,16.55,D,D2,4 years,RENT,62000.0,Jun-2015,debt_consolidation,17.36,675.0
66514946,14700.0, 36 months,15.41,D,D1,< 1 year,MORTGAGE,55000.0,Dec-2015,debt_consolidation,3.56,675.0
85641576,31200.0, 36 months,18.99,D,D3,4 years,MORTGAGE,65000.0,Jul-2016,small_business,14.9,700.0
117851089,22125.0, 60 months,17.09,D,D1,10+ years,RENT,51000.0,Sep-2017,debt_consolidation,27.86,690.0
137496278,10000.0, 36 months,18.94,D,D2,2 years,RENT,45000.0,Jul-2018,debt_consolidation,20.27,675.0
8094794,35000.0, 36 months,19.52,D,D4,10+ years,MORTGAGE,102000.0,Oct-2013,credit_card,12.12,700.0
137511549,14000.0, 36 months,18.94,D,D2,10+ years,MORTGAGE,150000.0,Jul-2018,debt_consolidation,11.41,715.0
12387537,1800.0, 36 months,19.47,D,D5,9 years,MORTGAGE,40000.0,Mar-2014,debt_consolidation,30.45,695.0
135553067,15000.0, 60 months,20.39,D,D4,6 years,MORTGAGE,67500.0,Jun-2018,debt_consolidation,22.83,665.0
142098309,7500.0, 36 months,20.89,D,D4,2 years,OWN,28500.0,Oct-2018,debt_consolidation,22.11,675.0
132156091,10125.0, 60 months,19.42,D,D3,1 year,MORTGAGE,275000.0,Apr-2018,debt_consolidation,11.16,715.0
1524629,35000.0, 36 months,19.72,D,D5,1 year,MORTGAGE,180000.0,Sep-2012,wedding,11.38,720.0
136495813,4000.0, 36 months,22.35,D,D5,10+ years,MORTGAGE,92000.0,Jul-2018,debt_consolidation,30.09,660.0
15340029,9325.0, 36 months,18.25,D,D3,10+ years,MORTGAGE,75000.0,Apr-2014,credit_card,3.97,660.0
128132781,30000.0, 60 months,18.06,D,D2,10+ years,OWN,48000.0,Feb-2018,home_improvement,18.43,660.0
51196022,8400.0, 36 months,16.55,D,D2,10+ years,MORTGAGE,42000.0,Jun-2015,debt_consolidation,17.4,680.0
77655515,8000.0, 36 months,18.25,D,D3,1 year,RENT,60000.0,May-2016,debt_consolidation,28.8,670.0
43839926,19200.0, 60 months,17.86,D,D5,3 years,MORTGAGE,43200.0,Mar-2015,debt_consolidation,21.36,685.0
95294390,17700.0, 36 months,17.99,D,D2,,MORTGAGE,89481.0,Dec-2016,medical,29.81,725.0
70995673,10000.0, 36 months,17.27,D,D2,,MORTGAGE,65000.0,Feb-2016,debt_consolidation,32.18,760.0
67287884,24000.0, 60 months,16.99,D,D3,10+ years,MORTGAGE,69000.0,Dec-2015,debt_consolidation,13.72,695.0
102374152,16925.0, 36 months,19.99,D,D4,3 years,RENT,42837.0,Apr-2017,debt_consolidation,23.14,700.0
39549444,10225.0, 36 months,15.99,D,D2,5 years,MORTGAGE,32000.0,Jan-2015,credit_card,7.99,695.0
124088890,7800.0, 36 months,21.45,D,D5,4 years,OWN,65000.0,Dec-2017,other,19.49,690.0
3527974,7200.0, 36 months,18.49,D,D2,3 years,MORTGAGE,45000.0,Mar-2013,home_improvement,4.48,670.0
42844447,4475.0, 36 months,17.57,D,D4,4 years,RENT,82000.0,Mar-2015,debt_consolidation,1.49,695.0
55817633,8475.0, 36 months,15.61,D,D1,< 1 year,MORTGAGE,42900.0,Jul-2015,debt_consolidation,15.89,665.0
12806271,35000.0, 36 months,17.57,D,D2,10+ years,MORTGAGE,100000.0,Mar-2014,credit_card,15.93,685.0
15611062,1300.0, 36 months,17.57,D,D2,2 years,RENT,28000.0,May-2014,debt_consolidation,17.53,685.0
45654195,15325.0, 60 months,15.61,D,D1,3 years,MORTGAGE,39000.0,May-2015,debt_consolidation,30.18,690.0
8607974,12000.0, 36 months,16.59,D,D1,1 year,MORTGAGE,48000.0,Mar-2014,debt_consolidation,8.58,665.0
80601247,6000.0, 36 months,17.27,D,D2,10+ years,MORTGAGE,65000.0,May-2016,debt_consolidation,27.94,665.0
24234557,3000.0, 36 months,15.61,D,D1,6 years,RENT,54000.0,Aug-2014,debt_consolidation,33.56,700.0
13277320,7550.0, 36 months,18.92,D,D4,10+ years,RENT,47000.0,Apr-2014,debt_consolidation,2.58,660.0
131314875,15000.0, 60 months,18.45,D,D2,10+ years,MORTGAGE,220000.0,Apr-2018,vacation,2.15,660.0
1602924,16625.0, 36 months,18.75,D,D3,8 years,RENT,42200.0,Oct-2012,debt_consolidation,24.03,665.0
107071506,23000.0, 60 months,16.99,D,D1,1 year,MORTGAGE,50000.0,Apr-2017,debt_consolidation,12.99,700.0
1393562,7200.0, 36 months,18.49,D,D2,6 years,RENT,30000.0,Jul-2012,debt_consolidation,12.68,660.0
46601578,4675.0, 36 months,16.99,D,D3,10+ years,MORTGAGE,64200.0,Apr-2015,debt_consolidation,20.92,660.0
65695965,3200.0, 36 months,15.41,D,D1,2 years,MORTGAGE,60000.0,Nov-2015,credit_card,34.88,705.0
51878774,11425.0, 36 months,15.61,D,D1,7 years,MORTGAGE,55000.0,Jun-2015,debt_consolidation,10.83,665.0
134127285,14425.0, 36 months,20.39,D,D4,10+ years,OWN,30000.0,May-2018,debt_consolidation,27.16,665.0
71016390,13475.0, 36 months,19.53,D,D5,1 year,RENT,37440.0,Feb-2016,debt_consolidation,24.94,675.0
68356144,35000.0, 36 months,18.49,D,D5,10+ years,OWN,170000.0,Dec-2015,debt_consolidation,16.04,670.0
137883535,5000.0, 36 months,22.35,D,D5,,RENT,19000.0,Aug-2018,debt_consolidation,106.7,660.0
144363554,20000.0, 60 months,18.94,D,D2,10+ years,MORTGAGE,180000.0,Nov-2018,credit_card,18.11,660.0
32409349,6225.0, 36 months,17.57,D,D4,10+ years,MORTGAGE,46800.0,Oct-2014,other,3.62,680.0
13326542,12000.0, 60 months,16.59,D,D1,4 years,RENT,110000.0,Apr-2014,debt_consolidation,17.0,680.0
38301569,30000.0, 60 months,17.14,D,D4,10+ years,MORTGAGE,96398.0,Jan-2015,debt_consolidation,34.46,700.0
120629131,19000.0, 60 months,18.06,D,D2,5 years,RENT,65000.0,Oct-2017,debt_consolidation,21.03,670.0
38301913,19175.0, 36 months,16.49,D,D3,7 years,MORTGAGE,72800.0,Jan-2015,debt_consolidation,6.05,670.0
84084939,16000.0, 60 months,16.99,D,D1,10+ years,OWN,70000.0,Jul-2016,debt_consolidation,23.85,665.0
1614754,6600.0, 36 months,18.49,D,D2,10+ years,MORTGAGE,66000.0,Oct-2012,debt_consolidation,15.89,660.0
124141608,5325.0, 36 months,19.03,D,D3,,RENT,28526.0,Nov-2017,debt_consolidation,17.21,670.0
36168653,23750.0, 60 months,15.59,D,D1,1 year,MORTGAGE,82656.0,Nov-2014,credit_card,8.7,665.0
63970862,14400.0, 60 months,16.99,D,D3,9 years,RENT,90000.0,Nov-2015,debt_consolidation,19.71,665.0
125308670,35000.0, 60 months,17.09,D,D1,10+ years,RENT,80000.0,Dec-2017,house,21.32,755.0
46115101,18000.0, 36 months,17.86,D,D5,4 years,MORTGAGE,69195.07,Apr-2015,debt_consolidation,13.94,670.0
71956563,33500.0, 36 months,16.29,D,D1,7 years,OWN,67000.0,Feb-2016,debt_consolidation,21.74,675.0
6825185,12000.0, 60 months,20.31,D,D5,10+ years,RENT,78000.0,Sep-2013,debt_consolidation,26.05,680.0
40471207,30000.0, 60 months,17.86,D,D5,8 years,MORTGAGE,105000.0,Feb-2015,debt_consolidation,17.05,675.0
686310,3000.0, 60 months,15.28,D,D3,2 years,RENT,60000.0,Mar-2011,car,11.72,690.0
71642640,6000.0, 36 months,19.53,D,D5,,MORTGAGE,38500.0,Feb-2016,other,21.01,755.0
20077628,3625.0, 36 months,16.99,D,D3,2 years,MORTGAGE,48000.0,Jul-2014,debt_consolidation,21.85,670.0
85862018,6400.0, 36 months,16.99,D,D1,10+ years,MORTGAGE,155000.0,Jul-2016,other,22.34,670.0
76728725,16000.0, 36 months,18.99,D,D4,8 years,RENT,49000.0,Apr-2016,debt_consolidation,23.31,660.0
119957485,1800.0, 36 months,21.45,D,D5,10+ years,MORTGAGE,91900.0,Sep-2017,home_improvement,18.69,660.0
41960179,11425.0, 60 months,17.57,D,D4,6 years,RENT,48300.0,Feb-2015,debt_consolidation,17.14,675.0
1250833,20400.0, 60 months,18.55,D,D4,3 years,MORTGAGE,70000.0,May-2012,debt_consolidation,13.2,705.0
136811810,15000.0, 60 months,18.94,D,D2,1 year,RENT,42000.0,Jul-2018,debt_consolidation,37.03,675.0
136467901,2500.0, 36 months,20.89,D,D4,1 year,MORTGAGE,78000.0,Jul-2018,vacation,33.4,690.0
115701767,10200.0, 36 months,18.06,D,D2,10+ years,MORTGAGE,51000.0,Aug-2017,credit_card,29.11,685.0
3152963,6000.0, 36 months,18.75,D,D3,10+ years,RENT,43000.0,Jan-2013,other,15.35,695.0
143057765,10000.0, 36 months,17.97,D,D1,8 years,MORTGAGE,50000.0,Nov-2018,other,35.65,685.0
145217455,28000.0, 60 months,18.94,D,D2,2 years,MORTGAGE,30000.0,Dec-2018,home_improvement,57.12,695.0
19126650,12000.0, 36 months,16.29,D,D2,10+ years,MORTGAGE,72000.0,Jun-2014,debt_consolidation,28.65,675.0
87993104,4000.0, 36 months,17.99,D,D2,3 years,OWN,20000.0,Sep-2016,other,3.0,785.0
117844668,28000.0, 60 months,21.45,D,D5,5 years,RENT,76000.0,Sep-2017,debt_consolidation,14.87,670.0
132244401,10000.0, 36 months,17.47,D,D1,10+ years,RENT,60008.0,Apr-2018,other,24.0,670.0
90270859,11000.0, 36 months,16.99,D,D1,< 1 year,RENT,60000.0,Sep-2016,credit_card,25.52,685.0
41163205,19750.0, 36 months,18.84,E,E2,6 years,RENT,55000.0,Mar-2015,small_business,32.73,675.0
112733478,24950.0, 60 months,26.3,E,E5,3 years,MORTGAGE,10200.0,Jul-2017,debt_consolidation,122.94,675.0
63389106,20000.0, 60 months,18.55,E,E2,10+ years,MORTGAGE,100000.0,Oct-2015,debt_consolidation,21.43,670.0
126073197,15000.0, 36 months,22.91,E,E1,3 years,RENT,49500.0,Dec-2017,debt_consolidation,12.09,690.0
70011204,15125.0, 60 months,21.48,E,E5,10+ years,MORTGAGE,84000.0,Jan-2016,debt_consolidation,32.27,720.0
1267221,19200.0, 60 months,21.48,E,E4,10+ years,MORTGAGE,106000.0,May-2012,debt_consolidation,19.15,670.0
69496129,7200.0, 36 months,19.89,E,E3,7 years,RENT,20000.0,Jan-2016,debt_consolidation,34.93,665.0
30766157,9575.0, 36 months,18.99,E,E1,,RENT,32000.0,Oct-2014,debt_consolidation,22.54,675.0
94388921,30000.0, 60 months,25.49,E,E4,4 years,RENT,82080.0,Dec-2016,major_purchase,1.9,730.0
61360976,14000.0, 60 months,19.99,E,E4,3 years,RENT,96000.0,Oct-2015,moving,16.49,680.0
107226378,2825.0, 36 months,23.99,E,E2,10+ years,MORTGAGE,70000.0,May-2017,home_improvement,14.18,675.0
32409669,10000.0, 60 months,22.15,E,E5,1 year,RENT,33000.0,Oct-2014,debt_consolidation,32.55,675.0
76435177,11200.0, 60 months,21.18,E,E3,5 years,RENT,45000.0,Apr-2016,credit_card,32.08,675.0
92261282,12000.0, 60 months,22.74,E,E1,< 1 year,RENT,72000.0,Nov-2016,debt_consolidation,29.73,665.0
52149472,21200.0, 60 months,20.99,E,E5,10+ years,MORTGAGE,53000.0,Jun-2015,debt_consolidation,36.68,660.0
91495928,12000.0, 60 months,22.74,E,E1,10+ years,RENT,55000.0,Oct-2016,debt_consolidation,32.73,680.0
104339798,16000.0, 60 months,23.99,E,E2,5 years,MORTGAGE,50000.0,Apr-2017,debt_consolidation,5.5,720.0
128358376,2000.0, 36 months,24.85,E,E3,2 years,RENT,35000.0,Feb-2018,major_purchase,72.51,665.0
55288490,8850.0, 36 months,18.55,E,E2,3 years,MORTGAGE,19800.0,Jul-2015,debt_consolidation,19.03,685.0
117249462,7200.0, 36 months,22.91,E,E1,7 years,RENT,78000.0,Aug-2017,debt_consolidation,22.38,695.0
143962133,30000.0, 60 months,25.34,E,E3,6 years,RENT,92500.0,Nov-2018,debt_consolidation,29.16,710.0
16472131,29400.0, 60 months,19.52,E,E2,10+ years,MORTGAGE,110000.0,May-2014,debt_consolidation,8.78,695.0
12436331,12175.0, 36 months,19.99,E,E1,6 years,OWN,36000.0,Feb-2014,credit_card,25.33,670.0
103470552,4000.0, 36 months,22.74,E,E1,1 year,RENT,56000.0,Apr-2017,medical,19.07,730.0
43510374,15775.0, 36 months,18.25,E,E1,4 years,RENT,32000.0,Apr-2015,debt_consolidation,13.65,665.0
144224889,21000.0, 60 months,24.37,E,E2,10+ years,MORTGAGE,269000.0,Nov-2018,debt_consolidation,9.37,670.0
100061294,11200.0, 36 months,22.74,E,E1,10+ years,MORTGAGE,56000.0,Mar-2017,credit_card,28.27,685.0
68527974,9000.0, 36 months,19.89,E,E3,5 years,RENT,42000.0,Jan-2016,debt_consolidation,39.8,690.0
107068527,28800.0, 60 months,23.99,E,E2,3 years,RENT,105000.0,May-2017,credit_card,29.1,690.0
3675370,2400.0, 36 months,21.0,E,E2,10+ years,OWN,82000.0,Mar-2013,small_business,1.13,695.0
137736767,16000.0, 60 months,26.31,E,E4,10+ years,RENT,149000.0,Aug-2018,other,0.56,745.0
109282698,16000.0, 60 months,23.88,E,E2,2 years,MORTGAGE,46500.0,May-2017,debt_consolidation,10.3,720.0
41122356,35000.0, 60 months,21.67,E,E5,5 years,RENT,98000.0,Feb-2015,credit_card,22.1,675.0
140309995,8000.0, 36 months,27.27,E,E5,,MORTGAGE,21600.0,Sep-2018,debt_consolidation,16.94,665.0
130032620,30000.0, 36 months,26.77,E,E5,10+ years,RENT,79000.0,Mar-2018,debt_consolidation,16.59,710.0
136193327,6300.0, 36 months,25.34,E,E3,3 years,RENT,78000.0,Jul-2018,debt_consolidation,21.28,670.0
61432442,4800.0, 36 months,19.19,E,E3,2 years,RENT,30000.0,Oct-2015,other,24.8,670.0
44085299,20000.0, 60 months,18.84,E,E2,10+ years,RENT,66000.0,Mar-2015,debt_consolidation,20.82,660.0
14490508,12275.0, 60 months,21.18,E,E3,10+ years,RENT,35248.86,Apr-2014,debt_consolidation,25.98,665.0
4435401,13750.0, 60 months,21.98,E,E4,7 years,MORTGAGE,52000.0,May-2013,debt_consolidation,18.23,695.0
139354263,15000.0, 60 months,27.27,E,E5,< 1 year,OWN,35000.0,Aug-2018,debt_consolidation,23.66,675.0
65059320,20000.0, 60 months,18.49,E,E2,10+ years,MORTGAGE,72000.0,Nov-2015,debt_consolidation,12.89,700.0
12355135,14175.0, 60 months,22.45,E,E5,10+ years,MORTGAGE,36012.0,Feb-2014,home_improvement,2.3,700.0
5454839,21200.0, 60 months,21.0,E,E2,10+ years,RENT,48000.0,Jun-2013,debt_consolidation,16.85,670.0
39731454,30000.0, 60 months,19.24,E,E2,4 years,RENT,180000.0,Feb-2015,small_business,5.93,710.0
853204,12600.0, 60 months,18.39,E,E2,2 years,OWN,63000.0,Aug-2011,debt_consolidation,14.67,670.0
52027928,24400.0, 60 months,19.99,E,E4,10+ years,OWN,55500.0,Jun-2015,debt_consolidation,23.42,685.0
48608023,35000.0, 36 months,20.49,E,E4,2 years,MORTGAGE,206000.0,May-2015,other,11.2,680.0
125153420,12375.0, 36 months,26.3,E,E5,10+ years,RENT,60000.0,Dec-2017,debt_consolidation,30.86,710.0
28823643,12600.0, 36 months,18.99,E,E1,6 years,MORTGAGE,37000.0,Oct-2014,debt_consolidation,26.53,705.0
61502796,5875.0, 36 months,18.25,E,E1,10+ years,RENT,56000.0,Oct-2015,debt_consolidation,8.34,695.0
13098154,21750.0, 60 months,21.18,E,E3,< 1 year,RENT,65000.0,Apr-2014,debt_consolidation,19.6,660.0
98768476,18475.0, 60 months,22.74,E,E1,10+ years,MORTGAGE,70000.0,Mar-2017,credit_card,22.65,675.0
100449698,16000.0, 60 months,22.74,E,E1,10+ years,MORTGAGE,98000.0,Mar-2017,debt_consolidation,20.01,685.0
130373978,19100.0, 36 months,26.77,E,E5,4 years,RENT,72000.0,Mar-2018,house,20.85,680.0
141371895,30000.0, 60 months,27.27,E,E5,5 years,OWN,78000.0,Oct-2018,debt_consolidation,22.34,700.0
85621482,4000.0, 36 months,23.99,E,E2,8 years,MORTGAGE,47000.0,Jul-2016,credit_card,22.7,675.0
2296962,18000.0, 60 months,21.98,E,E4,2 years,RENT,44000.0,Dec-2012,debt_consolidation,23.97,675.0
142158383,9750.0, 36 months,23.4,E,E1,10+ years,MORTGAGE,25500.0,Oct-2018,debt_consolidation,24.89,675.0
73875630,12000.0, 60 months,22.45,E,E5,3 years,MORTGAGE,82000.0,Mar-2016,debt_consolidation,24.95,665.0
85350185,4400.0, 36 months,24.49,E,E3,10+ years,RENT,49000.0,Jul-2016,debt_consolidation,32.87,690.0
1032493,12300.0, 60 months,19.91,E,E4,6 years,MORTGAGE,41000.0,Dec-2011,credit_card,24.91,665.0
128914913,35000.0, 60 months,26.3,E,E5,10+ years,MORTGAGE,90000.0,Mar-2018,debt_consolidation,34.55,690.0
30205294,18600.0, 36 months,19.52,E,E2,2 years,RENT,80000.0,Oct-2014,small_business,8.52,660.0
56060975,15100.0, 36 months,20.99,E,E5,10+ years,MORTGAGE,36000.0,Jul-2015,credit_card,29.27,690.0
51846231,23400.0, 60 months,19.99,E,E4,10+ years,RENT,58500.0,Jun-2015,debt_consolidation,27.16,665.0
118161950,16800.0, 60 months,24.85,E,E3,8 years,MORTGAGE,65000.0,Sep-2017,credit_card,43.11,680.0
60924527,15000.0, 60 months,20.99,E,E5,1 year,RENT,71400.0,Oct-2015,debt_consolidation,16.89,675.0
63524503,21825.0, 36 months,19.19,E,E3,5 years,RENT,52000.0,Oct-2015,debt_consolidation,23.12,670.0
66045198,34500.0, 36 months,18.2,E,E1,3 years,OWN,75000.0,Nov-2015,major_purchase,22.59,665.0
46652295,8225.0, 36 months,19.52,E,E3,5 years,RENT,27698.0,May-2015,medical,5.85,680.0
135898634,17000.0, 60 months,26.77,E,E5,10+ years,OWN,65000.0,Jun-2018,credit_card,21.53,660.0
91527102,16475.0, 60 months,25.49,E,E4,9 years,RENT,58000.0,Nov-2016,credit_card,20.05,675.0
99954442,7500.0, 36 months,23.99,E,E2,10+ years,RENT,120000.0,Mar-2017,moving,13.85,680.0
71865344,24000.0, 60 months,19.99,E,E1,10+ years,RENT,65000.0,Mar-2016,debt_consolidation,25.72,670.0
716791,10000.0, 60 months,16.4,E,E1,4 years,MORTGAGE,100008.0,Apr-2011,major_purchase,14.13,675.0
61532087,13375.0, 60 months,19.99,E,E4,5 years,MORTGAGE,73000.0,Oct-2015,debt_consolidation,25.35,670.0
56964823,10000.0, 60 months,18.25,E,E1,2 years,RENT,70000.0,Aug-2015,debt_consolidation,14.01,690.0
72261543,7150.0, 36 months,21.18,E,E3,,OWN,22400.0,Feb-2016,other,27.2,695.0
11665404,18275.0, 60 months,20.5,E,E1,6 years,MORTGAGE,55000.0,Feb-2014,debt_consolidation,22.15,680.0
78578303,16800.0, 60 months,22.35,E,E2,1 year,MORTGAGE,53000.0,Jun-2016,home_improvement,17.03,665.0
46747937,21100.0, 60 months,18.25,E,E1,< 1 year,MORTGAGE,60000.0,May-2015,debt_consolidation,17.42,715.0
76437973,12800.0, 60 months,19.99,E,E1,8 years,RENT,32000.0,May-2016,debt_consolidation,37.13,660.0
80538139,18000.0, 60 months,20.99,E,E1,3 years,MORTGAGE,71436.0,Jun-2016,debt_consolidation,17.35,690.0
50656491,7400.0, 36 months,19.19,E,E3,10+ years,OWN,42000.0,Jun-2015,debt_consolidation,28.34,680.0
19067445,25200.0, 60 months,20.2,E,E3,6 years,MORTGAGE,75000.0,Jun-2014,credit_card,28.35,660.0
90204411,25300.0, 60 months,25.29,E,E5,10+ years,OWN,55000.0,Sep-2016,home_improvement,9.93,725.0
83374213,40000.0, 60 months,22.39,E,E1,10+ years,MORTGAGE,190000.0,Jun-2016,debt_consolidation,23.52,700.0
27681649,16125.0, 36 months,18.99,E,E1,6 years,RENT,125330.0,Oct-2014,other,5.42,755.0
96143347,14400.0, 36 months,22.74,E,E1,2 years,RENT,60000.0,Dec-2016,debt_consolidation,23.82,665.0
95317701,16000.0, 60 months,22.74,E,E1,10+ years,RENT,58000.0,Dec-2016,debt_consolidation,30.86,665.0
57146310,17500.0, 60 months,18.25,E,E1,,OWN,35000.0,Aug-2015,credit_card,35.19,715.0
581087,25000.0, 36 months,17.56,E,E4,3 years,RENT,150000.0,Sep-2010,debt_consolidation,8.34,690.0
117957020,4000.0, 36 months,24.85,E,E3,2 years,RENT,46800.0,Sep-2017,other,21.92,700.0
102095162,10400.0, 36 months,25.49,E,E4,2 years,RENT,35000.0,Mar-2017,car,9.88,665.0
52018160,7200.0, 36 months,18.55,E,E2,6 years,OWN,20000.0,Jun-2015,debt_consolidation,23.83,680.0
69615082,14000.0, 60 months,18.99,E,E1,2 years,RENT,33976.0,Jan-2016,debt_consolidation,9.47,685.0
144520553,6500.0, 36 months,23.4,E,E1,10+ years,MORTGAGE,125000.0,Dec-2018,debt_consolidation,16.77,665.0
123987911,14000.0, 60 months,26.3,E,E5,3 years,RENT,28000.0,Nov-2017,debt_consolidation,58.21,690.0
13016233,6925.0, 36 months,19.99,E,E1,3 years,MORTGAGE,24000.0,Apr-2014,debt_consolidation,23.3,720.0
6235563,20000.0, 60 months,22.2,E,E4,< 1 year,RENT,62000.0,Jul-2013,debt_consolidation,18.84,680.0
38447552,8075.0, 36 months,20.99,E,E4,10+ years,MORTGAGE,40000.0,Jan-2015,debt_consolidation,16.47,700.0
58320799,17800.0, 60 months,18.55,E,E2,10+ years,RENT,39480.0,Aug-2015,other,19.67,675.0
131124253,5000.0, 36 months,22.9,E,E1,10+ years,MORTGAGE,21022.0,Apr-2018,debt_consolidation,32.72,670.0
8544703,12875.0, 36 months,21.0,E,E1,,MORTGAGE,45400.0,Nov-2013,credit_card,23.05,670.0
132308704,1400.0, 36 months,23.87,E,E2,,RENT,39360.0,May-2018,moving,55.88,665.0
87134089,12000.0, 60 months,24.99,E,E4,1 year,RENT,30000.0,Aug-2016,debt_consolidation,20.68,670.0
69614899,35000.0, 60 months,20.5,E,E4,2 years,RENT,225000.0,Jan-2016,credit_card,13.51,710.0
75304891,16000.0, 60 months,21.18,E,E3,5 years,RENT,47500.0,Mar-2016,other,37.32,680.0
78072140,26900.0, 60 months,20.99,E,E1,10+ years,MORTGAGE,57400.0,Apr-2016,debt_consolidation,25.21,680.0
119958342,20000.0, 60 months,23.88,E,E2,< 1 year,MORTGAGE,225000.0,Sep-2017,debt_consolidation,8.63,680.0
109141556,10000.0, 36 months,25.82,E,E4,10+ years,MORTGAGE,288000.0,May-2017,debt_consolidation,24.64,675.0
47747224,8000.0, 36 months,18.84,E,E2,< 1 year,RENT,36000.0,May-2015,major_purchase,5.75,670.0
66551108,18475.0, 60 months,19.99,E,E4,6 years,RENT,70000.0,Dec-2015,debt_consolidation,15.69,675.0
65875492,6000.0, 36 months,18.49,E,E2,,RENT,32424.0,Dec-2015,debt_consolidation,29.02,685.0
56010767,24000.0, 60 months,18.25,E,E1,10+ years,MORTGAGE,88000.0,Aug-2015,debt_consolidation,23.65,700.0
143710267,15000.0, 60 months,27.27,E,E5,10+ years,OWN,235000.0,Dec-2018,major_purchase,2.56,690.0
65874534,35000.0, 60 months,18.99,E,E3,10+ years,RENT,115942.0,Nov-2015,credit_card,16.81,680.0
91427820,13500.0, 60 months,25.49,E,E4,10+ years,MORTGAGE,115000.0,Nov-2016,debt_consolidation,32.31,680.0
19666633,8600.0, 36 months,22.15,E,E5,5 years,RENT,24000.0,Jul-2014,debt_consolidation,32.05,670.0
58582326,35000.0, 60 months,19.19,E,E3,1 year,RENT,120000.0,Aug-2015,home_improvement,3.04,660.0
102319488,8000.0, 36 months,25.49,E,E4,4 years,RENT,58000.0,Mar-2017,other,27.17,670.0
142981871,6000.0, 36 months,23.4,E,E1,10+ years,RENT,80000.0,Nov-2018,debt_consolidation,17.91,665.0
19076104,17225.0, 60 months,22.15,E,E5,8 years,MORTGAGE,48000.0,Jul-2014,debt_consolidation,23.6,670.0
140290672,30000.0, 36 months,23.4,E,E1,10+ years,RENT,77000.0,Oct-2018,debt_consolidation,27.9,685.0
1681116,30225.0, 60 months,22.47,E,E5,10+ years,MORTGAGE,68000.0,Nov-2012,debt_consolidation,24.45,690.0
41161904,20000.0, 60 months,18.25,E,E1,4 years,MORTGAGE,55609.0,Feb-2015,debt_consolidation,22.71,690.0
129045213,16000.0, 36 months,25.82,E,E4,2 years,MORTGAGE,50000.0,Feb-2018,debt_consolidation,32.21,675.0
71035589,30000.0, 60 months,21.18,E,E3,10+ years,RENT,75000.0,Feb-2016,debt_consolidation,33.17,660.0
39632147,25000.0, 60 months,18.54,E,E1,10+ years,MORTGAGE,80666.0,Jan-2015,debt_consolidation,18.82,675.0
42413981,18750.0, 60 months,21.67,E,E5,10+ years,MORTGAGE,44800.0,Mar-2015,debt_consolidation,17.17,675.0
603999,4000.0, 60 months,16.32,E,E2,5 years,MORTGAGE,72000.0,Oct-2010,home_improvement,4.2,680.0
137233771,15000.0, 60 months,27.27,E,E5,< 1 year,OWN,58000.0,Jul-2018,debt_consolidation,8.71,665.0
54168296,20000.0, 60 months,19.99,E,E4,10+ years,MORTGAGE,100000.0,Jul-2015,debt_consolidation,19.43,675.0
48010488,21975.0, 60 months,18.25,E,E1,10+ years,RENT,60000.0,May-2015,debt_consolidation,12.34,740.0
91052392,32550.0, 60 months,24.74,E,E3,5 years,MORTGAGE,112000.0,Oct-2016,debt_consolidation,18.74,685.0
20719414,31500.0, 60 months,20.2,E,E3,10+ years,MORTGAGE,140000.0,Jul-2014,debt_consolidation,28.2,695.0
119044492,3000.0, 36 months,24.85,E,E3,< 1 year,RENT,30000.0,Sep-2017,other,20.2,725.0
15350381,15425.0, 36 months,20.49,E,E2,7 years,MORTGAGE,65000.0,May-2014,debt_consolidation,19.77,675.0
127053802,6300.0, 36 months,22.91,E,E1,,OWN,12000.0,Feb-2018,credit_card,14.6,685.0
39805757,12000.0, 60 months,19.24,E,E2,7 years,MORTGAGE,75000.0,Jan-2015,credit_card,13.22,680.0
43472356,20000.0, 60 months,18.25,E,E1,5 years,OWN,130000.0,Apr-2015,debt_consolidation,8.24,675.0
139821925,1500.0, 36 months,23.4,E,E1,5 years,RENT,55000.0,Sep-2018,debt_consolidation,2.9,690.0
39805201,22400.0, 60 months,20.99,E,E4,6 years,MORTGAGE,45000.0,Jan-2015,other,11.33,665.0
124092770,20000.0, 60 months,24.85,E,E3,3 years,MORTGAGE,55000.0,Nov-2017,debt_consolidation,23.67,675.0
44140066,9125.0, 36 months,21.67,E,E5,2 years,RENT,30500.0,Mar-2015,debt_consolidation,36.44,665.0
109957386,10400.0, 36 months,25.82,E,E4,,OWN,59000.0,May-2017,debt_consolidation,11.31,685.0
1106661,30000.0, 60 months,19.42,E,E3,3 years,MORTGAGE,90000.0,Jan-2012,debt_consolidation,10.61,700.0
72715876,35000.0, 60 months,20.75,E,E2,10+ years,OWN,150000.0,Feb-2016,home_improvement,14.0,665.0
144265836,15000.0, 60 months,27.27,E,E5,1 year,MORTGAGE,72000.0,Nov-2018,debt_consolidation,25.82,690.0
25527021,11200.0, 36 months,19.52,E,E2,10+ years,OWN,54000.0,Sep-2014,debt_consolidation,17.21,670.0
1390080,26000.0, 36 months,21.98,E,E4,< 1 year,RENT,120000.0,Jul-2012,credit_card,12.22,660.0
45242183,13200.0, 60 months,18.25,E,E1,10+ years,MORTGAGE,52000.0,Apr-2015,debt_consolidation,17.47,680.0
76436373,24000.0, 60 months,19.99,E,E1,10+ years,MORTGAGE,80000.0,Apr-2016,home_improvement,11.15,665.0
12886899,4525.0, 36 months,19.52,E,E2,10+ years,MORTGAGE,52000.0,Jun-2014,debt_consolidation,11.45,660.0
94306564,2000.0, 36 months,26.24,E,E5,2 years,MORTGAGE,38000.0,Dec-2016,vacation,13.83,695.0
108609644,21000.0, 60 months,23.88,E,E2,2 years,OWN,114500.0,May-2017,debt_consolidation,28.19,660.0
41216421,25000.0, 60 months,19.52,E,E3,< 1 year,MORTGAGE,131000.0,Mar-2015,debt_consolidation,17.14,685.0
120234284,3600.0, 36 months,24.85,E,E3,10+ years,RENT,42000.0,Oct-2017,other,24.51,660.0
39581359,15350.0, 36 months,19.99,E,E3,10+ years,OWN,48000.0,Jan-2015,other,18.77,660.0
1400329,35000.0, 60 months,21.49,E,E3,3 years,MORTGAGE,104000.0,Sep-2012,debt_consolidation,21.54,720.0
1392467,8125.0, 36 months,21.0,E,E2,4 years,RENT,60000.0,Jul-2012,other,8.76,660.0
34682926,35000.0, 60 months,19.99,E,E3,10+ years,MORTGAGE,80805.0,Nov-2014,debt_consolidation,22.87,685.0
55707247,13825.0, 60 months,19.99,E,E4,10+ years,MORTGAGE,80000.0,Jul-2015,other,10.76,685.0
115249145,10000.0, 36 months,24.85,E,E3,1 year,RENT,45000.0,Aug-2017,credit_card,18.74,690.0
35653795,8975.0, 36 months,19.99,E,E3,8 years,RENT,25000.0,Nov-2014,major_purchase,8.21,670.0
60783115,16800.0, 60 months,19.19,E,E3,10+ years,MORTGAGE,51000.0,Oct-2015,debt_consolidation,13.79,690.0
60586371,14500.0, 60 months,20.99,E,E5,< 1 year,RENT,40000.0,Sep-2015,debt_consolidation,26.94,660.0
29013696,19375.0, 60 months,22.15,E,E5,10+ years,MORTGAGE,58000.0,Oct-2014,debt_consolidation,19.28,680.0
68573127,27350.0, 60 months,19.48,E,E2,3 years,RENT,120000.0,Dec-2015,debt_consolidation,24.12,700.0
122191817,8875.0, 36 months,24.85,E,E3,4 years,RENT,48000.0,Nov-2017,renewable_energy,27.8,665.0
98126452,21750.0, 36 months,23.99,E,E2,,RENT,51792.0,Mar-2017,debt_consolidation,20.16,690.0
68901168,7275.0, 36 months,19.89,E,E3,6 years,RENT,26000.0,Jan-2016,debt_consolidation,36.29,665.0
55230786,12600.0, 60 months,18.25,E,E1,< 1 year,RENT,92040.0,Jul-2015,debt_consolidation,21.55,665.0
110361696,23900.0, 60 months,26.3,E,E5,10+ years,RENT,140000.0,Jul-2017,other,11.92,685.0
138875492,10000.0, 60 months,25.34,E,E3,10+ years,MORTGAGE,255000.0,Aug-2018,credit_card,19.95,680.0
12466143,18125.0, 60 months,19.99,E,E1,2 years,RENT,50500.0,Mar-2014,debt_consolidation,23.62,665.0
94097470,22000.0, 60 months,26.24,E,E5,3 years,RENT,50000.0,Nov-2016,debt_consolidation,33.99,690.0
55228620,25200.0, 60 months,19.99,E,E4,2 years,RENT,60000.0,Jul-2015,debt_consolidation,34.26,670.0
145452512,16000.0, 60 months,27.27,E,E5,10+ years,MORTGAGE,120000.0,Dec-2018,other,16.43,665.0
56562682,11850.0, 60 months,18.25,E,E1,3 years,RENT,39000.0,Aug-2015,credit_card,16.83,660.0
85515751,27300.0, 36 months,24.49,E,E3,3 years,RENT,65000.0,Aug-2016,debt_consolidation,25.0,670.0
95268602,20000.0, 36 months,22.74,E,E1,10+ years,OWN,52000.0,Dec-2016,debt_consolidation,25.43,670.0
136533226,7400.0, 36 months,27.27,E,E5,2 years,OWN,51000.0,Jul-2018,credit_card,30.85,695.0
38554779,6950.0, 36 months,18.54,E,E1,3 years,MORTGAGE,24960.0,Jan-2015,debt_consolidation,25.48,690.0
5957638,19200.0, 60 months,20.8,E,E1,10+ years,MORTGAGE,45000.0,Jul-2013,debt_consolidation,3.36,680.0
63438309,26000.0, 60 months,19.19,E,E3,9 years,MORTGAGE,52000.0,Oct-2015,debt_consolidation,30.56,670.0
22411558,28775.0, 60 months,20.2,E,E3,2 years,MORTGAGE,97000.0,Jul-2014,debt_consolidation,5.78,680.0
132075240,2200.0, 36 months,22.9,E,E1,10+ years,OWN,41000.0,Apr-2018,credit_card,26.7,680.0
94382841,22500.0, 60 months,22.74,E,E1,10+ years,MORTGAGE,45000.0,Dec-2016,credit_card,29.49,695.0
388497,8000.0, 36 months,15.68,E,E1,5 years,MORTGAGE,80000.0,Mar-2009,debt_consolidation,16.3,660.0
144407384,10000.0, 36 months,24.37,E,E2,10+ years,OWN,44000.0,Dec-2018,debt_consolidation,33.09,670.0
75951977,30000.0, 60 months,20.75,E,E2,< 1 year,RENT,70000.0,Apr-2016,credit_card,21.66,670.0
6707052,14400.0, 60 months,21.6,E,E3,2 years,OWN,98000.0,Aug-2013,debt_consolidation,18.07,715.0
21490809,23900.0, 60 months,18.99,E,E1,7 years,MORTGAGE,150000.0,Aug-2014,medical,7.1,710.0
75142464,10200.0, 60 months,21.97,E,E4,6 years,RENT,44500.0,Apr-2016,debt_consolidation,16.45,665.0
70953821,5000.0, 36 months,19.99,E,E1,,MORTGAGE,28000.0,Feb-2016,credit_card,34.98,660.0
118209590,1500.0, 36 months,23.88,E,E2,5 years,RENT,85000.0,Sep-2017,other,10.07,665.0
60105160,18000.0, 60 months,18.25,E,E1,6 years,RENT,56300.0,Sep-2015,debt_consolidation,20.14,675.0
126817852,10000.0, 60 months,25.82,E,E4,10+ years,MORTGAGE,75000.0,Jan-2018,home_improvement,15.23,710.0
81468386,30375.0, 36 months,22.35,E,E2,10+ years,MORTGAGE,74000.0,Jun-2016,debt_consolidation,32.06,690.0
139276870,4800.0, 36 months,24.37,E,E2,,RENT,15036.0,Sep-2018,moving,18.99,740.0
66422051,6450.0, 36 months,18.2,E,E1,1 year,RENT,123183.0,Dec-2015,debt_consolidation,18.42,660.0
142033357,10000.0, 60 months,27.27,E,E5,4 years,OWN,39850.0,Oct-2018,debt_consolidation,21.2,675.0
167669,4200.0, 36 months,13.43,E,E1,1 year,MORTGAGE,30000.0,Dec-2007,debt_consolidation,13.16,645.0
10169930,11100.0, 60 months,20.5,E,E1,< 1 year,MORTGAGE,58000.0,Jan-2014,debt_consolidation,12.41,660.0
97593955,28000.0, 60 months,22.74,E,E1,< 1 year,RENT,155000.0,Feb-2017,credit_card,9.38,685.0
141385435,30000.0, 60 months,26.31,E,E4,4 years,MORTGAGE,75000.0,Oct-2018,home_improvement,1.38,735.0
144592563,10000.0, 60 months,25.34,E,E3,,RENT,20000.0,Dec-2018,medical,35.05,755.0
125391535,14000.0, 60 months,25.82,E,E4,4 years,OWN,70000.0,Dec-2017,debt_consolidation,20.08,690.0
138143315,7400.0, 36 months,27.27,E,E5,1 year,RENT,60000.0,Aug-2018,other,14.52,690.0
79483119,8975.0, 36 months,23.32,E,E3,1 year,RENT,26448.0,May-2016,debt_consolidation,35.75,710.0
8568131,13225.0, 60 months,22.4,E,E3,5 years,RENT,44223.0,Nov-2013,major_purchase,14.19,695.0
138921581,36000.0, 60 months,25.34,E,E3,< 1 year,MORTGAGE,65000.0,Aug-2018,debt_consolidation,29.71,685.0
51888082,15300.0, 60 months,19.19,E,E3,10+ years,OWN,45000.0,Jun-2015,debt_consolidation,31.2,680.0
64721521,35000.0, 60 months,18.49,E,E2,5 years,MORTGAGE,88000.0,Nov-2015,debt_consolidation,17.31,665.0
77031360,14000.0, 60 months,22.35,E,E2,1 year,MORTGAGE,50000.0,May-2016,debt_consolidation,6.0,660.0
55472164,15825.0, 60 months,20.99,E,E5,10+ years,MORTGAGE,59500.0,Aug-2015,debt_consolidation,32.57,685.0
56079047,8425.0, 36 months,18.55,E,E2,1 year,MORTGAGE,67000.0,Jul-2015,debt_consolidation,33.14,670.0
23953374,7000.0, 36 months,20.99,E,E4,6 years,OWN,112000.0,Aug-2014,debt_consolidation,10.28,675.0
90408970,32500.0, 60 months,24.49,E,E3,6 years,OWN,65000.0,Oct-2016,debt_consolidation,18.22,700.0
65781258,13925.0, 60 months,20.99,E,E5,10+ years,MORTGAGE,68640.0,Nov-2015,debt_consolidation,26.82,660.0
65037776,4625.0, 36 months,19.99,E,E4,8 years,RENT,45000.0,Nov-2015,debt_consolidation,19.09,675.0
110001305,2000.0, 36 months,23.88,E,E2,10+ years,OWN,65000.0,Jun-2017,vacation,2.95,720.0
90279215,15000.0, 60 months,24.49,E,E3,1 year,MORTGAGE,55000.0,Sep-2016,debt_consolidation,24.22,665.0
103327182,35000.0, 36 months,25.49,E,E4,7 years,MORTGAGE,38500.0,Mar-2017,debt_consolidation,45.92,685.0
40440172,12450.0, 60 months,19.99,E,E3,3 years,RENT,25000.0,Feb-2015,debt_consolidation,33.03,670.0
5797435,12000.0, 60 months,21.98,E,E4,10+ years,MORTGAGE,85000.0,Jun-2013,credit_card,14.26,660.0
12597292,21100.0, 60 months,19.99,E,E1,3 years,MORTGAGE,164000.0,Mar-2014,debt_consolidation,11.49,675.0
87023830,26250.0, 36 months,25.29,E,E5,10+ years,RENT,65000.0,Aug-2016,credit_card,34.71,690.0
5146699,19800.0, 60 months,22.47,E,E5,5 years,MORTGAGE,50000.0,May-2013,debt_consolidation,30.13,690.0
57227364,28000.0, 60 months,18.25,E,E1,2 years,OWN,180000.0,Aug-2015,debt_consolidation,10.24,660.0
100016250,5000.0, 36 months,22.74,E,E1,4 years,OWN,29000.0,Mar-2017,debt_consolidation,31.54,675.0
63329728,20000.0, 60 months,18.2,E,E1,4 years,MORTGAGE,80000.0,Nov-2015,debt_consolidation,35.81,670.0
77219244,10075.0, 36 months,20.75,E,E2,8 years,RENT,40000.0,Apr-2016,credit_card,23.74,670.0
85241215,16500.0, 36 months,22.39,E,E1,6 years,MORTGAGE,35000.0,Jul-2016,house,12.24,670.0
61379791,15000.0, 60 months,18.25,E,E1,7 years,RENT,90000.0,Oct-2015,debt_consolidation,16.96,695.0
85536092,25000.0, 60 months,24.49,E,E3,9 years,MORTGAGE,73912.0,Jul-2016,home_improvement,1.25,725.0
132763656,10700.0, 36 months,23.87,E,E2,6 years,RENT,96000.0,May-2018,debt_consolidation,21.65,670.0
78489084,2875.0, 36 months,22.35,E,E2,10+ years,RENT,42000.0,May-2016,house,13.83,660.0
91874218,35000.0, 60 months,26.24,E,E5,10+ years,MORTGAGE,90000.0,Nov-2016,debt_consolidation,27.11,705.0
103473732,24000.0, 36 months,22.74,E,E1,2 years,RENT,54600.0,Mar-2017,debt_consolidation,15.32,700.0
27620344,15600.0, 60 months,22.74,E,E1,6 years,MORTGAGE,45000.0,Dec-2016,home_improvement,28.21,680.0
46568449,11700.0, 60 months,18.25,E,E1,10+ years,MORTGAGE,40000.0,Apr-2015,debt_consolidation,21.84,695.0
52046611,32800.0, 60 months,19.19,E,E3,3 years,OWN,400000.0,Jul-2015,debt_consolidation,16.6,685.0
86634088,10000.0, 60 months,22.39,E,E1,< 1 year,RENT,54080.0,Aug-2016,debt_consolidation,13.14,685.0
96209467,25350.0, 60 months,26.24,E,E5,10+ years,MORTGAGE,85000.0,Jan-2017,debt_consolidation,25.19,705.0
71757742,18000.0, 60 months,19.99,E,E1,10+ years,RENT,46000.0,Mar-2016,debt_consolidation,34.86,670.0
12347357,30000.0, 60 months,19.99,E,E1,6 years,RENT,99000.0,Feb-2014,debt_consolidation,22.85,670.0
1082215,4800.0, 60 months,19.42,E,E3,< 1 year,RENT,45760.0,Jan-2012,debt_consolidation,4.67,665.0
118191769,12000.0, 36 months,25.82,E,E4,,RENT,39000.0,Sep-2017,debt_consolidation,28.34,685.0
105158911,10000.0, 36 months,25.49,E,E4,8 years,MORTGAGE,41300.0,Apr-2017,debt_consolidation,25.95,665.0
26300406,15000.0, 60 months,20.99,E,E4,,MORTGAGE,50000.0,Sep-2014,major_purchase,30.94,660.0
87085354,30000.0, 60 months,25.29,E,E5,10+ years,MORTGAGE,198000.0,Aug-2016,debt_consolidation,16.13,695.0
60505223,12000.0, 60 months,18.55,E,E2,3 years,RENT,55000.0,Sep-2015,debt_consolidation,22.26,665.0
127097343,1000.0, 36 months,25.82,E,E4,10+ years,RENT,80000.0,Jan-2018,other,14.72,700.0
57970741,10300.0, 60 months,20.99,E,E5,3 years,MORTGAGE,32000.0,Aug-2015,debt_consolidation,38.71,680.0
87958316,9400.0, 36 months,22.39,E,E1,10+ years,RENT,40000.0,Aug-2016,major_purchase,9.93,665.0
66614298,15000.0, 60 months,18.2,E,E1,10+ years,RENT,70000.0,Dec-2015,debt_consolidation,7.63,675.0
125221515,20000.0, 60 months,24.85,E,E3,10+ years,MORTGAGE,90000.0,Dec-2017,debt_consolidation,17.5,680.0
73292419,23500.0, 60 months,22.45,E,E5,1 year,MORTGAGE,72000.0,Mar-2016,debt_consolidation,23.32,735.0
109788892,14400.0, 36 months,24.85,E,E3,7 years,RENT,42000.0,Jun-2017,debt_consolidation,21.31,665.0
124050556,10000.0, 36 months,25.82,E,E4,10+ years,MORTGAGE,42500.0,Nov-2017,debt_consolidation,40.13,705.0
12506888,5000.0, 36 months,19.99,E,E1,10+ years,RENT,34871.44,Mar-2014,debt_consolidation,17.66,670.0
6224754,24000.0, 60 months,22.2,E,E4,1 year,MORTGAGE,60000.0,Aug-2013,credit_card,18.0,690.0
127369633,18000.0, 60 months,25.82,E,E4,6 years,RENT,64000.0,Jan-2018,debt_consolidation,23.83,660.0
16472186,17850.0, 60 months,22.15,E,E5,< 1 year,RENT,56000.0,May-2014,debt_consolidation,12.73,695.0
49187217,10850.0, 60 months,20.99,E,E5,3 years,RENT,37400.0,May-2015,debt_consolidation,34.55,665.0
93402874,17000.0, 60 months,26.24,E,E5,,MORTGAGE,49000.0,Dec-2016,home_improvement,28.31,670.0
4289826,3700.0, 36 months,22.47,E,E5,10+ years,OWN,42000.0,Apr-2013,medical,15.69,670.0
144658473,8000.0, 36 months,23.4,E,E1,1 year,MORTGAGE,65000.0,Dec-2018,small_business,20.37,685.0
35136777,28000.0, 60 months,19.24,E,E2,10+ years,OWN,120000.0,Nov-2014,debt_consolidation,15.86,685.0
12425299,10000.0, 36 months,21.99,E,E4,5 years,RENT,80000.0,Feb-2014,debt_consolidation,15.33,690.0
50143586,14500.0, 60 months,20.99,E,E5,9 years,MORTGAGE,32000.0,May-2015,debt_consolidation,20.67,660.0
142646794,13725.0, 60 months,23.4,E,E1,9 years,MORTGAGE,225000.0,Nov-2018,debt_consolidation,21.93,730.0
61872674,35000.0, 60 months,18.55,E,E2,< 1 year,MORTGAGE,97000.0,Oct-2015,debt_consolidation,30.93,670.0
107370458,10000.0, 60 months,26.24,E,E5,1 year,MORTGAGE,34560.0,May-2017,credit_card,27.57,720.0
94255383,17200.0, 60 months,22.74,E,E1,10+ years,MORTGAGE,75000.0,Dec-2016,debt_consolidation,17.6,685.0
68705164,12250.0, 60 months,20.5,E,E4,4 years,MORTGAGE,65000.0,Jan-2016,debt_consolidation,0.63,670.0
96752349,24750.0, 60 months,24.74,E,E3,10+ years,MORTGAGE,55000.0,Jan-2017,debt_consolidation,17.67,680.0
69494735,10800.0, 36 months,22.45,E,E5,9 years,RENT,27000.0,Feb-2016,debt_consolidation,35.11,680.0
138893900,10000.0, 60 months,27.27,E,E5,2 years,RENT,165000.0,Aug-2018,debt_consolidation,20.28,665.0
128997390,3500.0, 36 months,22.91,E,E1,< 1 year,RENT,15600.0,Mar-2018,debt_consolidation,26.92,690.0
111480343,18000.0, 60 months,26.3,E,E5,10+ years,RENT,100000.0,Jun-2017,debt_consolidation,11.71,670.0
68792205,14400.0, 60 months,20.5,E,E4,2 years,OWN,79000.0,Jan-2016,major_purchase,21.3,725.0
71796365,23975.0, 60 months,21.97,E,E4,1 year,RENT,115000.0,Feb-2016,debt_consolidation,14.6,700.0
59112804,35000.0, 60 months,18.25,E,E1,< 1 year,RENT,80000.0,Sep-2015,debt_consolidation,17.87,690.0
131061874,6000.0, 36 months,22.9,E,E1,7 years,RENT,62000.0,Apr-2018,debt_consolidation,15.33,685.0
58543374,13600.0, 60 months,18.25,E,E1,10+ years,MORTGAGE,110000.0,Aug-2015,debt_consolidation,19.74,660.0
67308352,11000.0, 60 months,18.99,E,E3,1 year,MORTGAGE,130000.0,Dec-2015,debt_consolidation,3.49,660.0
52077409,15600.0, 36 months,19.19,E,E3,,RENT,52000.0,Jun-2015,debt_consolidation,23.7,660.0
34433709,10000.0, 60 months,20.99,E,E4,3 years,RENT,92491.0,Nov-2014,debt_consolidation,18.92,670.0
118557253,12000.0, 60 months,23.88,E,E2,10+ years,MORTGAGE,75000.0,Sep-2017,debt_consolidation,22.42,670.0
12487727,3000.0, 36 months,21.18,E,E3,9 years,RENT,42500.0,Mar-2014,debt_consolidation,13.57,675.0
20150054,3000.0, 36 months,22.15,E,E5,10+ years,RENT,43000.0,Jul-2014,moving,25.64,690.0
14670009,2350.0, 36 months,19.99,E,E1,,RENT,13824.0,Apr-2014,vacation,34.38,660.0
120152445,9150.0, 36 months,25.82,E,E4,7 years,RENT,59000.0,Oct-2017,debt_consolidation,11.72,660.0
73580950,8000.0, 36 months,19.99,E,E1,10+ years,RENT,35000.0,Mar-2016,other,4.77,660.0
25296893,35000.0, 60 months,19.52,E,E2,10+ years,MORTGAGE,225000.0,Aug-2014,home_improvement,11.0,675.0
96877362,20000.0, 60 months,22.74,E,E1,5 years,RENT,96000.0,Jan-2017,medical,13.15,760.0
137963223,9000.0, 36 months,24.37,E,E2,6 years,RENT,39000.0,Aug-2018,debt_consolidation,29.82,690.0
1064698,25000.0, 60 months,18.64,E,E1,10+ years,RENT,60000.0,Jan-2012,debt_consolidation,20.48,700.0
65654734,13700.0, 60 months,18.99,E,E3,10+ years,MORTGAGE,40000.0,Dec-2015,credit_card,29.67,695.0
130113498,25250.0, 60 months,26.77,E,E5,9 years,MORTGAGE,95000.0,Mar-2018,debt_consolidation,16.4,695.0
1051513,18975.0, 60 months,19.91,E,E4,5 years,RENT,45000.0,Dec-2011,debt_consolidation,24.53,685.0
7379292,4000.0, 36 months,23.1,E,E4,10+ years,RENT,32000.0,Sep-2013,medical,18.26,670.0
39957585,23500.0, 60 months,19.99,E,E3,10+ years,MORTGAGE,47000.0,Jan-2015,credit_card,19.87,665.0
70971254,30000.0, 60 months,20.75,E,E2,10+ years,RENT,156000.0,Feb-2016,debt_consolidation,24.7,660.0
77785499,13425.0, 60 months,23.99,E,E4,10+ years,RENT,58000.0,May-2016,debt_consolidation,13.88,690.0
63722271,18000.0, 60 months,18.49,E,E2,10+ years,RENT,45000.0,Nov-2015,credit_card,14.99,685.0
94449855,13625.0, 60 months,24.74,E,E3,< 1 year,OWN,31000.0,Dec-2016,debt_consolidation,26.29,690.0
137136634,3400.0, 36 months,24.37,E,E2,3 years,RENT,136000.0,Jul-2018,other,8.25,705.0
61464485,20000.0, 60 months,19.99,E,E4,10+ years,MORTGAGE,75000.0,Oct-2015,debt_consolidation,25.07,675.0
55442737,15200.0, 36 months,19.19,E,E3,4 years,RENT,42000.0,Jul-2015,credit_card,23.54,660.0
92143941,6475.0, 36 months,23.99,E,E2,2 years,MORTGAGE,55000.0,Oct-2016,debt_consolidation,25.44,685.0
70601578,20000.0, 60 months,21.97,E,E4,6 years,RENT,98250.0,Feb-2016,debt_consolidation,14.62,660.0
17944737,11700.0, 60 months,19.52,E,E2,10+ years,MORTGAGE,68000.0,Jun-2014,debt_consolidation,30.41,685.0
43470903,21950.0, 60 months,18.25,E,E1,10+ years,MORTGAGE,55000.0,Apr-2015,debt_consolidation,2.79,675.0
351026,5400.0, 36 months,14.82,E,E3,6 years,RENT,48000.0,Jul-2008,car,19.4,650.0
133716573,2400.0, 36 months,22.9,E,E1,9 years,RENT,90000.0,May-2018,debt_consolidation,24.63,665.0
58151438,12000.0, 60 months,18.55,E,E2,2 years,RENT,70000.0,Aug-2015,moving,10.46,725.0
51165747,10000.0, 36 months,19.19,E,E3,10+ years,OWN,50000.0,Jun-2015,home_improvement,5.81,675.0
70886199,7425.0, 36 months,22.45,E,E5,4 years,RENT,35000.0,Feb-2016,other,31.1,660.0
51866331,13525.0, 60 months,20.99,E,E5,7 years,RENT,51853.0,Jun-2015,debt_consolidation,36.29,665.0
85694793,28000.0, 60 months,24.49,E,E3,10+ years,MORTGAGE,122000.0,Jul-2016,debt_consolidation,33.04,700.0
796979,15000.0, 60 months,17.99,E,E1,< 1 year,MORTGAGE,61000.0,Jun-2011,debt_consolidation,13.5,690.0
80769255,21000.0, 60 months,22.35,E,E2,10+ years,RENT,64800.0,Jun-2016,other,19.98,690.0
97388919,4000.0, 36 months,25.49,E,E4,2 years,RENT,30000.0,Feb-2017,debt_consolidation,16.2,660.0
55637363,27925.0, 60 months,18.55,E,E2,10+ years,MORTGAGE,60000.0,Jul-2015,credit_card,36.58,705.0
1358908,28500.0, 36 months,20.49,E,E1,< 1 year,RENT,60000.0,Jul-2012,debt_consolidation,20.28,675.0
3381704,3825.0, 36 months,22.47,E,E5,3 years,OWN,14400.0,Mar-2013,debt_consolidation,22.75,710.0
10586765,3000.0, 36 months,22.4,E,E3,,RENT,10528.0,Jan-2014,debt_consolidation,25.66,720.0
17423158,3625.0, 36 months,20.99,E,E4,6 years,RENT,40000.0,Jun-2014,other,12.75,660.0
88038369,14000.0, 60 months,22.39,E,E1,5 years,OWN,54000.0,Aug-2016,home_improvement,23.29,660.0
55330310,14850.0, 60 months,20.99,E,E5,3 years,MORTGAGE,35000.0,Jul-2015,debt_consolidation,30.38,705.0
130022955,12000.0, 60 months,26.77,E,E5,2 years,RENT,50000.0,Apr-2018,debt_consolidation,33.46,700.0
141285023,4600.0, 36 months,26.31,E,E4,2 years,RENT,45000.0,Oct-2018,home_improvement,4.13,680.0
53684372,35000.0, 60 months,18.25,E,E1,4 years,MORTGAGE,105000.0,Jul-2015,debt_consolidation,16.23,680.0
75738256,15400.0, 60 months,21.97,E,E4,1 year,RENT,40000.0,Mar-2016,debt_consolidation,37.35,695.0
26229294,1000.0, 36 months,18.99,E,E1,2 years,RENT,45000.0,Sep-2014,other,20.05,690.0
111448501,13975.0, 36 months,23.88,E,E2,,OWN,34986.6,Jul-2017,home_improvement,20.95,665.0
135686834,25000.0, 60 months,24.84,E,E3,2 years,RENT,40800.0,Jun-2018,car,6.06,660.0
81423656,25000.0, 60 months,22.35,E,E2,10+ years,MORTGAGE,66384.56,Jun-2016,debt_consolidation,12.96,705.0
4186761,12000.0, 60 months,21.0,E,E2,6 years,RENT,35000.0,Apr-2013,credit_card,27.46,680.0
85737012,12000.0, 60 months,23.99,E,E2,6 years,MORTGAGE,30000.0,Jul-2016,debt_consolidation,25.24,665.0
94444096,21000.0, 60 months,24.74,E,E3,2 years,MORTGAGE,106800.0,Dec-2016,debt_consolidation,18.6,685.0
56109287,2450.0, 36 months,19.99,E,E4,1 year,RENT,36000.0,Jul-2015,debt_consolidation,33.23,665.0
66600928,5775.0, 36 months,18.99,E,E3,,MORTGAGE,17000.0,Dec-2015,home_improvement,33.12,690.0
47098374,10875.0, 36 months,18.84,E,E2,< 1 year,MORTGAGE,34080.0,May-2015,moving,25.92,715.0
60567056,31000.0, 60 months,20.99,E,E5,,MORTGAGE,62000.0,Sep-2015,small_business,32.13,715.0
16351801,18000.0, 60 months,19.52,E,E2,10+ years,MORTGAGE,55000.0,May-2014,medical,30.59,695.0
132383742,6000.0, 36 months,23.87,E,E2,3 years,RENT,49785.0,May-2018,debt_consolidation,36.79,670.0
111672367,6275.0, 36 months,23.88,E,E2,3 years,RENT,18500.0,Jun-2017,home_improvement,24.72,675.0
67277068,32100.0, 36 months,19.99,E,E4,2 years,RENT,112000.0,Dec-2015,debt_consolidation,37.42,685.0
85534073,26825.0, 60 months,24.49,E,E3,10+ years,RENT,66800.0,Jul-2016,small_business,23.5,710.0
34282791,35000.0, 36 months,18.54,E,E1,10+ years,MORTGAGE,169000.0,Dec-2014,credit_card,19.0,675.0
32889888,16000.0, 60 months,19.52,E,E2,< 1 year,RENT,40000.0,Oct-2014,debt_consolidation,22.59,660.0
5787702,14000.0, 60 months,21.98,E,E4,10+ years,MORTGAGE,89000.0,Jun-2013,debt_consolidation,22.06,690.0
1536519,20000.0, 60 months,21.49,E,E3,7 years,RENT,70000.0,Sep-2012,debt_consolidation,24.58,675.0
125729849,20000.0, 60 months,25.82,E,E4,3 years,MORTGAGE,60000.0,Dec-2017,debt_consolidation,18.58,695.0
145071977,1000.0, 36 months,23.4,E,E1,7 years,RENT,130000.0,Dec-2018,other,17.25,690.0
75963228,10125.0, 60 months,21.97,E,E4,10+ years,MORTGAGE,46000.0,May-2016,debt_consolidation,14.3,690.0
60575381,20150.0, 60 months,18.55,E,E2,2 years,MORTGAGE,60000.0,Sep-2015,debt_consolidation,21.08,665.0
5716676,29175.0, 60 months,22.47,E,E5,3 years,OWN,76000.0,Jun-2013,debt_consolidation,22.78,685.0
70511709,33600.0, 60 months,19.89,E,E3,3 years,RENT,105000.0,Feb-2016,credit_card,22.17,680.0
759277,20000.0, 60 months,17.99,E,E1,2 years,RENT,95100.0,May-2011,small_business,22.03,690.0
81515764,25325.0, 36 months,20.99,E,E1,< 1 year,RENT,130000.0,Jun-2016,debt_consolidation,33.42,685.0
118645378,2000.0, 36 months,24.85,E,E3,4 years,RENT,80000.0,Sep-2017,other,12.45,705.0
133039312,5000.0, 36 months,24.84,E,E3,10+ years,RENT,55000.0,May-2018,house,18.98,745.0
93147812,21225.0, 60 months,23.99,E,E2,5 years,MORTGAGE,125000.0,Nov-2016,debt_consolidation,14.13,685.0
141575107,22000.0, 36 months,24.37,E,E2,2 years,RENT,69000.0,Oct-2018,other,28.19,695.0
132319211,30000.0, 60 months,22.9,E,E1,4 years,RENT,75000.0,Apr-2018,debt_consolidation,17.63,690.0
1523414,15850.0, 60 months,21.98,E,E4,8 years,MORTGAGE,40056.0,Oct-2012,debt_consolidation,15.22,670.0
131422399,10000.0, 60 months,26.77,E,E5,5 years,RENT,70000.0,Apr-2018,credit_card,25.0,695.0
74995633,30000.0, 60 months,20.75,E,E2,2 years,MORTGAGE,70000.0,Mar-2016,debt_consolidation,21.26,660.0
36221181,34875.0, 60 months,20.99,E,E4,,MORTGAGE,84000.0,Dec-2014,debt_consolidation,33.74,665.0
132898310,7850.0, 36 months,22.9,E,E1,4 years,MORTGAGE,32000.0,May-2018,debt_consolidation,15.6,660.0
11395398,16000.0, 60 months,20.5,E,E1,4 years,OWN,200000.0,Feb-2014,small_business,12.5,670.0
11626365,20225.0, 60 months,21.48,E,E2,< 1 year,RENT,85000.0,Feb-2014,debt_consolidation,18.06,700.0
54323709,35000.0, 36 months,18.55,E,E2,10+ years,MORTGAGE,200000.0,Jul-2015,debt_consolidation,31.47,665.0
59925681,33000.0, 36 months,19.99,E,E4,< 1 year,MORTGAGE,66000.0,Sep-2015,debt_consolidation,29.81,690.0
52486514,9150.0, 36 months,19.99,E,E4,10+ years,OWN,42000.0,Jun-2015,other,14.43,660.0
39522818,15150.0, 60 months,21.67,E,E5,10+ years,MORTGAGE,58000.0,Feb-2015,debt_consolidation,27.75,690.0
85951787,16000.0, 60 months,24.49,E,E3,1 year,RENT,70000.0,Aug-2016,home_improvement,27.4,660.0
94108439,22000.0, 36 months,22.74,E,E1,10+ years,RENT,50000.0,Dec-2016,debt_consolidation,30.1,720.0
34352353,12250.0, 60 months,19.24,E,E2,10+ years,RENT,30835.0,Nov-2014,debt_consolidation,37.17,675.0
120211167,12000.0, 60 months,23.88,E,E2,< 1 year,RENT,90000.0,Oct-2017,debt_consolidation,9.8,720.0
66550244,24700.0, 60 months,18.99,E,E3,8 years,MORTGAGE,65000.0,Dec-2015,debt_consolidation,21.05,665.0
109871467,8000.0, 36 months,26.3,E,E5,10+ years,OWN,43000.0,Jun-2017,car,33.69,685.0
57034280,30000.0, 60 months,19.99,E,E4,8 years,RENT,150000.0,Aug-2015,major_purchase,1.66,680.0
140750955,40000.0, 60 months,25.34,E,E3,10+ years,OWN,80000.0,Sep-2018,home_improvement,21.71,710.0
138513501,30000.0, 36 months,24.37,E,E2,10+ years,MORTGAGE,145000.0,Aug-2018,debt_consolidation,16.86,660.0
96647543,6800.0, 36 months,24.74,E,E3,,RENT,22740.0,Jan-2017,debt_consolidation,34.09,685.0
2896422,18000.0, 36 months,21.0,E,E2,10+ years,MORTGAGE,90000.0,Jan-2013,debt_consolidation,24.75,670.0
95766104,5600.0, 36 months,22.74,E,E1,9 years,MORTGAGE,70000.0,Jan-2017,debt_consolidation,26.26,695.0
102660115,3600.0, 36 months,25.49,E,E4,5 years,RENT,78360.0,Mar-2017,other,0.69,745.0
143084924,8000.0, 36 months,26.31,E,E4,10+ years,RENT,45000.0,Nov-2018,debt_consolidation,21.41,675.0
132113629,10000.0, 60 months,25.81,E,E4,10+ years,OWN,40000.0,Apr-2018,debt_consolidation,49.26,675.0
5617638,35000.0, 60 months,21.0,E,E2,3 years,RENT,147000.0,Jun-2013,debt_consolidation,16.86,730.0
7674922,30000.0, 36 months,21.7,E,E2,9 years,RENT,67950.84,Oct-2013,debt_consolidation,22.78,680.0
109720137,8200.0, 36 months,26.3,E,E5,1 year,OWN,52500.0,Jun-2017,debt_consolidation,22.42,690.0
23854459,12200.0, 36 months,20.99,E,E4,10+ years,RENT,45000.0,Aug-2014,debt_consolidation,18.69,680.0
106237494,14725.0, 60 months,25.49,E,E4,5 years,MORTGAGE,85000.0,May-2017,debt_consolidation,32.33,695.0
134963392,10000.0, 60 months,25.81,E,E4,10+ years,MORTGAGE,58501.0,Jun-2018,other,16.62,680.0
114171117,18000.0, 60 months,26.3,E,E5,10+ years,RENT,100000.0,Jul-2017,debt_consolidation,21.16,675.0
98845584,5400.0, 36 months,22.74,E,E1,3 years,RENT,50000.0,Feb-2017,credit_card,16.48,670.0
26790121,24000.0, 60 months,20.2,E,E3,10+ years,MORTGAGE,85000.0,Sep-2014,debt_consolidation,18.41,660.0
113822227,7500.0, 36 months,26.3,E,E5,3 years,MORTGAGE,54000.0,Jul-2017,credit_card,19.41,660.0
31337014,11200.0, 60 months,19.52,E,E2,10+ years,OWN,48000.0,Nov-2014,credit_card,19.78,675.0
38515000,24250.0, 60 months,18.54,E,E1,10+ years,MORTGAGE,110000.0,Jan-2015,other,34.97,680.0
6329306,13000.0, 60 months,20.8,E,E1,10+ years,RENT,45000.0,Jul-2013,debt_consolidation,21.2,670.0
129337498,5500.0, 36 months,22.9,E,E1,2 years,RENT,48000.0,Mar-2018,debt_consolidation,16.55,690.0
78229416,24000.0, 60 months,20.99,E,E1,7 years,RENT,165000.0,May-2016,debt_consolidation,15.82,700.0
10704599,25000.0, 60 months,20.5,E,E1,10+ years,RENT,83000.0,Jan-2014,small_business,4.8,735.0
142953782,6000.0, 36 months,23.4,E,E1,5 years,RENT,70000.0,Nov-2018,debt_consolidation,7.08,675.0
120036379,6725.0, 36 months,26.3,E,E5,,OWN,46000.0,Oct-2017,credit_card,9.31,660.0
10127480,16800.0, 60 months,20.5,E,E1,10+ years,MORTGAGE,80000.0,Dec-2013,debt_consolidation,23.37,670.0
121379542,10000.0, 36 months,22.91,E,E1,10+ years,RENT,40000.0,Oct-2017,credit_card,15.81,685.0
141896970,10000.0, 36 months,23.4,E,E1,2 years,ANY,55000.0,Oct-2018,debt_consolidation,36.66,695.0
126376310,12000.0, 60 months,26.3,E,E5,7 years,MORTGAGE,108000.0,Jan-2018,major_purchase,16.7,700.0
38416090,16200.0, 36 months,18.54,E,E1,3 years,RENT,45000.0,Jan-2015,debt_consolidation,18.15,670.0
45404721,28975.0, 36 months,18.84,E,E2,10+ years,OWN,66000.0,Apr-2015,debt_consolidation,25.15,675.0
352645,6000.0, 36 months,15.7,E,E5,1 year,MORTGAGE,42450.0,Aug-2008,educational,23.89,660.0
100162867,7500.0, 36 months,23.99,E,E2,2 years,RENT,48500.0,Mar-2017,debt_consolidation,23.66,665.0
97434698,26425.0, 60 months,23.99,E,E2,< 1 year,MORTGAGE,110000.0,Jan-2017,debt_consolidation,2.83,670.0
63425706,29700.0, 60 months,20.99,E,E5,,RENT,67500.0,Oct-2015,medical,26.67,685.0
66510505,35000.0, 60 months,20.99,E,E5,10+ years,OWN,105000.0,Dec-2015,debt_consolidation,25.36,675.0
73333346,12000.0, 60 months,21.18,E,E3,< 1 year,RENT,34000.0,Mar-2016,moving,6.32,705.0
144360663,20000.0, 60 months,24.37,E,E2,10+ years,MORTGAGE,70000.0,Nov-2018,debt_consolidation,26.28,675.0
3494599,20000.0, 60 months,21.49,E,E3,8 years,RENT,50000.0,Mar-2013,debt_consolidation,21.67,680.0
121774670,14000.0, 60 months,23.88,E,E2,3 years,RENT,34000.0,Oct-2017,debt_consolidation,53.97,690.0
79041470,10000.0, 60 months,22.35,E,E2,4 years,RENT,62000.0,Jun-2016,debt_consolidation,17.6,665.0
28622750,20000.0, 36 months,20.2,E,E3,4 years,RENT,55000.0,Oct-2014,debt_consolidation,26.23,660.0
6894803,31300.0, 60 months,20.8,E,E1,10+ years,MORTGAGE,70000.0,Sep-2013,debt_consolidation,12.89,700.0
131336762,10800.0, 60 months,25.81,E,E4,10+ years,RENT,64587.0,Apr-2018,car,4.72,665.0
85785207,14500.0, 36 months,22.39,E,E1,1 year,RENT,61589.0,Jul-2016,debt_consolidation,11.81,660.0
49524324,14400.0, 60 months,19.19,E,E3,4 years,OWN,40000.0,May-2015,debt_consolidation,39.48,705.0
12637321,28000.0, 60 months,21.18,E,E3,1 year,OWN,73500.0,Mar-2014,debt_consolidation,26.46,715.0
10394569,30000.0, 36 months,22.9,E,E4,3 years,MORTGAGE,125000.0,Jan-2014,debt_consolidation,7.04,670.0
76241330,30000.0, 60 months,21.18,E,E3,,MORTGAGE,72182.0,Apr-2016,debt_consolidation,21.85,685.0
71430186,8000.0, 36 months,19.99,E,E1,10+ years,MORTGAGE,58765.0,Mar-2016,credit_card,45.44,700.0
65817182,12250.0, 60 months,18.2,E,E1,4 years,OWN,35000.0,Dec-2015,credit_card,19.03,720.0
128783483,13750.0, 60 months,26.3,E,E5,,OWN,13812.0,Feb-2018,home_improvement,68.03,695.0
3665055,26750.0, 60 months,21.98,E,E4,10+ years,RENT,75000.0,Mar-2013,debt_consolidation,15.54,675.0
32058769,4475.0, 36 months,20.2,E,E3,10+ years,RENT,21000.0,Oct-2014,credit_card,36.51,665.0
1595780,4800.0, 36 months,20.49,E,E1,1 year,MORTGAGE,51000.0,Oct-2012,home_improvement,11.43,690.0
4215086,32875.0, 60 months,21.49,E,E3,8 years,MORTGAGE,101000.0,May-2013,home_improvement,18.26,680.0
12456332,19725.0, 60 months,20.49,E,E2,9 years,RENT,45000.0,Mar-2014,credit_card,28.45,680.0
70501599,30000.0, 60 months,20.5,E,E4,,RENT,72384.0,Feb-2016,credit_card,17.94,660.0
2228099,16000.0, 60 months,21.0,E,E2,10+ years,RENT,85000.0,Nov-2012,debt_consolidation,5.28,675.0
88229419,16000.0, 60 months,24.49,E,E3,4 years,RENT,60000.0,Sep-2016,debt_consolidation,28.86,665.0
74653791,3875.0, 36 months,21.18,E,E3,,RENT,13400.0,Mar-2016,debt_consolidation,35.48,665.0
87794421,10000.0, 60 months,24.49,E,E3,2 years,MORTGAGE,36000.0,Aug-2016,debt_consolidation,33.87,695.0
50769300,18000.0, 60 months,18.25,E,E1,6 years,MORTGAGE,64000.0,Jun-2015,home_improvement,27.16,675.0
69226876,20000.0, 60 months,20.5,E,E4,10+ years,OWN,61000.0,Jan-2016,home_improvement,13.26,665.0
10538183,24375.0, 60 months,20.5,E,E1,4 years,MORTGAGE,68000.0,Jan-2014,debt_consolidation,22.61,700.0
106492640,14350.0, 36 months,23.99,E,E2,1 year,RENT,32640.0,Apr-2017,house,13.21,700.0
110437034,6700.0, 36 months,22.91,E,E1,,RENT,21000.0,Jun-2017,major_purchase,25.43,715.0
43539234,15000.0, 60 months,18.25,E,E1,10+ years,MORTGAGE,54200.0,Mar-2015,debt_consolidation,3.68,665.0
99330637,10000.0, 60 months,25.49,E,E4,1 year,RENT,37000.0,Feb-2017,credit_card,22.38,700.0
27611635,12375.0, 36 months,18.99,E,E1,10+ years,MORTGAGE,43000.0,Sep-2014,other,25.29,670.0
20598717,4000.0, 36 months,22.15,E,E5,10+ years,RENT,41371.0,Jul-2014,debt_consolidation,19.06,680.0
7082045,30000.0, 60 months,20.8,E,E1,10+ years,RENT,71060.0,Sep-2013,debt_consolidation,14.2,710.0
68835172,5875.0, 36 months,19.89,E,E3,3 years,RENT,27500.0,Jan-2016,debt_consolidation,4.45,660.0
80638135,35000.0, 36 months,23.99,E,E4,10+ years,MORTGAGE,106000.0,May-2016,debt_consolidation,29.22,675.0
66544062,12025.0, 60 months,20.99,E,E5,1 year,RENT,42000.0,Dec-2015,debt_consolidation,22.77,690.0
119388251,6000.0, 36 months,24.85,E,E3,3 years,RENT,20000.0,Sep-2017,debt_consolidation,31.51,695.0
55948313,25000.0, 60 months,18.25,E,E1,6 years,RENT,92000.0,Jul-2015,credit_card,27.56,730.0
130406169,3000.0, 36 months,23.87,E,E2,4 years,RENT,26000.0,Mar-2018,debt_consolidation,10.53,715.0
138133911,20000.0, 60 months,25.34,E,E3,10+ years,MORTGAGE,130000.0,Aug-2018,credit_card,17.04,675.0
12876780,11475.0, 60 months,21.18,E,E3,10+ years,MORTGAGE,40000.0,Apr-2014,debt_consolidation,22.68,710.0
93524736,30000.0, 60 months,22.74,E,E1,10+ years,OWN,115000.0,Dec-2016,debt_consolidation,32.86,675.0
44816090,17850.0, 60 months,18.84,E,E2,10+ years,MORTGAGE,70000.0,Apr-2015,debt_consolidation,31.53,680.0
46428061,14025.0, 60 months,19.52,E,E3,10+ years,RENT,35089.0,Apr-2015,debt_consolidation,23.87,665.0
761524,23000.0, 60 months,18.39,E,E2,6 years,RENT,52400.0,Jun-2011,debt_consolidation,14.66,700.0
61372971,11775.0, 60 months,19.19,E,E3,10+ years,MORTGAGE,40000.0,Oct-2015,debt_consolidation,36.6,675.0
528810,12250.0, 60 months,16.45,E,E1,10+ years,MORTGAGE,29880.0,Jun-2010,debt_consolidation,14.14,680.0
132921558,2000.0, 36 months,25.81,E,E4,< 1 year,RENT,26800.0,May-2018,debt_consolidation,16.08,665.0
46547452,13325.0, 36 months,18.84,E,E2,10+ years,RENT,45000.0,Apr-2015,debt_consolidation,38.72,675.0
17753099,30000.0, 60 months,20.99,E,E4,10+ years,MORTGAGE,90000.0,Jun-2014,debt_consolidation,18.63,710.0
81100783,24000.0, 60 months,23.32,E,E3,2 years,MORTGAGE,78000.0,Jun-2016,medical,24.38,725.0
145437919,13800.0, 36 months,23.4,E,E1,7 years,OWN,66000.0,Dec-2018,debt_consolidation,16.6,660.0
89845615,30000.0, 60 months,24.99,E,E4,10+ years,RENT,74000.0,Sep-2016,major_purchase,7.44,670.0
97357380,32000.0, 60 months,25.49,E,E4,10+ years,OWN,180000.0,Feb-2017,other,22.4,660.0
120152552,33000.0, 60 months,22.91,E,E1,10+ years,MORTGAGE,75000.0,Oct-2017,credit_card,22.54,685.0
21340921,20000.0, 36 months,18.99,E,E1,10+ years,MORTGAGE,70000.0,Jul-2014,debt_consolidation,19.03,670.0
43409825,21000.0, 60 months,19.52,E,E3,10+ years,RENT,92000.0,Mar-2015,debt_consolidation,7.17,670.0
44429251,15225.0, 36 months,18.84,E,E2,8 years,MORTGAGE,40000.0,Apr-2015,small_business,31.08,730.0
84869824,20025.0, 36 months,23.99,E,E2,9 years,MORTGAGE,100000.0,Jul-2016,moving,4.4,675.0
115080972,35000.0, 60 months,26.3,E,E5,< 1 year,RENT,105000.0,Aug-2017,debt_consolidation,19.74,690.0
41043145,14950.0, 60 months,18.25,E,E1,7 years,RENT,42700.0,Feb-2015,debt_consolidation,24.87,690.0
119034932,21000.0, 36 months,24.85,E,E3,3 years,OWN,145000.0,Sep-2017,major_purchase,1.15,675.0
43410024,11500.0, 60 months,20.49,E,E4,9 years,RENT,32000.0,Apr-2015,debt_consolidation,30.16,690.0
84042632,30000.0, 60 months,23.99,E,E2,10+ years,MORTGAGE,100560.0,Jul-2016,debt_consolidation,22.12,730.0
130127705,30000.0, 60 months,26.77,E,E5,10+ years,MORTGAGE,130000.0,Mar-2018,debt_consolidation,17.87,660.0
74181664,20000.0, 60 months,20.75,E,E2,10+ years,MORTGAGE,84000.0,Mar-2016,debt_consolidation,7.44,685.0
52576205,15200.0, 60 months,19.19,E,E3,8 years,RENT,50000.0,Jun-2015,other,19.2,665.0
38469445,21175.0, 60 months,20.99,E,E4,1 year,MORTGAGE,100000.0,Jan-2015,debt_consolidation,10.74,680.0
74715583,8000.0, 36 months,21.97,E,E4,10+ years,MORTGAGE,55000.0,Mar-2016,credit_card,41.33,660.0
88442169,7400.0, 36 months,25.29,E,E5,< 1 year,MORTGAGE,42000.0,Aug-2016,car,32.54,685.0
2838671,17475.0, 60 months,22.95,F,F1,7 years,RENT,45450.0,Mar-2013,major_purchase,26.22,680.0
138432276,23700.0, 60 months,30.17,F,F3,< 1 year,RENT,168000.0,Aug-2018,other,28.56,695.0
112446286,6300.0, 36 months,30.17,F,F3,2 years,MORTGAGE,60000.0,Jul-2017,debt_consolidation,9.98,700.0
7727041,16800.0, 60 months,24.5,F,F3,10+ years,RENT,72000.0,Oct-2013,debt_consolidation,19.88,665.0
16061710,4750.0, 36 months,24.5,F,F3,3 years,RENT,22000.0,May-2014,other,17.68,700.0
57234376,20000.0, 60 months,23.99,F,F3,6 years,MORTGAGE,57000.0,Aug-2015,debt_consolidation,22.93,680.0
1678824,30075.0, 60 months,22.95,F,F1,2 years,RENT,68500.0,Nov-2012,credit_card,27.31,680.0
75282048,10500.0, 36 months,23.13,F,F1,< 1 year,RENT,35000.0,Mar-2016,debt_consolidation,33.74,665.0
60386181,25100.0, 60 months,22.99,F,F2,9 years,MORTGAGE,54575.0,Sep-2015,credit_card,15.92,715.0
119365184,15000.0, 60 months,28.72,F,F1,8 years,RENT,82000.0,Sep-2017,debt_consolidation,33.68,665.0
35013862,35000.0, 60 months,22.99,F,F1,< 1 year,MORTGAGE,150000.0,Nov-2014,debt_consolidation,15.23,695.0
91197991,17100.0, 60 months,27.79,F,F5,10+ years,RENT,45051.96,Oct-2016,other,14.52,680.0
5036035,35000.0, 60 months,23.28,F,F2,10+ years,MORTGAGE,125000.0,May-2013,debt_consolidation,28.73,710.0
2380259,1500.0, 60 months,23.83,F,F5,3 years,RENT,28000.0,Dec-2012,other,23.6,660.0
47290483,4200.0, 36 months,22.99,F,F1,,RENT,33180.0,May-2015,other,10.52,715.0
96565343,15000.0, 60 months,28.69,F,F1,10+ years,RENT,90000.0,Jan-2017,debt_consolidation,17.68,685.0
719204,26000.0, 60 months,19.74,F,F5,7 years,RENT,60000.0,Apr-2011,medical,22.6,665.0
8650201,9600.0, 60 months,24.99,F,F4,7 years,RENT,90000.0,Nov-2013,other,11.08,700.0
112636473,10275.0, 60 months,30.65,F,F4,2 years,MORTGAGE,41600.0,Jul-2017,debt_consolidation,28.16,670.0
50920357,18650.0, 60 months,23.99,F,F3,6 years,RENT,53000.0,Jun-2015,debt_consolidation,35.42,670.0
77519842,8625.0, 36 months,24.11,F,F2,,RENT,24000.0,Apr-2016,debt_consolidation,34.95,680.0
75497632,10000.0, 60 months,23.13,F,F1,6 years,RENT,50000.0,Apr-2016,credit_card,25.2,665.0
88157037,19725.0, 60 months,25.69,F,F1,10+ years,RENT,47000.0,Aug-2016,debt_consolidation,30.18,675.0
39712276,24000.0, 60 months,22.99,F,F1,10+ years,MORTGAGE,70000.0,Jan-2015,debt_consolidation,11.4,675.0
93635262,12225.0, 36 months,30.49,F,F4,4 years,RENT,44780.0,Dec-2016,debt_consolidation,31.06,675.0
126689714,38700.0, 60 months,30.75,F,F5,3 years,MORTGAGE,57000.0,Feb-2018,debt_consolidation,28.48,680.0
45674165,20800.0, 60 months,23.99,F,F2,1 year,RENT,49600.0,May-2015,debt_consolidation,12.34,670.0
59392980,16000.0, 60 months,22.99,F,F2,10+ years,RENT,72345.0,Sep-2015,debt_consolidation,20.31,680.0
138958776,35000.0, 60 months,30.75,F,F5,4 years,MORTGAGE,90000.0,Aug-2018,debt_consolidation,33.6,685.0
73873928,11325.0, 60 months,24.99,F,F3,1 year,RENT,31500.0,Mar-2016,debt_consolidation,29.49,690.0
48182440,21950.0, 60 months,22.99,F,F1,10+ years,MORTGAGE,55000.0,May-2015,debt_consolidation,15.36,680.0
77595656,9700.0, 36 months,25.11,F,F1,9 years,MORTGAGE,56000.0,Apr-2016,other,21.52,705.0
43570283,12250.0, 60 months,24.5,F,F3,3 years,RENT,46000.0,Mar-2015,debt_consolidation,28.12,670.0
119344895,17950.0, 60 months,30.17,F,F3,10+ years,MORTGAGE,53758.0,Oct-2017,debt_consolidation,33.24,680.0
37998482,35000.0, 60 months,25.57,F,F5,7 years,MORTGAGE,177000.0,Jan-2015,home_improvement,26.1,660.0
133343274,13500.0, 60 months,28.72,F,F1,< 1 year,RENT,38500.0,May-2018,debt_consolidation,33.85,690.0
78289080,35000.0, 60 months,27.34,F,F5,3 years,MORTGAGE,120000.0,May-2016,debt_consolidation,25.58,690.0
55400193,20000.0, 60 months,22.99,F,F2,10+ years,MORTGAGE,100418.0,Jul-2015,debt_consolidation,17.99,660.0
5800614,22700.0, 60 months,22.95,F,F1,6 years,MORTGAGE,50500.0,Jun-2013,debt_consolidation,24.57,660.0
133943182,12000.0, 60 months,29.69,F,F2,6 years,RENT,56000.0,May-2018,medical,34.25,660.0
52149255,32000.0, 60 months,22.99,F,F2,1 year,MORTGAGE,72000.0,Jun-2015,debt_consolidation,27.42,705.0
24084540,9250.0, 36 months,25.57,F,F5,3 years,RENT,31000.0,Aug-2014,small_business,24.93,675.0
94025576,11800.0, 60 months,29.49,F,F2,2 years,OWN,41000.0,Dec-2016,debt_consolidation,14.7,670.0
48424194,19700.0, 60 months,25.78,F,F5,10+ years,MORTGAGE,60000.0,May-2015,debt_consolidation,24.48,665.0
6326936,28750.0, 60 months,25.28,F,F5,10+ years,RENT,76000.0,Aug-2013,debt_consolidation,13.06,700.0
48424668,35000.0, 60 months,24.5,F,F3,5 years,RENT,103000.0,May-2015,other,16.36,685.0
138670373,10000.0, 60 months,30.17,F,F3,7 years,OWN,66000.0,Aug-2018,debt_consolidation,25.25,710.0
50588402,11500.0, 60 months,24.99,F,F4,,OWN,32000.0,Jun-2015,debt_consolidation,35.37,670.0
77060030,32000.0, 36 months,23.13,F,F1,3 years,RENT,95000.0,Apr-2016,debt_consolidation,6.1,715.0
12247185,14900.0, 60 months,24.5,F,F3,7 years,RENT,100000.0,Mar-2014,debt_consolidation,11.21,665.0
6787161,31000.0, 60 months,25.28,F,F5,3 years,RENT,100000.0,Aug-2013,credit_card,21.78,665.0
90404184,24750.0, 60 months,26.99,F,F3,2 years,RENT,57000.0,Sep-2016,debt_consolidation,15.05,710.0
90252277,28000.0, 60 months,25.69,F,F1,8 years,RENT,102500.0,Sep-2016,credit_card,26.45,660.0
73693406,25000.0, 60 months,24.99,F,F3,10+ years,MORTGAGE,102000.0,Mar-2016,debt_consolidation,28.39,665.0
124141902,30000.0, 60 months,28.72,F,F1,10+ years,MORTGAGE,85000.0,Dec-2017,credit_card,23.24,675.0
69763223,18600.0, 60 months,23.13,F,F2,8 years,RENT,90000.0,Feb-2016,other,41.32,675.0
40354590,24375.0, 60 months,23.99,F,F2,10+ years,MORTGAGE,61000.0,Feb-2015,credit_card,35.65,675.0
110540775,19200.0, 60 months,28.72,F,F1,1 year,MORTGAGE,77000.0,Jun-2017,debt_consolidation,27.34,660.0
75255640,25675.0, 36 months,23.13,F,F1,1 year,RENT,70000.0,Mar-2016,debt_consolidation,22.36,665.0
88762401,13300.0, 60 months,26.49,F,F2,10+ years,MORTGAGE,74000.0,Aug-2016,debt_consolidation,22.84,670.0
73600943,1000.0, 36 months,25.88,F,F4,,RENT,29000.0,Mar-2016,medical,35.72,665.0
83819776,3150.0, 36 months,27.49,F,F4,< 1 year,RENT,10563.0,Jun-2016,debt_consolidation,17.27,685.0
88881781,15000.0, 60 months,25.69,F,F1,10+ years,RENT,43283.0,Aug-2016,debt_consolidation,24.24,725.0
76151630,7875.0, 36 months,23.13,F,F1,10+ years,MORTGAGE,37500.0,Apr-2016,home_improvement,34.88,665.0
4285177,25000.0, 60 months,23.83,F,F5,10+ years,MORTGAGE,120000.0,Apr-2013,debt_consolidation,19.91,685.0
86965213,23675.0, 60 months,26.49,F,F2,10+ years,MORTGAGE,70000.0,Aug-2016,debt_consolidation,30.49,680.0
68516402,16325.0, 60 months,24.24,F,F3,6 years,MORTGAGE,55000.0,Jan-2016,debt_consolidation,21.08,690.0
10081842,3250.0, 36 months,24.99,F,F4,< 1 year,MORTGAGE,50000.0,Jan-2014,other,4.61,660.0
75283337,16000.0, 60 months,25.88,F,F4,10+ years,MORTGAGE,150000.0,May-2016,medical,13.17,660.0
37601021,35000.0, 60 months,25.57,F,F5,9 years,MORTGAGE,160000.0,Dec-2014,debt_consolidation,10.75,695.0
20050042,33000.0, 60 months,24.08,F,F2,10+ years,MORTGAGE,90000.0,Jul-2014,debt_consolidation,13.03,660.0
85471899,11000.0, 36 months,25.69,F,F1,4 years,OWN,55000.0,Jul-2016,other,30.57,695.0
20097077,19500.0, 60 months,24.99,F,F4,3 years,OWN,80000.0,Jul-2014,home_improvement,5.1,680.0
5616929,20125.0, 60 months,23.76,F,F4,2 years,MORTGAGE,45000.0,Jun-2013,debt_consolidation,26.85,690.0
12938602,13000.0, 60 months,24.5,F,F3,10+ years,MORTGAGE,70000.0,Mar-2014,home_improvement,11.95,670.0
84454461,12800.0, 60 months,27.79,F,F5,< 1 year,MORTGAGE,86000.0,Jul-2016,debt_consolidation,5.62,665.0
70730359,11250.0, 60 months,26.57,F,F5,2 years,RENT,71000.0,Feb-2016,debt_consolidation,26.98,670.0
114032971,10400.0, 60 months,30.75,F,F5,1 year,RENT,75000.0,Jul-2017,credit_card,23.22,665.0
59403088,16700.0, 60 months,21.99,F,F1,10+ years,MORTGAGE,58000.0,Sep-2015,debt_consolidation,12.66,680.0
98139462,8525.0, 36 months,29.49,F,F2,10+ years,MORTGAGE,63000.0,Mar-2017,debt_consolidation,11.96,660.0
126381526,34275.0, 36 months,28.72,F,F1,10+ years,RENT,76200.0,Dec-2017,credit_card,16.9,665.0
748740,15050.0, 60 months,20.99,F,F3,10+ years,RENT,65499.0,Aug-2011,debt_consolidation,24.97,665.0
90291364,13600.0, 60 months,27.79,F,F5,4 years,MORTGAGE,55000.0,Oct-2016,other,32.66,695.0
53604640,12600.0, 60 months,22.99,F,F2,3 years,RENT,35000.0,Jul-2015,debt_consolidation,38.48,715.0
88115606,20000.0, 60 months,25.69,F,F1,10+ years,OWN,40000.0,Aug-2016,other,24.78,690.0
71068308,17725.0, 60 months,26.57,F,F5,10+ years,RENT,45140.0,Feb-2016,debt_consolidation,36.35,665.0
59170079,20325.0, 60 months,23.99,F,F3,8 years,MORTGAGE,100000.0,Sep-2015,debt_consolidation,10.32,670.0
66414271,12000.0, 60 months,24.99,F,F4,< 1 year,RENT,34560.0,Dec-2015,debt_consolidation,24.62,675.0
95223023,16000.0, 60 months,30.49,F,F4,10+ years,MORTGAGE,71015.68,Dec-2016,debt_consolidation,25.28,670.0
79103927,28000.0, 36 months,26.14,F,F4,10+ years,OWN,121814.0,May-2016,other,15.57,700.0
77230906,16000.0, 60 months,24.99,F,F3,< 1 year,RENT,47000.0,May-2016,debt_consolidation,38.28,690.0
40490822,10050.0, 60 months,23.99,F,F2,4 years,RENT,100000.0,Feb-2015,debt_consolidation,13.31,675.0
95026756,11450.0, 60 months,29.49,F,F2,10+ years,MORTGAGE,56000.0,Dec-2016,debt_consolidation,14.7,670.0
40431422,13700.0, 60 months,24.5,F,F3,,RENT,52908.0,Feb-2015,debt_consolidation,11.34,685.0
139388298,16000.0, 60 months,30.65,F,F4,2 years,RENT,35360.0,Sep-2018,debt_consolidation,29.19,700.0
4566999,18000.0, 60 months,23.76,F,F4,10+ years,RENT,46000.0,May-2013,other,13.63,670.0
15459715,21850.0, 60 months,24.99,F,F4,5 years,RENT,52200.0,Apr-2014,debt_consolidation,23.54,685.0
15019169,10300.0, 36 months,24.08,F,F2,6 years,RENT,50000.0,May-2014,house,7.86,685.0
40952002,20875.0, 60 months,22.99,F,F1,10+ years,RENT,75000.0,Mar-2015,debt_consolidation,25.79,670.0
6915622,3000.0, 60 months,24.89,F,F4,9 years,OWN,97000.0,Sep-2013,other,3.75,700.0
26087881,16200.0, 60 months,24.5,F,F3,3 years,RENT,45000.0,Sep-2014,debt_consolidation,38.69,660.0
17814047,18225.0, 60 months,24.99,F,F4,10+ years,MORTGAGE,80000.0,Jun-2014,debt_consolidation,17.01,675.0
65343209,20000.0, 60 months,21.99,F,F1,10+ years,RENT,150000.0,Nov-2015,debt_consolidation,19.94,660.0
132290293,30000.0, 60 months,30.17,F,F3,10+ years,RENT,30000.0,Apr-2018,debt_consolidation,36.88,695.0
65767059,13400.0, 60 months,23.99,F,F3,,MORTGAGE,55000.0,Dec-2015,debt_consolidation,28.28,675.0
17533157,10000.0, 60 months,24.08,F,F2,4 years,RENT,68000.0,May-2014,debt_consolidation,12.51,675.0
40277675,26350.0, 60 months,23.99,F,F2,9 years,MORTGAGE,75000.0,Jan-2015,debt_consolidation,11.36,720.0
19586911,13500.0, 60 months,23.43,F,F1,6 years,RENT,60000.0,Jul-2014,debt_consolidation,24.9,665.0
48745435,35000.0, 60 months,24.5,F,F3,2 years,MORTGAGE,200000.0,May-2015,debt_consolidation,21.33,675.0
55090502,5400.0, 36 months,21.99,F,F1,,RENT,26500.0,Jul-2015,debt_consolidation,24.28,675.0
5685380,19425.0, 60 months,24.08,F,F2,10+ years,MORTGAGE,91805.0,Jul-2013,small_business,19.25,660.0
71065010,33800.0, 60 months,24.11,F,F2,6 years,RENT,89000.0,Feb-2016,debt_consolidation,23.92,700.0
96197062,19075.0, 60 months,29.99,F,F3,8 years,MORTGAGE,53000.0,Jan-2017,small_business,1.81,680.0
25257077,3600.0, 36 months,23.43,F,F1,8 years,RENT,52020.0,Aug-2014,other,23.88,680.0
94831604,24000.0, 60 months,29.49,F,F2,5 years,MORTGAGE,84000.0,Dec-2016,major_purchase,25.49,685.0
33481286,32000.0, 60 months,23.99,F,F2,3 years,OWN,97500.0,Nov-2014,major_purchase,3.2,775.0
114165067,30000.0, 60 months,30.17,F,F3,9 years,MORTGAGE,159000.0,Aug-2017,debt_consolidation,24.67,680.0
11895395,13250.0, 60 months,23.43,F,F1,3 years,RENT,39000.0,Mar-2014,debt_consolidation,23.88,695.0
6788693,32350.0, 60 months,23.5,F,F1,10+ years,MORTGAGE,72000.0,Aug-2013,debt_consolidation,15.07,680.0
114236837,30000.0, 60 months,30.65,F,F4,5 years,OWN,75000.0,Aug-2017,medical,14.94,680.0
77470112,6525.0, 36 months,24.99,F,F3,< 1 year,MORTGAGE,24000.0,Apr-2016,debt_consolidation,35.75,705.0
421971,8800.0, 36 months,18.21,F,F4,3 years,RENT,73700.0,Jul-2009,credit_card,21.85,670.0
46663433,16750.0, 60 months,25.57,F,F5,3 years,RENT,56000.0,May-2015,debt_consolidation,24.14,675.0
119505481,10200.0, 36 months,30.65,F,F4,1 year,OWN,30000.0,Sep-2017,home_improvement,4.96,695.0
47008147,35000.0, 60 months,24.5,F,F3,2 years,MORTGAGE,120000.0,Apr-2015,debt_consolidation,6.79,725.0
55949900,32875.0, 60 months,21.99,F,F1,10+ years,MORTGAGE,70000.0,Jul-2015,debt_consolidation,33.91,695.0
5027623,35000.0, 60 months,23.63,F,F3,7 years,MORTGAGE,79000.0,May-2013,debt_consolidation,22.51,660.0
131206203,20000.0, 60 months,30.75,F,F5,10+ years,MORTGAGE,145000.0,May-2018,debt_consolidation,26.38,695.0
132764031,16000.0, 60 months,28.72,F,F1,10+ years,MORTGAGE,67000.0,May-2018,major_purchase,23.23,670.0
4309125,35000.0, 60 months,23.83,F,F5,10+ years,RENT,100000.0,May-2013,other,5.11,710.0
26347759,4300.0, 36 months,24.5,F,F3,9 years,RENT,85000.0,Sep-2014,other,11.45,665.0
21299888,2000.0, 36 months,23.43,F,F1,10+ years,RENT,20000.0,Jul-2014,car,19.03,680.0
73743121,7050.0, 36 months,26.57,F,F5,10+ years,OWN,30000.0,Mar-2016,small_business,6.4,660.0
55231419,30725.0, 60 months,23.99,F,F3,6 years,MORTGAGE,120000.0,Jul-2015,debt_consolidation,10.96,710.0
89027526,13025.0, 60 months,26.49,F,F2,4 years,MORTGAGE,42000.0,Sep-2016,debt_consolidation,13.09,660.0
5619888,20625.0, 60 months,22.95,F,F1,7 years,MORTGAGE,49232.0,Jun-2013,debt_consolidation,31.88,700.0
11438450,20000.0, 60 months,24.5,F,F3,10+ years,MORTGAGE,65000.0,Feb-2014,debt_consolidation,26.2,670.0
7844733,20950.0, 60 months,25.57,F,F5,10+ years,RENT,75000.0,Oct-2013,debt_consolidation,17.39,660.0
41740503,16850.0, 60 months,23.99,F,F2,8 years,RENT,63700.0,Mar-2015,other,18.77,705.0
8657512,12000.0, 60 months,24.99,F,F4,< 1 year,OWN,39000.0,Nov-2013,debt_consolidation,8.25,680.0
58644095,18750.0, 36 months,22.99,F,F2,10+ years,MORTGAGE,62000.0,Aug-2015,debt_consolidation,22.02,675.0
4094872,25000.0, 60 months,23.63,F,F3,10+ years,MORTGAGE,95000.0,May-2013,home_improvement,17.1,660.0
110380055,30225.0, 60 months,28.72,F,F1,,OWN,23000.0,Jun-2017,debt_consolidation,11.33,695.0
81467679,25000.0, 60 months,25.44,F,F2,10+ years,MORTGAGE,104378.0,Jun-2016,home_improvement,30.28,695.0
38312034,12000.0, 60 months,25.57,F,F5,9 years,MORTGAGE,45000.0,Jan-2015,debt_consolidation,24.08,670.0
16291194,15000.0, 60 months,25.57,F,F5,8 years,MORTGAGE,85000.0,May-2014,other,15.79,685.0
37790533,12000.0, 60 months,22.99,F,F1,4 years,RENT,55000.0,Dec-2014,debt_consolidation,15.82,665.0
7564913,29175.0, 60 months,25.57,F,F5,10+ years,RENT,65000.0,Oct-2013,credit_card,33.77,665.0
6317196,20000.0, 60 months,24.5,F,F3,8 years,MORTGAGE,100000.0,Jul-2013,debt_consolidation,12.26,675.0
1038943,25450.0, 60 months,21.28,F,F2,5 years,MORTGAGE,82000.0,Dec-2011,major_purchase,20.9,675.0
107639350,20000.0, 60 months,28.69,F,F1,10+ years,RENT,78000.0,May-2017,other,23.58,670.0
118331789,20000.0, 60 months,28.72,F,F1,10+ years,OWN,100000.0,Oct-2017,debt_consolidation,28.01,685.0
66615304,18000.0, 60 months,24.99,F,F4,1 year,RENT,45000.0,Dec-2015,moving,36.22,685.0
67645165,10450.0, 60 months,21.99,F,F1,9 years,MORTGAGE,38500.0,Dec-2015,debt_consolidation,25.37,715.0
88104289,21575.0, 36 months,27.49,F,F4,10+ years,OWN,100000.0,Aug-2016,debt_consolidation,28.54,675.0
71756712,16475.0, 60 months,25.88,F,F4,,RENT,39250.0,Mar-2016,debt_consolidation,36.24,700.0
60615293,23950.0, 60 months,24.99,F,F4,10+ years,MORTGAGE,82000.0,Sep-2015,house,10.8,690.0
116610020,35000.0, 60 months,30.17,F,F3,7 years,MORTGAGE,179380.0,Sep-2017,home_improvement,16.64,660.0
103197286,14000.0, 36 months,28.69,F,F1,7 years,MORTGAGE,48000.0,Mar-2017,debt_consolidation,14.98,685.0
55473342,25200.0, 60 months,24.99,F,F4,,MORTGAGE,60000.0,Jul-2015,debt_consolidation,26.02,660.0
72754210,26275.0, 60 months,23.13,F,F1,10+ years,MORTGAGE,130000.0,Mar-2016,debt_consolidation,29.04,685.0
90407087,21500.0, 60 months,27.49,F,F4,10+ years,MORTGAGE,84000.0,Sep-2016,debt_consolidation,31.27,700.0
81566760,20000.0, 60 months,25.11,F,F1,10+ years,MORTGAGE,66000.0,Jun-2016,debt_consolidation,13.56,695.0
25176819,16000.0, 60 months,24.5,F,F3,7 years,RENT,85000.0,Aug-2014,home_improvement,19.62,660.0
5762939,15000.0, 60 months,24.5,F,F3,7 years,MORTGAGE,60000.0,Jul-2013,debt_consolidation,31.06,660.0
67416759,22450.0, 36 months,21.99,F,F1,4 years,RENT,175000.0,Dec-2015,renewable_energy,8.59,745.0
6186680,25000.0, 60 months,24.08,F,F2,2 years,MORTGAGE,59000.0,Jul-2013,debt_consolidation,28.28,690.0
17894647,24000.0, 60 months,25.57,F,F5,2 years,MORTGAGE,260000.0,Jun-2014,debt_consolidation,10.77,695.0
53594183,21975.0, 60 months,25.78,F,F5,< 1 year,MORTGAGE,61078.0,Jul-2015,debt_consolidation,18.22,675.0
1549805,25975.0, 60 months,23.76,F,F4,4 years,MORTGAGE,65000.0,Oct-2012,debt_consolidation,7.42,665.0
43870223,11725.0, 60 months,23.99,F,F2,8 years,OWN,63888.0,Apr-2015,home_improvement,24.89,695.0
90084606,30000.0, 60 months,26.49,F,F2,10+ years,MORTGAGE,100000.0,Sep-2016,debt_consolidation,30.13,720.0
73824566,30000.0, 60 months,24.99,F,F3,10+ years,MORTGAGE,80000.0,Mar-2016,credit_card,17.96,705.0
46803727,24250.0, 60 months,24.5,F,F3,,RENT,74513.0,Apr-2015,debt_consolidation,15.32,660.0
20700386,8725.0, 36 months,24.5,F,F3,3 years,OWN,29120.0,Jul-2014,house,16.25,700.0
55919808,14400.0, 60 months,21.99,F,F1,2 years,RENT,32000.0,Aug-2015,credit_card,14.67,680.0
18814857,32950.0, 60 months,24.5,F,F3,10+ years,RENT,75000.0,Jun-2014,debt_consolidation,24.78,665.0
69483544,10550.0, 60 months,25.09,F,F4,6 years,RENT,31100.0,Jan-2016,debt_consolidation,31.69,725.0
138505952,30000.0, 60 months,28.72,F,F1,10+ years,RENT,93000.0,Aug-2018,debt_consolidation,22.5,660.0
79210851,10000.0, 36 months,25.65,F,F3,4 years,OWN,42000.0,May-2016,debt_consolidation,30.09,660.0
84730416,14200.0, 60 months,25.69,F,F1,10+ years,RENT,39500.0,Jul-2016,debt_consolidation,28.87,660.0
116265638,18500.0, 60 months,30.65,F,F4,10+ years,MORTGAGE,37000.0,Aug-2017,debt_consolidation,15.6,720.0
81376030,2550.0, 36 months,25.44,F,F2,10+ years,RENT,50000.0,Jun-2016,debt_consolidation,31.2,660.0
716589,17625.0, 60 months,19.36,F,F4,< 1 year,RENT,55000.0,Apr-2011,credit_card,24.72,675.0
145208273,11650.0, 36 months,28.72,F,F1,10+ years,MORTGAGE,54162.0,Dec-2018,debt_consolidation,13.07,670.0
76353743,7800.0, 36 months,23.13,F,F1,5 years,RENT,90000.0,Apr-2016,debt_consolidation,29.75,660.0
134396216,30000.0, 60 months,28.72,F,F1,6 years,RENT,57000.0,Jun-2018,debt_consolidation,13.54,665.0
90895810,6025.0, 36 months,27.49,F,F4,< 1 year,RENT,20160.0,Oct-2016,major_purchase,16.83,695.0
1485197,24000.0, 60 months,23.83,F,F5,10+ years,MORTGAGE,75000.0,Sep-2012,debt_consolidation,8.91,660.0
101282315,25000.0, 60 months,28.69,F,F1,9 years,MORTGAGE,80000.0,Mar-2017,debt_consolidation,34.65,665.0
50033603,11550.0, 60 months,24.99,F,F4,3 years,OWN,27500.0,May-2015,debt_consolidation,32.65,675.0
98846416,30000.0, 60 months,28.69,F,F1,2 years,RENT,60000.0,Feb-2017,other,12.58,715.0
137462029,20000.0, 60 months,28.72,F,F1,3 years,OWN,72800.0,Jul-2018,debt_consolidation,12.18,695.0
841266,14000.0, 60 months,20.25,F,F1,5 years,RENT,42744.0,Aug-2011,credit_card,20.58,660.0
38504452,10000.0, 60 months,23.99,F,F2,2 years,RENT,75000.0,Jan-2015,other,18.66,660.0
54728194,19800.0, 60 months,23.99,F,F3,5 years,RENT,55000.0,Jul-2015,debt_consolidation,22.38,660.0
5885255,19600.0, 60 months,23.5,F,F1,10+ years,MORTGAGE,50000.0,Jul-2013,other,28.67,670.0
152911,25000.0, 36 months,16.28,F,F5,2 years,MORTGAGE,120000.0,Nov-2007,debt_consolidation,19.02,665.0
78288452,25000.0, 60 months,26.14,F,F4,6 years,MORTGAGE,72000.0,May-2016,home_improvement,30.7,695.0
6909620,33950.0, 60 months,24.08,F,F2,2 years,MORTGAGE,102257.0,Sep-2013,debt_consolidation,12.38,670.0
550558,13200.0, 36 months,18.67,F,F2,1 year,MORTGAGE,125000.0,Jul-2010,small_business,22.8,685.0
5375806,27300.0, 60 months,23.28,F,F2,10+ years,MORTGAGE,65000.0,Jun-2013,debt_consolidation,25.64,670.0
129969927,12000.0, 60 months,28.72,F,F1,10+ years,MORTGAGE,29000.0,Mar-2018,credit_card,25.06,665.0
70833071,16000.0, 60 months,25.88,F,F4,4 years,RENT,90000.0,Feb-2016,debt_consolidation,39.93,705.0
40411462,15000.0, 60 months,24.5,F,F3,10+ years,RENT,70000.0,Feb-2015,credit_card,23.78,675.0
75194635,38000.0, 60 months,24.11,F,F2,10+ years,MORTGAGE,117000.0,Mar-2016,debt_consolidation,27.07,680.0
138366256,21000.0, 60 months,29.69,F,F2,2 years,MORTGAGE,30000.0,Aug-2018,debt_consolidation,33.14,665.0
7051433,7000.0, 60 months,24.5,F,F3,3 years,RENT,73730.0,Sep-2013,other,11.93,685.0
131657405,25725.0, 60 months,30.75,F,F5,10+ years,MORTGAGE,80000.0,Apr-2018,debt_consolidation,33.59,680.0
76435788,17375.0, 60 months,25.88,F,F4,1 year,MORTGAGE,171000.0,Apr-2016,debt_consolidation,10.14,665.0
83084117,3750.0, 36 months,25.69,F,F1,10+ years,MORTGAGE,52000.0,Jun-2016,debt_consolidation,28.11,670.0
68992720,24000.0, 60 months,23.13,F,F2,9 years,MORTGAGE,90000.0,Jan-2016,debt_consolidation,25.33,665.0
6566157,24000.0, 60 months,23.5,F,F1,< 1 year,MORTGAGE,85000.0,Aug-2013,debt_consolidation,16.94,670.0
10125079,5000.0, 60 months,24.08,F,F2,2 years,RENT,100000.0,Dec-2013,home_improvement,0.22,665.0
56904783,11875.0, 60 months,21.99,F,F1,,OWN,27000.0,Aug-2015,home_improvement,29.69,720.0
99257233,14000.0, 60 months,28.69,F,F1,< 1 year,RENT,110000.0,Mar-2017,other,28.98,660.0
4296951,2400.0, 36 months,22.95,F,F1,2 years,RENT,16500.0,Apr-2013,wedding,3.64,745.0
119221315,20000.0, 36 months,30.75,F,F5,10+ years,OWN,45000.0,Sep-2017,debt_consolidation,47.47,670.0
65744200,9725.0, 36 months,23.99,F,F3,< 1 year,MORTGAGE,40000.0,Nov-2015,debt_consolidation,16.07,685.0
6807055,16000.0, 60 months,24.5,F,F3,10+ years,MORTGAGE,46000.0,Aug-2013,debt_consolidation,19.77,685.0
65865427,30000.0, 60 months,21.99,F,F1,5 years,MORTGAGE,267000.0,Dec-2015,debt_consolidation,9.27,685.0
55178902,35000.0, 60 months,21.99,F,F1,2 years,MORTGAGE,140000.0,Jul-2015,debt_consolidation,27.9,670.0
48414859,13000.0, 60 months,22.99,F,F1,9 years,RENT,51000.0,May-2015,debt_consolidation,23.72,670.0
351734,7500.0, 36 months,16.01,F,F1,1 year,MORTGAGE,45000.0,Jul-2008,credit_card,22.83,650.0
88108596,12000.0, 36 months,25.69,F,F1,< 1 year,RENT,36000.0,Aug-2016,debt_consolidation,33.8,675.0
10145100,14125.0, 60 months,23.7,F,F1,3 years,RENT,40000.0,Dec-2013,debt_consolidation,25.92,665.0
138013488,30000.0, 60 months,28.72,F,F1,10+ years,MORTGAGE,100000.0,Aug-2018,other,11.53,660.0
118183437,12000.0, 60 months,30.75,F,F5,10+ years,RENT,65000.0,Sep-2017,debt_consolidation,10.71,675.0
72764290,19800.0, 60 months,26.57,F,F5,2 years,RENT,55000.0,Feb-2016,other,26.14,750.0
11417023,19200.0, 36 months,24.99,F,F4,10+ years,RENT,60000.0,Feb-2014,debt_consolidation,12.74,665.0
1042060,22250.0, 60 months,21.28,F,F2,2 years,OWN,56000.0,Dec-2011,credit_card,21.9,675.0
90059118,24000.0, 36 months,25.69,F,F1,10+ years,OWN,78000.0,Sep-2016,home_improvement,25.46,690.0
7955809,13150.0, 60 months,24.99,F,F4,10+ years,MORTGAGE,37000.0,Nov-2013,debt_consolidation,17.29,680.0
4788255,25375.0, 60 months,23.76,F,F4,10+ years,MORTGAGE,65000.0,May-2013,debt_consolidation,23.76,670.0
78879709,16100.0, 60 months,26.14,F,F4,1 year,RENT,50000.0,May-2016,medical,20.64,675.0
45494129,35000.0, 60 months,23.99,F,F2,< 1 year,OWN,85000.0,Apr-2015,debt_consolidation,16.41,755.0
66562864,18000.0, 60 months,24.99,F,F4,10+ years,OWN,50000.0,Dec-2015,debt_consolidation,25.88,680.0
122201146,17725.0, 60 months,30.65,F,F4,3 years,MORTGAGE,150000.0,Nov-2017,other,15.37,720.0
66120145,13225.0, 60 months,23.99,F,F3,10+ years,OWN,60000.0,Dec-2015,credit_card,26.25,660.0
36039363,32950.0, 60 months,22.99,F,F1,10+ years,MORTGAGE,75000.0,Nov-2014,debt_consolidation,15.77,675.0
5768223,21600.0, 60 months,22.95,F,F1,1 year,MORTGAGE,126000.0,Jun-2013,home_improvement,32.07,675.0
75368169,3600.0, 36 months,23.13,F,F1,,MORTGAGE,36000.0,Mar-2016,debt_consolidation,38.77,660.0
72543758,23550.0, 60 months,23.13,F,F1,,RENT,63157.44,Mar-2016,debt_consolidation,19.95,680.0
107635532,28000.0, 60 months,28.69,F,F1,8 years,OWN,125000.0,May-2017,debt_consolidation,26.23,675.0
58360122,35000.0, 60 months,21.99,F,F1,1 year,OWN,120000.0,Aug-2015,debt_consolidation,11.63,685.0
45394194,25000.0, 60 months,23.99,F,F2,2 years,MORTGAGE,72000.0,Apr-2015,debt_consolidation,19.08,710.0
54524278,27700.0, 60 months,24.99,F,F4,10+ years,RENT,63000.0,Jul-2015,debt_consolidation,20.44,670.0
127295971,11350.0, 60 months,30.65,F,F4,4 years,MORTGAGE,92086.0,Jan-2018,debt_consolidation,21.69,730.0
5355935,25000.0, 60 months,23.63,F,F3,10+ years,RENT,62000.0,May-2013,credit_card,11.54,680.0
31877820,20625.0, 60 months,24.99,F,F4,6 years,MORTGAGE,45900.0,Oct-2014,major_purchase,1.31,820.0
38638671,13150.0, 60 months,23.99,F,F2,10+ years,MORTGAGE,96000.0,Jan-2015,major_purchase,12.78,660.0
23573563,35000.0, 60 months,25.57,F,F5,2 years,RENT,250000.0,Aug-2014,debt_consolidation,10.15,675.0
10162555,19575.0, 60 months,23.7,F,F1,2 years,MORTGAGE,66000.0,Jan-2014,debt_consolidation,31.02,680.0
138544975,12800.0, 60 months,30.65,F,F4,< 1 year,RENT,29190.0,Aug-2018,credit_card,32.81,715.0
52362137,5850.0, 36 months,21.99,F,F1,6 years,RENT,75000.0,Jun-2015,debt_consolidation,25.94,660.0
59945304,11875.0, 60 months,21.99,F,F1,1 year,RENT,55000.0,Sep-2015,debt_consolidation,27.36,675.0
50585796,30650.0, 60 months,22.99,F,F2,3 years,MORTGAGE,150000.0,Jun-2015,debt_consolidation,23.62,710.0
5155575,21000.0, 60 months,22.95,F,F1,10+ years,MORTGAGE,98000.0,May-2013,debt_consolidation,7.54,660.0
109353909,16025.0, 60 months,30.17,F,F3,2 years,MORTGAGE,90000.0,Jun-2017,debt_consolidation,31.61,685.0
169271,10000.0, 36 months,15.65,F,F3,10+ years,MORTGAGE,72000.0,Dec-2007,small_business,28.4,690.0
30565904,10725.0, 60 months,22.99,F,F1,4 years,MORTGAGE,39000.0,Nov-2014,debt_consolidation,35.97,700.0
10112661,30000.0, 60 months,23.7,F,F1,10+ years,OWN,106000.0,Feb-2014,debt_consolidation,23.7,670.0
14388383,15050.0, 60 months,24.08,F,F2,10+ years,OWN,85000.0,Jul-2014,debt_consolidation,11.22,665.0
116878437,2650.0, 36 months,30.65,F,F4,10+ years,RENT,45000.0,Aug-2017,other,2.24,670.0
77318328,22000.0, 60 months,26.57,F,F5,4 years,OWN,112000.0,May-2016,debt_consolidation,18.96,680.0
66015508,5500.0, 36 months,23.99,F,F3,2 years,OWN,62000.0,Dec-2015,other,22.86,660.0
4554864,23750.0, 60 months,22.95,F,F1,5 years,RENT,66000.0,May-2013,debt_consolidation,15.98,690.0
119307619,30000.0, 60 months,30.65,F,F4,1 year,MORTGAGE,140000.0,Sep-2017,debt_consolidation,10.64,675.0
91123087,28000.0, 60 months,27.49,F,F4,10+ years,MORTGAGE,92000.0,Nov-2016,debt_consolidation,22.03,705.0
77449551,25000.0, 60 months,23.13,F,F1,10+ years,RENT,60000.0,May-2016,debt_consolidation,15.22,680.0
43529522,10325.0, 60 months,23.99,F,F2,6 years,MORTGAGE,42000.0,Apr-2015,debt_consolidation,25.17,660.0
17734122,19050.0, 60 months,23.43,F,F1,,OWN,70000.0,Jun-2014,credit_card,31.53,690.0
117897155,4000.0, 36 months,29.69,F,F2,5 years,RENT,25000.0,Sep-2017,other,33.85,710.0
60970675,27525.0, 60 months,21.99,F,F1,,MORTGAGE,75000.0,Oct-2015,credit_card,35.62,710.0
46756098,10200.0, 60 months,22.99,F,F1,3 years,RENT,45000.0,May-2015,debt_consolidation,30.53,705.0
52007455,15775.0, 60 months,21.99,F,F1,10+ years,MORTGAGE,60000.0,Jun-2015,debt_consolidation,31.28,660.0
44865510,21600.0, 60 months,24.99,F,F4,< 1 year,OWN,60000.0,Apr-2015,debt_consolidation,25.82,705.0
9226668,18800.0, 60 months,24.99,F,F4,10+ years,MORTGAGE,60000.0,Dec-2013,small_business,9.74,720.0
65483766,15150.0, 36 months,23.99,F,F3,4 years,RENT,45000.0,Nov-2015,other,34.83,675.0
74816353,36000.0, 60 months,25.88,F,F4,5 years,RENT,76295.0,Mar-2016,debt_consolidation,42.13,710.0
51856298,35000.0, 60 months,23.99,F,F3,8 years,MORTGAGE,357000.0,Jun-2015,debt_consolidation,14.64,670.0
57344729,10550.0, 60 months,22.99,F,F2,10+ years,RENT,33000.0,Jul-2015,other,28.47,660.0
72235700,27525.0, 60 months,23.13,F,F1,10+ years,RENT,60000.0,Mar-2016,debt_consolidation,33.86,745.0
65344422,11225.0, 60 months,23.99,F,F3,,RENT,38000.0,Nov-2015,debt_consolidation,9.16,670.0
20679245,20825.0, 36 months,24.99,F,F4,3 years,RENT,58000.0,Jul-2014,debt_consolidation,15.46,680.0
126376900,28000.0, 60 months,28.72,F,F1,10+ years,MORTGAGE,65000.0,Dec-2017,debt_consolidation,14.7,685.0
137746906,16000.0, 60 months,30.75,F,F5,,RENT,80448.0,Aug-2018,debt_consolidation,21.72,680.0
56894458,16525.0, 60 months,22.99,F,F2,9 years,MORTGAGE,48651.0,Aug-2015,debt_consolidation,26.74,675.0
111684847,21525.0, 60 months,30.75,F,F5,10+ years,MORTGAGE,46800.0,Jul-2017,debt_consolidation,15.1,680.0
26179061,4850.0, 36 months,24.5,F,F3,1 year,OWN,32000.0,Sep-2014,other,16.35,705.0
5895321,20000.0, 60 months,24.08,F,F2,10+ years,MORTGAGE,58500.0,Jul-2013,debt_consolidation,12.98,660.0
40027826,25000.0, 60 months,22.99,F,F1,10+ years,OWN,82000.0,Jan-2015,home_improvement,32.23,675.0
11945281,28000.0, 60 months,24.08,F,F2,2 years,MORTGAGE,98000.0,Feb-2014,debt_consolidation,26.72,660.0
54197450,10000.0, 60 months,21.99,F,F1,3 years,OWN,35800.0,Jul-2015,debt_consolidation,29.6,680.0
83962075,18900.0, 36 months,26.49,F,F2,3 years,MORTGAGE,70000.0,Jun-2016,credit_card,30.17,675.0
88431353,38300.0, 60 months,26.49,F,F2,1 year,RENT,110000.0,Sep-2016,debt_consolidation,25.26,705.0
15280267,22500.0, 60 months,24.08,F,F2,1 year,MORTGAGE,82500.0,May-2014,debt_consolidation,9.12,660.0
23233353,6925.0, 36 months,23.43,F,F1,7 years,MORTGAGE,73000.0,Jul-2014,debt_consolidation,18.92,695.0
59159258,18900.0, 60 months,21.99,F,F1,8 years,RENT,50000.0,Sep-2015,debt_consolidation,27.27,670.0
61519563,12725.0, 36 months,24.99,F,F4,1 year,OWN,45000.0,Oct-2015,debt_consolidation,22.88,670.0
79764142,35000.0, 60 months,26.14,F,F4,3 years,MORTGAGE,178000.0,Jun-2016,home_improvement,32.81,660.0
111909124,17350.0, 36 months,30.17,F,F3,5 years,MORTGAGE,80000.0,Jul-2017,debt_consolidation,15.33,710.0
1047748,35000.0, 60 months,22.35,F,F5,10+ years,MORTGAGE,115000.0,Dec-2011,debt_consolidation,17.24,665.0
106205777,31900.0, 60 months,28.69,F,F1,10+ years,OWN,66500.0,Apr-2017,debt_consolidation,19.2,685.0
47168185,28000.0, 60 months,22.99,F,F1,10+ years,OWN,140000.0,May-2015,debt_consolidation,18.73,665.0
36330661,3625.0, 36 months,22.99,F,F1,2 years,RENT,85000.0,Dec-2014,debt_consolidation,6.72,665.0
73561357,6000.0, 36 months,24.99,F,F3,4 years,RENT,20000.0,Mar-2016,debt_consolidation,23.77,675.0
97425162,19200.0, 60 months,29.99,F,F3,1 year,RENT,68500.0,Feb-2017,debt_consolidation,30.94,690.0
6719379,14000.0, 60 months,23.5,F,F1,2 years,RENT,48000.0,Sep-2013,debt_consolidation,19.7,660.0
143395896,30000.0, 60 months,28.72,F,F1,10+ years,MORTGAGE,102000.0,Nov-2018,debt_consolidation,14.85,705.0
100458219,20000.0, 60 months,28.69,F,F1,10+ years,MORTGAGE,127000.0,Mar-2017,major_purchase,24.09,670.0
40522786,10000.0, 60 months,22.99,F,F1,10+ years,RENT,32000.0,Feb-2015,debt_consolidation,4.13,665.0
118617159,10000.0, 60 months,30.17,F,F3,10+ years,RENT,30000.0,Sep-2017,debt_consolidation,32.76,680.0
68956804,35000.0, 60 months,23.13,F,F2,3 years,RENT,125000.0,Jan-2016,credit_card,20.31,665.0
113618900,35000.0, 36 months,30.75,F,F5,5 years,RENT,88992.0,Aug-2017,major_purchase,0.57,700.0
91803916,35000.0, 60 months,29.99,F,F3,8 years,MORTGAGE,117000.0,Oct-2016,home_improvement,9.51,690.0
46754623,25000.0, 60 months,22.99,F,F1,10+ years,MORTGAGE,115000.0,Apr-2015,credit_card,23.17,700.0
38351685,18000.0, 60 months,23.99,F,F2,< 1 year,RENT,65000.0,Jan-2015,debt_consolidation,10.3,660.0
981989,30750.0, 60 months,22.35,F,F5,< 1 year,RENT,77000.0,Oct-2011,debt_consolidation,23.47,675.0
70060932,30000.0, 60 months,22.45,F,F1,2 years,MORTGAGE,107000.0,Jan-2016,debt_consolidation,17.16,675.0
13498098,2500.0, 36 months,23.43,F,F1,6 years,RENT,40000.0,Apr-2014,small_business,6.09,665.0
88928852,25200.0, 60 months,26.99,F,F3,6 years,MORTGAGE,60000.0,Sep-2016,debt_consolidation,34.68,660.0
76151728,30000.0, 60 months,26.57,F,F5,7 years,OWN,60000.0,Mar-2016,debt_consolidation,35.3,680.0
93623373,30000.0, 36 months,28.69,F,F1,10+ years,MORTGAGE,100000.0,Nov-2016,debt_consolidation,29.74,690.0
7716151,24000.0, 60 months,24.08,F,F2,8 years,RENT,65000.0,Oct-2013,debt_consolidation,19.18,665.0
132429923,12000.0, 60 months,28.72,F,F1,3 years,RENT,67000.0,May-2018,home_improvement,5.84,675.0
50024241,23625.0, 60 months,21.99,F,F1,4 years,MORTGAGE,70000.0,May-2015,debt_consolidation,19.92,705.0
47250831,25525.0, 60 months,25.57,F,F5,2 years,RENT,98000.0,May-2015,debt_consolidation,17.31,690.0
91238625,14425.0, 36 months,27.49,F,F4,10+ years,MORTGAGE,56000.0,Oct-2016,debt_consolidation,21.6,680.0
74401256,5975.0, 36 months,23.13,F,F1,10+ years,RENT,145000.0,Mar-2016,debt_consolidation,9.26,660.0
134880176,19000.0, 60 months,30.17,F,F3,4 years,MORTGAGE,42000.0,Jun-2018,debt_consolidation,30.86,735.0
77311240,35000.0, 36 months,25.11,F,F1,10+ years,RENT,96000.0,Apr-2016,debt_consolidation,38.09,705.0
105940389,30000.0, 60 months,28.69,F,F1,9 years,MORTGAGE,38000.0,May-2017,debt_consolidation,50.95,700.0
696566,20000.0, 60 months,18.25,F,F1,6 years,MORTGAGE,80000.0,Mar-2011,debt_consolidation,17.09,680.0
39731062,30000.0, 60 months,25.57,F,F5,8 years,RENT,101000.0,Feb-2015,debt_consolidation,16.99,700.0
799595,18000.0, 60 months,20.99,F,F3,4 years,RENT,78000.0,Jul-2011,debt_consolidation,9.72,660.0
88023327,16000.0, 60 months,27.49,F,F4,10+ years,MORTGAGE,50000.0,Aug-2016,debt_consolidation,23.74,665.0
93642140,3250.0, 36 months,30.49,F,F4,2 years,RENT,9600.0,Dec-2016,other,9.38,675.0
51356564,18000.0, 60 months,21.99,F,F1,< 1 year,RENT,40000.0,Jun-2015,debt_consolidation,26.07,690.0
7062626,15000.0, 60 months,24.89,F,F4,10+ years,MORTGAGE,92000.0,Sep-2013,debt_consolidation,12.35,685.0
96934465,24000.0, 60 months,29.49,F,F2,1 year,RENT,85000.0,Feb-2017,other,8.27,695.0
12356902,12550.0, 60 months,23.43,F,F1,7 years,MORTGAGE,35000.0,Mar-2014,debt_consolidation,28.64,665.0
25246659,16200.0, 60 months,23.43,F,F1,3 years,RENT,45000.0,Aug-2014,debt_consolidation,30.83,670.0
42465007,19950.0, 60 months,24.99,F,F4,10+ years,MORTGAGE,60000.0,Mar-2015,credit_card,18.54,665.0
52027737,16925.0, 60 months,21.99,F,F1,10+ years,MORTGAGE,70000.0,Jul-2015,home_improvement,22.6,675.0
73333210,25200.0, 60 months,23.13,F,F1,9 years,RENT,54432.0,Mar-2016,credit_card,18.58,690.0
59261944,28000.0, 60 months,21.99,F,F1,10+ years,MORTGAGE,130000.0,Sep-2015,debt_consolidation,16.75,670.0
38361826,35000.0, 60 months,24.99,F,F4,6 years,RENT,120000.0,Jan-2015,debt_consolidation,17.1,675.0
45324715,35000.0, 60 months,24.5,F,F3,2 years,MORTGAGE,90000.0,Apr-2015,debt_consolidation,28.75,660.0
120000217,17650.0, 60 months,30.65,F,F4,,RENT,41943.36,Oct-2017,credit_card,33.76,665.0
13177872,12675.0, 60 months,24.99,F,F4,1 year,RENT,52000.0,Mar-2014,debt_consolidation,2.15,660.0
97690753,29075.0, 60 months,29.99,F,F3,6 years,MORTGAGE,82975.0,Feb-2017,debt_consolidation,24.44,690.0
1690270,24000.0, 60 months,23.63,F,F3,10+ years,MORTGAGE,75000.0,Nov-2012,debt_consolidation,20.3,665.0
716187,5000.0, 36 months,18.25,F,F1,2 years,RENT,50004.0,Apr-2011,debt_consolidation,2.95,660.0
38634881,10900.0, 60 months,23.99,F,F2,1 year,RENT,31000.0,Jan-2015,credit_card,24.0,695.0
90708480,4575.0, 36 months,26.49,F,F2,,RENT,14316.0,Oct-2016,debt_consolidation,24.14,675.0
138982937,20000.0, 60 months,29.69,F,F2,3 years,RENT,46000.0,Aug-2018,medical,28.82,665.0
46794294,34225.0, 60 months,23.99,F,F2,8 years,MORTGAGE,86000.0,Apr-2015,other,27.06,670.0
43819449,10375.0, 60 months,22.99,F,F1,9 years,RENT,50000.0,Mar-2015,debt_consolidation,29.69,665.0
115177279,1800.0, 36 months,30.65,F,F4,4 years,OWN,27000.0,Aug-2017,other,23.69,685.0
68172859,10175.0, 36 months,22.45,F,F1,10+ years,MORTGAGE,65000.0,Jan-2016,home_improvement,16.71,670.0
97327914,35000.0, 60 months,29.99,F,F3,< 1 year,MORTGAGE,106000.0,Feb-2017,debt_consolidation,13.88,730.0
88543630,20000.0, 60 months,27.79,F,F5,5 years,OWN,69500.0,Aug-2016,debt_consolidation,24.68,670.0
23875809,11000.0, 60 months,25.57,F,F5,10+ years,OWN,93000.0,Aug-2014,debt_consolidation,12.79,665.0
75369627,30350.0, 60 months,24.99,F,F3,10+ years,RENT,66000.0,Apr-2016,debt_consolidation,22.93,680.0
79230344,14000.0, 60 months,25.11,F,F1,3 years,RENT,28000.0,Jun-2016,house,9.77,705.0
3144930,12875.0, 60 months,23.63,F,F3,< 1 year,RENT,48000.0,Jan-2013,debt_consolidation,21.53,670.0
45202127,4350.0, 36 months,23.99,F,F2,10+ years,MORTGAGE,75000.0,Apr-2015,debt_consolidation,12.18,680.0
75299340,24225.0, 60 months,24.99,F,F3,10+ years,RENT,48497.0,Mar-2016,debt_consolidation,24.15,690.0
94256896,21000.0, 60 months,30.74,F,F5,7 years,MORTGAGE,120000.0,Dec-2016,debt_consolidation,23.28,660.0
104900052,21000.0, 60 months,29.49,F,F2,2 years,OWN,42000.0,Apr-2017,debt_consolidation,34.87,710.0
85544246,26775.0, 60 months,27.79,F,F5,2 years,MORTGAGE,86000.0,Jul-2016,debt_consolidation,23.99,685.0
60793108,13225.0, 60 months,24.99,F,F4,1 year,RENT,33120.0,Oct-2015,debt_consolidation,39.31,685.0
70702957,30000.0, 60 months,25.88,F,F4,1 year,MORTGAGE,200000.0,Feb-2016,debt_consolidation,25.5,680.0
114785234,35000.0, 36 months,30.17,F,F3,10+ years,RENT,100000.0,Aug-2017,debt_consolidation,32.76,660.0
1596426,35000.0, 60 months,22.95,F,F1,< 1 year,MORTGAGE,160000.0,Oct-2012,debt_consolidation,21.37,680.0
85620980,26675.0, 60 months,26.49,F,F2,5 years,RENT,58000.0,Jul-2016,debt_consolidation,22.16,710.0
58592624,17200.0, 60 months,22.99,F,F2,5 years,RENT,41000.0,Aug-2015,debt_consolidation,14.67,675.0
77531308,16225.0, 60 months,27.34,F,F5,,MORTGAGE,50724.36,May-2016,debt_consolidation,35.37,665.0
74955462,30050.0, 36 months,25.88,F,F4,< 1 year,RENT,84000.0,Mar-2016,debt_consolidation,34.19,725.0
110038313,26000.0, 60 months,30.17,F,F3,10+ years,RENT,90000.0,Jun-2017,credit_card,17.91,675.0
63290338,13500.0, 60 months,23.99,F,F3,< 1 year,RENT,45000.0,Oct-2015,debt_consolidation,31.37,660.0
56058489,15525.0, 60 months,24.99,F,F4,10+ years,RENT,50000.0,Jul-2015,debt_consolidation,29.02,680.0
74733172,10275.0, 36 months,25.88,F,F4,1 year,RENT,34320.0,Mar-2016,debt_consolidation,33.5,675.0
71936859,31050.0, 60 months,25.88,F,F4,10+ years,RENT,87000.0,Mar-2016,debt_consolidation,38.1,710.0
52536576,33600.0, 60 months,21.99,F,F1,5 years,MORTGAGE,96000.0,Jul-2015,medical,16.17,670.0
20137640,20850.0, 60 months,23.43,F,F1,2 years,RENT,52196.0,Jul-2014,debt_consolidation,32.73,665.0
3352606,19500.0, 60 months,22.95,F,F1,6 years,MORTGAGE,55000.0,Feb-2013,debt_consolidation,9.56,665.0
141275271,24000.0, 60 months,29.69,F,F2,10+ years,MORTGAGE,45000.0,Oct-2018,debt_consolidation,30.21,665.0
99706213,35000.0, 60 months,30.74,F,F5,10+ years,MORTGAGE,108000.0,Feb-2017,debt_consolidation,24.69,720.0
57165295,33825.0, 36 months,25.78,F,F5,1 year,RENT,120000.0,Aug-2015,debt_consolidation,18.43,670.0
134359499,14600.0, 60 months,30.65,F,F4,10+ years,RENT,59675.0,Jun-2018,debt_consolidation,26.93,675.0
257100,3175.0, 36 months,16.08,F,F2,6 years,RENT,36000.0,Mar-2008,debt_consolidation,26.03,665.0
65694523,29850.0, 60 months,22.99,F,F2,4 years,MORTGAGE,250000.0,Dec-2015,debt_consolidation,9.0,660.0
49493552,23000.0, 60 months,21.99,F,F1,1 year,RENT,50000.0,May-2015,debt_consolidation,26.7,730.0
1349788,25600.0, 36 months,22.45,F,F1,< 1 year,MORTGAGE,55000.0,Jun-2012,debt_consolidation,22.54,670.0
60417110,27625.0, 60 months,22.99,F,F2,2 years,OWN,90000.0,Sep-2015,debt_consolidation,21.4,690.0
18975964,9600.0, 36 months,25.57,F,F5,9 years,MORTGAGE,53151.0,Jun-2014,home_improvement,18.56,705.0
39370599,5600.0, 36 months,24.99,F,F4,3 years,MORTGAGE,56000.0,Jan-2015,car,14.62,675.0
27690589,24250.0, 60 months,24.08,F,F2,10+ years,MORTGAGE,72000.0,Oct-2014,debt_consolidation,7.02,670.0
44513913,35000.0, 60 months,22.99,F,F1,10+ years,MORTGAGE,125000.0,Apr-2015,debt_consolidation,20.26,670.0
74784828,10000.0, 36 months,23.13,F,F1,8 years,RENT,40000.0,Mar-2016,house,37.59,665.0
39580162,35000.0, 60 months,24.5,F,F3,9 years,RENT,92000.0,Jan-2015,debt_consolidation,17.47,675.0
85682683,30350.0, 60 months,27.79,F,F5,5 years,MORTGAGE,100000.0,Jul-2016,debt_consolidation,15.18,690.0
136174035,16000.0, 60 months,28.72,F,F1,10+ years,RENT,103000.0,Jul-2018,debt_consolidation,30.13,675.0
93116272,8000.0, 36 months,28.69,F,F1,10+ years,OWN,54000.0,Nov-2016,credit_card,12.16,675.0
67316634,10000.0, 60 months,22.45,F,F1,3 years,RENT,45000.0,Dec-2015,other,11.17,675.0
68731477,15825.0, 60 months,26.06,F,F5,8 years,MORTGAGE,44000.0,Jan-2016,debt_consolidation,9.48,685.0
75149900,4000.0, 36 months,23.13,F,F1,4 years,RENT,24000.0,Mar-2016,debt_consolidation,28.55,660.0
12388890,27325.0, 60 months,24.5,F,F3,10+ years,RENT,72000.0,Apr-2014,debt_consolidation,31.02,695.0
7050399,10000.0, 60 months,24.08,F,F2,10+ years,OWN,80000.0,Sep-2013,credit_card,25.83,715.0
90147391,10450.0, 60 months,26.49,F,F2,1 year,MORTGAGE,36000.0,Sep-2016,debt_consolidation,13.5,670.0
93991794,14000.0, 60 months,29.49,F,F2,2 years,MORTGAGE,86500.0,Nov-2016,debt_consolidation,28.72,660.0
50606732,17550.0, 60 months,21.99,F,F1,8 years,RENT,40000.0,Jul-2015,debt_consolidation,23.58,675.0
111707265,20125.0, 36 months,30.75,F,F5,< 1 year,MORTGAGE,53000.0,Jun-2017,moving,25.61,680.0
61330109,20150.0, 60 months,21.99,F,F1,9 years,MORTGAGE,48000.0,Oct-2015,debt_consolidation,32.88,660.0
80740941,5000.0, 36 months,25.44,F,F2,,RENT,26420.0,Jun-2016,credit_card,46.66,665.0
58592449,14400.0, 60 months,24.99,F,F4,1 year,OWN,40000.0,Aug-2015,small_business,4.89,690.0
75820319,11200.0, 36 months,26.57,F,F5,3 years,RENT,38000.0,Mar-2016,credit_card,16.68,675.0
117220388,12625.0, 60 months,30.65,F,F4,10+ years,MORTGAGE,265075.0,Sep-2017,credit_card,10.24,665.0
88321648,16000.0, 60 months,26.99,F,F3,1 year,OWN,70000.0,Aug-2016,debt_consolidation,14.8,665.0
11355656,9600.0, 36 months,24.5,F,F3,3 years,RENT,60000.0,Feb-2014,major_purchase,7.52,665.0
38311118,24625.0, 60 months,22.99,F,F1,10+ years,RENT,65000.0,Jan-2015,debt_consolidation,25.31,700.0
75143468,27325.0, 60 months,23.13,F,F1,7 years,MORTGAGE,54656.0,Mar-2016,credit_card,5.64,675.0
1582802,27150.0, 36 months,23.76,F,F4,10+ years,RENT,86000.0,Oct-2012,debt_consolidation,22.68,690.0
133906692,30000.0, 60 months,28.72,F,F1,10+ years,MORTGAGE,45000.0,May-2018,debt_consolidation,12.56,670.0
91188127,35000.0, 60 months,25.69,F,F1,10+ years,MORTGAGE,96000.0,Oct-2016,debt_consolidation,22.36,675.0
140381491,20000.0, 60 months,30.17,F,F3,< 1 year,RENT,85000.0,Oct-2018,other,5.38,675.0
99913965,24000.0, 60 months,28.69,F,F1,1 year,RENT,68000.0,Mar-2017,debt_consolidation,23.76,715.0
135086600,16000.0, 60 months,29.69,F,F2,3 years,RENT,96000.0,Jun-2018,debt_consolidation,30.23,660.0
31187243,15125.0, 60 months,24.99,F,F4,2 years,RENT,75000.0,Oct-2014,debt_consolidation,22.67,660.0
75273709,2750.0, 36 months,24.11,F,F2,< 1 year,RENT,31200.0,Apr-2016,debt_consolidation,30.35,670.0
53362375,27725.0, 60 months,25.78,F,F5,2 years,MORTGAGE,73000.0,Jul-2015,debt_consolidation,17.8,660.0
35803653,18000.0, 60 months,24.5,F,F3,4 years,MORTGAGE,74000.0,Nov-2014,debt_consolidation,6.41,675.0
33220289,16550.0, 60 months,24.99,F,F4,10+ years,MORTGAGE,45000.0,Nov-2014,home_improvement,24.5,670.0
84515796,24700.0, 60 months,26.49,F,F2,< 1 year,OWN,57600.0,Jul-2016,other,28.38,715.0
8885575,4450.0, 36 months,24.5,F,F3,5 years,RENT,27000.0,Nov-2013,debt_consolidation,13.02,660.0
6839504,25000.0, 60 months,23.5,F,F1,10+ years,RENT,113900.0,Aug-2013,house,12.19,665.0
75099404,8000.0, 36 months,24.11,F,F2,2 years,OWN,60000.0,Mar-2016,credit_card,21.7,690.0
78539246,11850.0, 60 months,25.44,F,F2,3 years,OWN,52000.0,May-2016,debt_consolidation,15.05,675.0
7619641,35000.0, 60 months,23.7,F,F1,10+ years,MORTGAGE,380000.0,Oct-2013,debt_consolidation,13.2,705.0
6414817,2000.0, 36 months,23.5,F,F1,< 1 year,RENT,17000.0,Aug-2013,moving,19.2,670.0
739407,30000.0, 60 months,18.25,F,F1,< 1 year,MORTGAGE,90996.0,May-2011,major_purchase,18.63,680.0
60885079,35000.0, 60 months,23.99,F,F3,10+ years,RENT,125000.0,Oct-2015,debt_consolidation,26.42,675.0
95735967,25000.0, 60 months,28.69,F,F1,10+ years,MORTGAGE,84000.0,Jan-2017,debt_consolidation,22.36,710.0
26749528,10750.0, 60 months,23.43,F,F1,9 years,OWN,30000.0,Sep-2014,debt_consolidation,38.52,695.0
125827470,20000.0, 60 months,30.17,F,F3,< 1 year,RENT,22000.0,Dec-2017,debt_consolidation,66.08,690.0
131079707,15000.0, 60 months,30.17,F,F3,8 years,RENT,52000.0,Apr-2018,debt_consolidation,39.28,750.0
7103056,15000.0, 60 months,24.89,F,F4,10+ years,OWN,52000.0,Sep-2013,credit_card,22.73,660.0
86922914,6300.0, 36 months,25.69,F,F1,10+ years,RENT,21000.0,Aug-2016,debt_consolidation,27.14,685.0
52321174,7550.0, 36 months,23.99,F,F3,6 years,RENT,30000.0,Jun-2015,debt_consolidation,15.52,690.0
381265,8000.0, 36 months,18.21,F,F4,2 years,RENT,38376.0,Feb-2009,debt_consolidation,10.76,670.0
120944468,24000.0, 36 months,30.75,F,F5,2 years,RENT,68000.0,Oct-2017,debt_consolidation,29.66,690.0
51366238,27225.0, 60 months,21.99,F,F1,2 years,OWN,59200.0,Jun-2015,credit_card,26.29,680.0
44896597,12050.0, 36 months,22.99,F,F1,5 years,MORTGAGE,120000.0,Apr-2015,debt_consolidation,21.08,670.0
119302819,21250.0, 60 months,30.75,F,F5,,OWN,46200.0,Sep-2017,debt_consolidation,18.21,725.0
133829766,11000.0, 60 months,30.17,F,F3,2 years,RENT,150000.0,May-2018,other,8.46,680.0
120021927,11200.0, 60 months,30.17,F,F3,< 1 year,RENT,29000.0,Oct-2017,debt_consolidation,4.68,665.0
136308318,19600.0, 60 months,28.72,F,F1,10+ years,RENT,65000.0,Jul-2018,other,28.82,675.0
1341951,35000.0, 60 months,22.95,F,F1,10+ years,RENT,95000.0,Jul-2012,debt_consolidation,27.22,680.0
1431276,28625.0, 60 months,23.76,F,F4,10+ years,OWN,72000.0,Aug-2012,debt_consolidation,23.35,665.0
40353931,14750.0, 60 months,22.99,F,F1,< 1 year,RENT,42000.0,Feb-2015,debt_consolidation,12.8,685.0
6539460,31050.0, 60 months,25.28,F,F5,10+ years,RENT,70000.0,Aug-2013,debt_consolidation,19.94,660.0
55512299,35000.0, 60 months,23.99,F,F3,7 years,RENT,100000.0,Jul-2015,other,8.16,740.0
769653,20000.0, 60 months,20.25,F,F1,3 years,RENT,42500.0,Jun-2011,credit_card,19.26,680.0
4375081,25000.0, 60 months,23.28,F,F2,< 1 year,RENT,105000.0,Jun-2013,credit_card,6.81,680.0
10605719,15350.0, 36 months,24.99,F,F4,10+ years,RENT,51688.0,Jan-2014,debt_consolidation,17.0,660.0
75103363,14400.0, 60 months,26.57,F,F5,10+ years,RENT,43160.0,Mar-2016,credit_card,22.25,685.0
75251158,4550.0, 36 months,23.13,F,F1,3 years,RENT,19000.0,Mar-2016,debt_consolidation,37.84,675.0
112085722,14000.0, 60 months,30.75,F,F5,10+ years,MORTGAGE,74000.0,Jul-2017,credit_card,19.86,675.0
23993916,26250.0, 60 months,24.99,F,F4,10+ years,MORTGAGE,73000.0,Aug-2014,debt_consolidation,33.29,695.0
134892071,40000.0, 60 months,30.65,F,F4,9 years,RENT,170000.0,Jun-2018,debt_consolidation,16.35,700.0
8976861,25000.0, 60 months,24.99,F,F4,2 years,MORTGAGE,76731.0,Nov-2013,small_business,15.94,680.0
65905403,12000.0, 60 months,21.99,F,F1,10+ years,OWN,50000.0,Dec-2015,debt_consolidation,38.14,665.0
34283793,7500.0, 36 months,22.99,F,F1,1 year,OWN,25000.0,Nov-2014,debt_consolidation,33.37,670.0
116612780,8800.0, 36 months,30.17,F,F3,4 years,MORTGAGE,55000.0,Aug-2017,debt_consolidation,25.09,665.0
31447829,13600.0, 60 months,24.99,F,F4,8 years,RENT,48000.0,Oct-2014,debt_consolidation,25.73,670.0
72785885,11100.0, 60 months,26.57,F,F5,2 years,RENT,30900.0,Mar-2016,credit_card,21.86,675.0
140752716,7600.0, 36 months,29.69,F,F2,1 year,OWN,68000.0,Sep-2018,home_improvement,5.75,715.0
40118171,27575.0, 60 months,25.57,F,F5,< 1 year,MORTGAGE,58000.0,Feb-2015,debt_consolidation,29.34,680.0
55431236,20500.0, 60 months,21.99,F,F1,< 1 year,RENT,57000.0,Aug-2015,debt_consolidation,12.11,680.0
61548529,30550.0, 60 months,24.99,F,F4,2 years,RENT,85000.0,Oct-2015,debt_consolidation,35.01,660.0
515798,7500.0, 60 months,18.67,F,F2,3 years,MORTGAGE,57000.0,Aug-2010,car,3.64,660.0
114943946,35000.0, 36 months,29.69,F,F2,10+ years,RENT,94579.0,Aug-2017,credit_card,10.2,690.0
87484244,10000.0, 60 months,26.99,F,F3,10+ years,RENT,37000.0,Aug-2016,debt_consolidation,24.39,660.0
114223275,30000.0, 60 months,30.65,F,F4,< 1 year,RENT,25000.0,Aug-2017,debt_consolidation,61.21,695.0
109352919,14000.0, 36 months,29.69,F,F2,3 years,OWN,50000.0,May-2017,debt_consolidation,28.92,670.0
61389595,12850.0, 60 months,21.99,F,F1,6 years,RENT,44000.0,Oct-2015,credit_card,16.01,675.0
32430406,11550.0, 60 months,24.5,F,F3,10+ years,MORTGAGE,38500.0,Nov-2014,home_improvement,32.04,665.0
61382535,14575.0, 60 months,24.99,F,F4,10+ years,RENT,45000.0,Oct-2015,debt_consolidation,17.71,665.0
105111339,16000.0, 60 months,28.69,F,F1,3 years,RENT,50000.0,Apr-2017,credit_card,33.27,700.0
23945518,3050.0, 36 months,24.5,F,F3,2 years,RENT,36000.0,Aug-2014,debt_consolidation,25.17,660.0
96708067,14400.0, 60 months,28.69,F,F1,4 years,MORTGAGE,65000.0,Jan-2017,debt_consolidation,15.81,675.0
26259458,1125.0, 36 months,24.08,F,F2,10+ years,MORTGAGE,30000.0,Sep-2014,debt_consolidation,32.48,675.0
3642670,27575.0, 60 months,23.28,F,F2,10+ years,MORTGAGE,70000.0,Mar-2013,small_business,7.77,710.0
1257303,20000.0, 60 months,22.78,F,F2,3 years,RENT,112000.0,May-2012,small_business,16.06,660.0
114072182,20000.0, 60 months,30.17,F,F3,5 years,MORTGAGE,70660.0,Aug-2017,home_improvement,30.2,660.0
56572448,28000.0, 60 months,22.99,F,F2,10+ years,MORTGAGE,83000.0,Aug-2015,debt_consolidation,17.32,705.0
113809131,20000.0, 60 months,30.75,F,F5,3 years,MORTGAGE,65000.0,Aug-2017,credit_card,32.76,695.0
61528462,35000.0, 60 months,22.99,F,F2,3 years,RENT,100000.0,Oct-2015,debt_consolidation,21.25,665.0
111517751,12425.0, 60 months,30.84,G,G2,10+ years,RENT,45000.0,Jun-2017,credit_card,24.85,665.0
119246548,33425.0, 60 months,30.84,G,G2,6 years,RENT,48000.0,Sep-2017,debt_consolidation,24.4,675.0
88912047,35000.0, 60 months,29.67,G,G3,10+ years,MORTGAGE,80000.0,Sep-2016,debt_consolidation,21.03,660.0
92587809,14400.0, 60 months,30.84,G,G2,3 years,RENT,40000.0,Nov-2016,debt_consolidation,21.36,670.0
24164727,20000.0, 60 months,25.99,G,G4,3 years,MORTGAGE,104000.0,Aug-2014,credit_card,31.0,660.0
124785249,24025.0, 60 months,30.79,G,G1,10+ years,MORTGAGE,24000.0,Nov-2017,debt_consolidation,48.6,735.0
92627845,20775.0, 60 months,30.79,G,G1,5 years,MORTGAGE,65000.0,Nov-2016,debt_consolidation,32.6,660.0
5244886,30000.0, 60 months,24.7,G,G1,< 1 year,MORTGAGE,175000.0,May-2013,debt_consolidation,20.45,675.0
94355442,7000.0, 36 months,30.84,G,G2,< 1 year,RENT,34000.0,Dec-2016,other,5.68,665.0
113070035,15000.0, 60 months,30.79,G,G1,1 year,OWN,100000.0,Jul-2017,small_business,4.7,660.0
17112847,12000.0, 60 months,25.8,G,G1,< 1 year,RENT,37000.0,May-2014,car,16.83,700.0
143154512,20000.0, 60 months,30.89,G,G3,,RENT,36870.0,Nov-2018,debt_consolidation,30.47,680.0
64751149,2525.0, 36 months,27.31,G,G2,1 year,RENT,14000.0,Nov-2015,debt_consolidation,16.47,670.0
12685139,18675.0, 60 months,25.89,G,G3,10+ years,MORTGAGE,65000.0,Mar-2014,debt_consolidation,24.28,675.0
115702345,32200.0, 60 months,30.99,G,G5,10+ years,MORTGAGE,89009.0,Sep-2017,debt_consolidation,32.1,680.0
41030918,18725.0, 60 months,25.8,G,G1,1 year,RENT,90000.0,Feb-2015,debt_consolidation,25.4,665.0
68494984,22000.0, 60 months,27.99,G,G3,8 years,RENT,50000.0,Jan-2016,debt_consolidation,21.46,730.0
36451097,18075.0, 60 months,25.83,G,G2,7 years,MORTGAGE,55000.0,Dec-2014,debt_consolidation,25.81,665.0
134598776,10400.0, 60 months,30.79,G,G1,10+ years,MORTGAGE,62000.0,Jun-2018,home_improvement,19.9,700.0
28442434,13100.0, 60 months,25.89,G,G3,10+ years,MORTGAGE,58000.0,Oct-2014,debt_consolidation,19.16,720.0
27590418,33700.0, 60 months,25.8,G,G1,3 years,MORTGAGE,85600.0,Sep-2014,home_improvement,10.54,730.0
116926767,14500.0, 60 months,30.84,G,G2,10+ years,RENT,37377.0,Aug-2017,debt_consolidation,33.65,675.0
24294691,1600.0, 36 months,25.8,G,G1,,MORTGAGE,36000.0,Aug-2014,other,38.15,660.0
111649969,20000.0, 60 months,30.89,G,G3,10+ years,RENT,65000.0,Jul-2017,other,23.01,680.0
661258,18250.0, 60 months,21.22,G,G4,10+ years,MORTGAGE,180000.0,Feb-2011,small_business,17.95,680.0
9238432,18825.0, 60 months,25.89,G,G3,7 years,OWN,43000.0,Dec-2013,debt_consolidation,18.53,675.0
24705896,16100.0, 60 months,26.06,G,G5,,OWN,49500.0,Aug-2014,home_improvement,18.96,660.0
71174781,30100.0, 60 months,28.34,G,G3,< 1 year,MORTGAGE,36000.0,Feb-2016,debt_consolidation,27.27,680.0
16240851,22375.0, 60 months,25.83,G,G2,< 1 year,RENT,66000.0,May-2014,debt_consolidation,13.21,670.0
87314310,10200.0, 60 months,29.96,G,G4,10+ years,RENT,35000.0,Aug-2016,debt_consolidation,33.5,675.0
67859546,28000.0, 60 months,27.31,G,G2,10+ years,RENT,70000.0,Dec-2015,debt_consolidation,30.79,675.0
26178818,12000.0, 36 months,25.8,G,G1,3 years,RENT,42000.0,Sep-2014,credit_card,19.97,660.0
118677512,17100.0, 36 months,30.79,G,G1,4 years,RENT,45000.0,Sep-2017,debt_consolidation,19.49,670.0
107520676,21000.0, 60 months,30.84,G,G2,< 1 year,RENT,82000.0,May-2017,debt_consolidation,31.11,710.0
120025212,19750.0, 36 months,30.84,G,G2,10+ years,MORTGAGE,61000.0,Oct-2017,home_improvement,21.37,675.0
115104594,11200.0, 60 months,30.89,G,G3,10+ years,RENT,98000.0,Sep-2017,credit_card,19.23,660.0
26127364,14375.0, 60 months,25.8,G,G1,9 years,RENT,45000.0,Sep-2014,other,20.29,670.0
107650525,16000.0, 36 months,30.79,G,G1,2 years,MORTGAGE,88000.0,May-2017,other,8.32,695.0
4806840,35000.0, 60 months,24.7,G,G1,10+ years,RENT,93000.0,Jun-2013,debt_consolidation,6.67,670.0
107743167,20000.0, 60 months,30.89,G,G3,8 years,RENT,52000.0,May-2017,debt_consolidation,30.93,690.0
122686336,12000.0, 60 months,30.99,G,G5,10+ years,MORTGAGE,105000.0,Nov-2017,debt_consolidation,33.95,675.0
37897618,25200.0, 60 months,25.8,G,G1,10+ years,MORTGAGE,61350.0,Jan-2015,debt_consolidation,20.62,700.0
11385570,30000.0, 60 months,25.89,G,G3,2 years,MORTGAGE,82500.0,Jan-2014,debt_consolidation,19.96,685.0
11668106,13150.0, 60 months,25.83,G,G2,,MORTGAGE,38350.0,Feb-2014,small_business,11.46,720.0
4767528,35000.0, 60 months,24.83,G,G2,< 1 year,MORTGAGE,153000.0,May-2013,debt_consolidation,21.53,670.0
76382884,17600.0, 60 months,27.34,G,G1,10+ years,OWN,55000.0,Apr-2016,debt_consolidation,12.2,690.0
14610886,19275.0, 60 months,25.89,G,G3,1 year,MORTGAGE,100000.0,Apr-2014,home_improvement,15.89,680.0
111411453,35000.0, 60 months,30.89,G,G3,2 years,MORTGAGE,100000.0,Jul-2017,other,22.74,665.0
112729042,20000.0, 60 months,30.79,G,G1,2 years,RENT,45000.0,Jul-2017,debt_consolidation,26.8,665.0
9716565,11500.0, 60 months,25.83,G,G2,< 1 year,OWN,43000.0,Dec-2013,other,16.33,660.0
91102561,10800.0, 60 months,28.18,G,G1,7 years,MORTGAGE,39582.0,Oct-2016,debt_consolidation,31.87,690.0
1100379,20000.0, 60 months,22.74,G,G1,4 years,RENT,69000.0,Jan-2012,house,17.08,660.0
99892036,35000.0, 60 months,30.84,G,G2,2 years,RENT,129000.0,Mar-2017,debt_consolidation,16.66,660.0
1345783,24000.0, 60 months,24.33,G,G2,4 years,MORTGAGE,89500.0,Jun-2012,debt_consolidation,28.67,695.0
67327920,14400.0, 60 months,27.31,G,G2,< 1 year,RENT,65000.0,Dec-2015,debt_consolidation,25.02,670.0
113539450,28000.0, 60 months,30.84,G,G2,10+ years,MORTGAGE,160000.0,Jul-2017,debt_consolidation,16.79,670.0
3724789,30000.0, 60 months,24.89,G,G3,6 years,MORTGAGE,102000.0,Mar-2013,debt_consolidation,22.56,660.0
104283216,18200.0, 60 months,30.84,G,G2,7 years,MORTGAGE,88000.0,Apr-2017,debt_consolidation,11.25,665.0
26208824,22000.0, 60 months,26.06,G,G5,10+ years,RENT,130000.0,Sep-2014,debt_consolidation,12.78,675.0
114044957,40000.0, 60 months,30.94,G,G4,10+ years,MORTGAGE,124000.0,Aug-2017,debt_consolidation,34.12,695.0
78508365,28000.0, 60 months,29.96,G,G4,10+ years,MORTGAGE,72500.0,May-2016,debt_consolidation,29.61,665.0
65707010,15100.0, 60 months,28.99,G,G5,3 years,OWN,42000.0,Dec-2015,debt_consolidation,27.49,685.0
114844178,17850.0, 60 months,30.89,G,G3,3 years,RENT,54000.0,Sep-2017,credit_card,27.4,705.0
110411925,31675.0, 60 months,30.99,G,G5,4 years,OWN,160000.0,Jun-2017,debt_consolidation,25.28,725.0
111858348,11125.0, 36 months,30.89,G,G3,3 years,OWN,32760.0,Jul-2017,home_improvement,10.92,685.0
67879261,11225.0, 60 months,26.77,G,G1,1 year,RENT,31200.0,Dec-2015,debt_consolidation,26.31,695.0
7354580,35000.0, 60 months,25.8,G,G1,2 years,MORTGAGE,150000.0,Sep-2013,debt_consolidation,16.52,660.0
65655707,14875.0, 60 months,27.88,G,G3,< 1 year,RENT,41368.0,Nov-2015,debt_consolidation,15.35,680.0
117000246,18900.0, 60 months,30.99,G,G5,1 year,RENT,111000.0,Sep-2017,debt_consolidation,23.12,675.0
140984471,35000.0, 60 months,30.79,G,G1,1 year,RENT,49000.0,Oct-2018,debt_consolidation,28.48,750.0
54099320,19800.0, 60 months,26.77,G,G1,3 years,OWN,55000.0,Jul-2015,debt_consolidation,23.76,675.0
76131186,14525.0, 36 months,27.34,G,G1,2 years,MORTGAGE,55000.0,Apr-2016,home_improvement,21.32,725.0
109371061,27250.0, 60 months,30.99,G,G5,1 year,RENT,180000.0,Jun-2017,small_business,4.73,685.0
89814757,7000.0, 36 months,28.18,G,G1,4 years,OWN,30000.0,Sep-2016,other,13.25,660.0
6694833,16000.0, 60 months,25.83,G,G2,< 1 year,RENT,80000.0,Aug-2013,other,26.64,685.0
107136686,35000.0, 36 months,30.94,G,G4,2 years,MORTGAGE,113000.0,May-2017,house,27.37,665.0
94292834,26375.0, 60 months,30.79,G,G1,4 years,RENT,59999.0,Dec-2016,other,22.92,660.0
109685794,35000.0, 36 months,30.79,G,G1,10+ years,RENT,135000.0,Jun-2017,debt_consolidation,16.6,695.0
54838824,26675.0, 60 months,26.77,G,G1,,MORTGAGE,83420.0,Jul-2015,debt_consolidation,23.02,665.0
95347867,20000.0, 60 months,30.79,G,G1,< 1 year,RENT,48000.0,Dec-2016,other,26.45,695.0
29784076,13500.0, 60 months,25.89,G,G3,,RENT,40000.0,Oct-2014,other,13.11,660.0
140201355,12000.0, 60 months,30.79,G,G1,3 years,MORTGAGE,33000.0,Oct-2018,credit_card,41.67,670.0
73824292,2800.0, 36 months,27.34,G,G1,6 years,RENT,55000.0,Mar-2016,moving,19.25,660.0
2224788,20000.0, 60 months,24.7,G,G1,1 year,MORTGAGE,78000.0,Dec-2012,debt_consolidation,12.86,670.0
114201671,30000.0, 60 months,30.84,G,G2,< 1 year,MORTGAGE,75000.0,Sep-2017,home_improvement,33.12,660.0
57364565,15100.0, 60 months,26.77,G,G1,5 years,RENT,36000.0,Jul-2015,debt_consolidation,24.03,700.0
74551802,23225.0, 60 months,28.67,G,G4,10+ years,RENT,72000.0,Mar-2016,credit_card,33.52,660.0
14560742,15800.0, 60 months,25.8,G,G1,9 years,OWN,75000.0,Apr-2014,debt_consolidation,19.46,685.0
26308350,29550.0, 60 months,25.99,G,G4,10+ years,OWN,78000.0,Sep-2014,debt_consolidation,10.78,660.0
10099855,21325.0, 60 months,25.8,G,G1,10+ years,MORTGAGE,67000.0,Jan-2014,debt_consolidation,28.0,710.0
97490908,24000.0, 60 months,30.99,G,G5,10+ years,MORTGAGE,89240.0,Feb-2017,debt_consolidation,29.2,685.0
136635141,21100.0, 60 months,30.79,G,G1,3 years,MORTGAGE,70000.0,Jul-2018,debt_consolidation,35.11,675.0
117191383,10000.0, 60 months,30.94,G,G4,,RENT,2500.0,Aug-2017,debt_consolidation,240.87,690.0
43145462,27125.0, 60 months,25.99,G,G4,10+ years,RENT,65000.0,Apr-2015,debt_consolidation,24.32,660.0
59190106,12950.0, 60 months,26.77,G,G1,,OWN,36108.0,Aug-2015,debt_consolidation,28.75,705.0
120005057,19800.0, 60 months,30.79,G,G1,6 years,MORTGAGE,55000.0,Oct-2017,other,37.86,760.0
93790873,21975.0, 36 months,30.79,G,G1,8 years,MORTGAGE,59508.0,Nov-2016,debt_consolidation,32.06,665.0
39459935,31575.0, 60 months,25.8,G,G1,2 years,RENT,88000.0,Jan-2015,small_business,12.29,685.0
109678746,21650.0, 60 months,30.99,G,G5,8 years,RENT,57000.0,Jun-2017,debt_consolidation,34.65,675.0
57824102,17275.0, 60 months,27.31,G,G2,6 years,RENT,48000.0,Aug-2015,debt_consolidation,5.01,685.0
120253426,35000.0, 60 months,30.99,G,G5,10+ years,MORTGAGE,55000.0,Oct-2017,debt_consolidation,33.71,670.0
60923913,16325.0, 60 months,27.31,G,G2,3 years,RENT,60000.0,Oct-2015,debt_consolidation,21.07,660.0
76283214,12250.0, 60 months,28.14,G,G2,8 years,MORTGAGE,50000.0,Apr-2016,debt_consolidation,30.0,670.0
1291078,25050.0, 60 months,24.2,G,G1,6 years,MORTGAGE,63324.0,May-2012,credit_card,16.16,665.0
42733322,20950.0, 60 months,25.8,G,G1,10+ years,RENT,42000.0,Mar-2015,other,2.51,715.0
111588929,24000.0, 60 months,30.94,G,G4,7 years,MORTGAGE,70000.0,Jul-2017,debt_consolidation,33.46,670.0
90946409,15575.0, 60 months,28.18,G,G1,10+ years,MORTGAGE,90000.0,Oct-2016,debt_consolidation,28.59,690.0
264101,12375.0, 36 months,18.61,G,G5,< 1 year,MORTGAGE,101100.0,Feb-2008,debt_consolidation,29.7,660.0
61893059,11675.0, 60 months,27.31,G,G2,3 years,RENT,27800.0,Oct-2015,debt_consolidation,26.47,680.0
75758422,25000.0, 60 months,27.34,G,G1,8 years,MORTGAGE,75000.0,Mar-2016,debt_consolidation,29.38,700.0
113512384,12000.0, 60 months,30.89,G,G3,8 years,MORTGAGE,37000.0,Jul-2017,debt_consolidation,18.75,665.0
7049770,35000.0, 60 months,25.8,G,G1,< 1 year,RENT,128000.0,Sep-2013,debt_consolidation,20.12,700.0
26309223,12050.0, 60 months,25.8,G,G1,< 1 year,RENT,38000.0,Sep-2014,small_business,26.63,680.0
11637790,16150.0, 60 months,25.83,G,G2,8 years,MORTGAGE,85000.0,Feb-2014,home_improvement,25.09,670.0
9867062,25000.0, 60 months,25.8,G,G1,10+ years,RENT,67000.0,Dec-2013,debt_consolidation,18.4,665.0
18505505,19950.0, 60 months,26.06,G,G5,2 years,MORTGAGE,70000.0,Jun-2014,debt_consolidation,19.22,700.0
7617297,22000.0, 60 months,25.8,G,G1,8 years,MORTGAGE,50000.0,Oct-2013,debt_consolidation,23.95,665.0
53834511,23800.0, 60 months,28.49,G,G4,8 years,RENT,70000.0,Jul-2015,small_business,21.5,675.0
119991549,35000.0, 36 months,30.79,G,G1,10+ years,MORTGAGE,105000.0,Oct-2017,debt_consolidation,15.9,660.0
121392224,34775.0, 60 months,30.79,G,G1,10+ years,OWN,100000.0,Oct-2017,home_improvement,26.54,660.0
114517954,9400.0, 36 months,30.79,G,G1,< 1 year,RENT,45000.0,Sep-2017,other,3.15,660.0
91433356,14000.0, 36 months,28.88,G,G2,8 years,RENT,52943.0,Oct-2016,debt_consolidation,31.76,675.0
34652893,11225.0, 60 months,25.8,G,G1,10+ years,MORTGAGE,50000.0,Nov-2014,debt_consolidation,12.84,660.0
9804807,10500.0, 60 months,25.89,G,G3,10+ years,MORTGAGE,52000.0,Dec-2013,home_improvement,4.08,690.0
79053605,35000.0, 60 months,29.96,G,G4,4 years,MORTGAGE,126000.0,Jun-2016,debt_consolidation,23.29,665.0
122665549,35000.0, 36 months,30.84,G,G2,< 1 year,RENT,275000.0,Nov-2017,debt_consolidation,9.72,660.0
115647522,20000.0, 60 months,30.79,G,G1,2 years,RENT,62000.0,Sep-2017,debt_consolidation,18.97,660.0
44514435,35000.0, 60 months,25.8,G,G1,10+ years,MORTGAGE,79000.0,Apr-2015,debt_consolidation,34.25,675.0
116882289,35000.0, 60 months,30.94,G,G4,10+ years,MORTGAGE,96000.0,Aug-2017,home_improvement,16.65,685.0
55180879,35000.0, 60 months,27.88,G,G3,4 years,MORTGAGE,100000.0,Jul-2015,debt_consolidation,15.6,675.0
25937789,12000.0, 60 months,25.99,G,G4,7 years,MORTGAGE,44500.0,Sep-2014,debt_consolidation,18.47,660.0
71492824,14275.0, 60 months,28.14,G,G2,7 years,RENT,42000.0,Feb-2016,debt_consolidation,19.53,685.0
58100435,17900.0, 60 months,26.77,G,G1,10+ years,MORTGAGE,52700.0,Sep-2015,debt_consolidation,14.14,670.0
1359088,26000.0, 60 months,24.83,G,G2,,MORTGAGE,65000.0,Aug-2012,debt_consolidation,18.56,665.0
119988211,19375.0, 60 months,30.79,G,G1,,OWN,46142.0,Sep-2017,credit_card,8.79,740.0
76201986,10000.0, 60 months,28.14,G,G2,8 years,OWN,95000.0,Apr-2016,debt_consolidation,3.54,680.0
50655796,10875.0, 60 months,26.77,G,G1,9 years,RENT,32000.0,Jun-2015,debt_consolidation,29.82,670.0
63357903,22250.0, 60 months,27.88,G,G3,9 years,MORTGAGE,53000.0,Oct-2015,debt_consolidation,21.23,670.0
110062380,35000.0, 60 months,30.89,G,G3,< 1 year,RENT,140000.0,Jun-2017,debt_consolidation,21.8,665.0
111051579,12225.0, 36 months,30.79,G,G1,,MORTGAGE,0.0,Jun-2017,debt_consolidation,,665.0
103547653,10000.0, 60 months,30.99,G,G5,1 year,MORTGAGE,115000.0,Apr-2017,debt_consolidation,30.9,675.0
119974306,15000.0, 60 months,30.79,G,G1,2 years,RENT,55000.0,Sep-2017,debt_consolidation,19.57,670.0
60485385,26400.0, 60 months,26.77,G,G1,10+ years,RENT,75000.0,Sep-2015,debt_consolidation,23.76,665.0
65975443,6750.0, 36 months,27.31,G,G2,6 years,RENT,54000.0,Dec-2015,small_business,16.42,680.0
25397041,11250.0, 60 months,25.89,G,G3,< 1 year,MORTGAGE,25000.0,Aug-2014,debt_consolidation,31.49,675.0
103468387,12000.0, 60 months,30.84,G,G2,2 years,MORTGAGE,52000.0,Apr-2017,house,49.91,660.0
39967571,16375.0, 60 months,25.8,G,G1,4 years,RENT,40000.0,Feb-2015,debt_consolidation,15.42,665.0
37137490,35000.0, 60 months,26.06,G,G5,10+ years,MORTGAGE,135000.0,Dec-2014,medical,13.16,675.0
71442813,16450.0, 60 months,27.34,G,G1,< 1 year,RENT,37440.0,Mar-2016,debt_consolidation,27.56,680.0
38477679,30000.0, 60 months,25.8,G,G1,10+ years,MORTGAGE,150000.0,Feb-2015,other,10.26,665.0
91406988,30000.0, 60 months,30.94,G,G4,10+ years,MORTGAGE,74000.0,Oct-2016,debt_consolidation,31.12,665.0
116880925,10000.0, 60 months,30.94,G,G4,7 years,RENT,36000.0,Aug-2017,debt_consolidation,5.27,690.0
113967416,10000.0, 60 months,30.99,G,G5,2 years,MORTGAGE,38000.0,Aug-2017,other,23.86,700.0
92248564,10000.0, 60 months,30.84,G,G2,4 years,RENT,36000.0,Nov-2016,debt_consolidation,21.37,680.0
112117289,13000.0, 36 months,30.84,G,G2,4 years,MORTGAGE,26000.0,Jul-2017,other,18.56,720.0
16332082,30000.0, 60 months,25.8,G,G1,10+ years,MORTGAGE,85000.0,May-2014,debt_consolidation,27.25,690.0
75850009,9600.0, 36 months,28.14,G,G2,5 years,OWN,45000.0,Mar-2016,home_improvement,17.41,665.0
15671290,11500.0, 60 months,25.99,G,G4,,MORTGAGE,55000.0,Jun-2014,debt_consolidation,19.53,660.0
107520043,28000.0, 60 months,30.99,G,G5,6 years,MORTGAGE,100000.0,May-2017,debt_consolidation,30.96,685.0
111683918,21000.0, 60 months,30.89,G,G3,2 years,RENT,50000.0,Jul-2017,debt_consolidation,25.49,680.0
1465624,35000.0, 60 months,24.89,G,G3,10+ years,RENT,89131.0,Aug-2012,debt_consolidation,16.27,660.0
79523154,35000.0, 60 months,28.88,G,G2,5 years,MORTGAGE,550000.0,Jun-2016,debt_consolidation,14.2,715.0
93574850,21000.0, 60 months,30.79,G,G1,10+ years,MORTGAGE,90000.0,Nov-2016,credit_card,21.83,660.0
118231566,36000.0, 36 months,30.89,G,G3,10+ years,RENT,400000.0,Sep-2017,debt_consolidation,17.81,680.0
33270227,14100.0, 60 months,25.8,G,G1,< 1 year,MORTGAGE,50000.0,Oct-2014,credit_card,27.78,705.0
113840713,20400.0, 60 months,30.99,G,G5,10+ years,RENT,58000.0,Aug-2017,other,19.02,695.0
93157810,20050.0, 60 months,30.99,G,G5,8 years,RENT,50046.0,Nov-2016,debt_consolidation,30.48,720.0
102485618,7500.0, 36 months,30.99,G,G5,,RENT,41000.0,Apr-2017,medical,18.94,710.0
23944037,21750.0, 36 months,25.83,G,G2,2 years,RENT,85000.0,Aug-2014,debt_consolidation,14.81,665.0
1613599,23275.0, 36 months,24.83,G,G2,9 years,MORTGAGE,65000.0,Nov-2012,debt_consolidation,16.58,670.0
76314260,26875.0, 60 months,28.34,G,G3,10+ years,RENT,70000.0,Apr-2016,debt_consolidation,32.14,680.0
68772837,20400.0, 60 months,27.49,G,G2,4 years,RENT,60000.0,Jan-2016,other,5.4,700.0
64320933,35000.0, 60 months,27.31,G,G2,6 years,MORTGAGE,150000.0,Nov-2015,debt_consolidation,10.82,675.0
6548265,24925.0, 60 months,26.06,G,G5,3 years,MORTGAGE,73000.0,Aug-2013,debt_consolidation,26.09,665.0
3848844,15000.0, 60 months,24.7,G,G1,,RENT,54442.88,Apr-2013,other,12.72,665.0
15380377,4200.0, 60 months,25.83,G,G2,< 1 year,MORTGAGE,55000.0,May-2014,moving,1.53,670.0
129232377,35000.0, 60 months,30.79,G,G1,3 years,RENT,55000.0,Mar-2018,debt_consolidation,22.08,700.0
53564168,11025.0, 60 months,27.31,G,G2,9 years,RENT,68000.0,Jul-2015,debt_consolidation,9.2,675.0
113033367,10000.0, 60 months,30.99,G,G5,7 years,RENT,35000.0,Jul-2017,debt_consolidation,13.13,665.0
85361757,11750.0, 60 months,28.18,G,G1,,MORTGAGE,35000.0,Jul-2016,house,8.02,675.0
91057132,24000.0, 60 months,29.96,G,G4,4 years,RENT,72000.0,Oct-2016,other,3.74,670.0
24035362,24550.0, 36 months,25.89,G,G3,,MORTGAGE,64653.72,Aug-2014,debt_consolidation,38.82,675.0
77321269,18000.0, 60 months,28.34,G,G3,2 years,RENT,103500.0,May-2016,debt_consolidation,17.94,660.0
25157424,11275.0, 60 months,25.8,G,G1,5 years,MORTGAGE,45000.0,Aug-2014,debt_consolidation,26.77,665.0
38518643,35000.0, 60 months,25.8,G,G1,10+ years,MORTGAGE,90000.0,Jan-2015,debt_consolidation,24.04,695.0
49925710,16750.0, 60 months,26.77,G,G1,10+ years,RENT,90000.0,May-2015,debt_consolidation,20.75,660.0
46557656,13950.0, 60 months,25.89,G,G3,< 1 year,RENT,31200.0,Apr-2015,debt_consolidation,23.12,680.0
11235119,22125.0, 60 months,25.89,G,G3,4 years,MORTGAGE,85400.0,Jan-2014,debt_consolidation,28.86,660.0
99807498,27725.0, 60 months,30.94,G,G4,5 years,RENT,77000.0,Mar-2017,debt_consolidation,18.08,680.0
10125881,24000.0, 60 months,25.8,G,G1,10+ years,OWN,78000.0,Dec-2013,wedding,22.48,670.0
85577227,31500.0, 60 months,28.18,G,G1,2 years,MORTGAGE,75000.0,Jul-2016,debt_consolidation,9.6,695.0
20399279,13375.0, 60 months,25.8,G,G1,< 1 year,RENT,39480.0,Jul-2014,major_purchase,25.06,670.0
141594737,15000.0, 60 months,30.79,G,G1,2 years,MORTGAGE,100000.0,Oct-2018,credit_card,24.5,660.0
140002949,30000.0, 60 months,30.79,G,G1,3 years,RENT,30000.0,Sep-2018,debt_consolidation,24.2,730.0
20428834,20000.0, 60 months,25.83,G,G2,7 years,MORTGAGE,50000.0,Jul-2014,other,31.9,670.0
40776700,24725.0, 60 months,25.83,G,G2,4 years,RENT,76000.0,Feb-2015,debt_consolidation,24.29,660.0
46684992,16300.0, 60 months,26.06,G,G5,2 years,RENT,60000.0,Apr-2015,house,15.01,660.0
30625999,27200.0, 60 months,25.8,G,G1,10+ years,MORTGAGE,68500.0,Oct-2014,debt_consolidation,17.73,710.0
39532171,29375.0, 60 months,25.99,G,G4,10+ years,MORTGAGE,67000.0,Jan-2015,debt_consolidation,26.94,690.0
92300238,32000.0, 60 months,30.84,G,G2,6 years,MORTGAGE,135000.0,Nov-2016,debt_consolidation,10.9,670.0
69402298,9000.0, 36 months,26.99,G,G1,10+ years,MORTGAGE,63000.0,Jan-2016,credit_card,44.19,690.0
115236113,10125.0, 60 months,30.94,G,G4,1 year,RENT,55000.0,Aug-2017,debt_consolidation,19.62,690.0
60914576,12000.0, 60 months,26.77,G,G1,10+ years,RENT,30000.0,Oct-2015,debt_consolidation,13.24,710.0
674749,22500.0, 60 months,20.48,G,G2,6 years,RENT,145000.0,Feb-2011,debt_consolidation,12.03,665.0
77169662,33175.0, 60 months,29.67,G,G3,8 years,MORTGAGE,112000.0,May-2016,credit_card,29.77,665.0
72662397,18475.0, 60 months,27.34,G,G1,4 years,MORTGAGE,55000.0,Feb-2016,debt_consolidation,15.1,695.0
58684084,10000.0, 60 months,27.31,G,G2,4 years,RENT,25000.0,Aug-2015,credit_card,34.13,665.0
72643304,33775.0, 60 months,27.34,G,G1,3 years,RENT,90000.0,Feb-2016,home_improvement,12.59,670.0
111123262,31200.0, 60 months,30.94,G,G4,6 years,OWN,70000.0,Jul-2017,debt_consolidation,25.02,660.0
38599749,21475.0, 60 months,25.89,G,G3,7 years,MORTGAGE,72000.0,Jan-2015,house,28.05,670.0
107072712,15675.0, 60 months,30.79,G,G1,10+ years,MORTGAGE,49000.0,May-2017,car,8.03,680.0
68834516,7175.0, 36 months,28.14,G,G2,10+ years,MORTGAGE,69424.0,Feb-2016,other,10.98,680.0
51978666,12500.0, 60 months,27.88,G,G3,< 1 year,MORTGAGE,25000.0,Jun-2015,debt_consolidation,36.49,685.0
91614580,35000.0, 60 months,29.67,G,G3,< 1 year,MORTGAGE,80000.0,Oct-2016,debt_consolidation,22.56,680.0
28823738,21550.0, 60 months,25.8,G,G1,7 years,RENT,60000.0,Oct-2014,small_business,20.59,680.0
91000782,31225.0, 60 months,30.99,G,G5,8 years,RENT,85000.0,Oct-2016,debt_consolidation,12.62,675.0
63415190,30000.0, 60 months,26.77,G,G1,10+ years,MORTGAGE,73000.0,Oct-2015,debt_consolidation,24.4,660.0
61489973,23575.0, 60 months,26.77,G,G1,4 years,MORTGAGE,56160.0,Oct-2015,debt_consolidation,21.47,665.0
115233469,6000.0, 36 months,30.84,G,G2,6 years,RENT,148000.0,Aug-2017,debt_consolidation,18.79,660.0
38456327,12125.0, 60 months,25.89,G,G3,,RENT,48000.0,Jan-2015,other,20.05,680.0
103537840,14000.0, 60 months,30.79,G,G1,10+ years,MORTGAGE,100000.0,Mar-2017,debt_consolidation,32.09,700.0
8135371,34500.0, 60 months,25.83,G,G2,1 year,MORTGAGE,176000.0,Oct-2013,credit_card,16.47,705.0
22323430,13925.0, 60 months,25.83,G,G2,4 years,RENT,46000.0,Aug-2014,debt_consolidation,29.74,700.0
73824350,9500.0, 36 months,27.34,G,G1,6 years,OWN,45000.0,Mar-2016,home_improvement,12.77,680.0
111895454,8500.0, 36 months,30.79,G,G1,10+ years,MORTGAGE,210000.0,Jun-2017,debt_consolidation,8.55,675.0
111867035,5125.0, 36 months,30.99,G,G5,1 year,MORTGAGE,40000.0,Jul-2017,debt_consolidation,27.89,660.0
110087908,35000.0, 36 months,30.99,G,G5,5 years,RENT,100000.0,Jun-2017,other,1.93,695.0
7730272,16000.0, 60 months,25.89,G,G3,3 years,MORTGAGE,100000.0,Oct-2013,medical,17.02,685.0
59152137,35000.0, 60 months,28.99,G,G5,7 years,OWN,98000.0,Sep-2015,debt_consolidation,27.38,695.0
85784982,18350.0, 60 months,29.96,G,G4,3 years,MORTGAGE,48293.76,Jul-2016,debt_consolidation,30.62,680.0
59309651,19200.0, 60 months,27.31,G,G2,5 years,RENT,65000.0,Aug-2015,debt_consolidation,18.76,665.0
10955179,11875.0, 60 months,25.8,G,G1,1 year,RENT,35000.0,Feb-2014,other,14.44,680.0
105447316,23675.0, 60 months,30.94,G,G4,4 years,MORTGAGE,109000.0,May-2017,debt_consolidation,18.21,665.0
118325126,35000.0, 36 months,30.84,G,G2,8 years,MORTGAGE,104220.0,Sep-2017,home_improvement,31.34,725.0
119810270,14925.0, 60 months,30.94,G,G4,2 years,MORTGAGE,120000.0,Oct-2017,car,14.26,695.0
11698160,6350.0, 36 months,25.8,G,G1,,RENT,31344.0,Feb-2014,home_improvement,30.51,660.0
65815117,12000.0, 60 months,27.31,G,G2,9 years,RENT,40000.0,Nov-2015,debt_consolidation,33.9,660.0
54618239,27200.0, 60 months,27.31,G,G2,10+ years,MORTGAGE,68000.0,Jul-2015,debt_consolidation,27.88,665.0
5777184,5500.0, 60 months,24.89,G,G4,< 1 year,RENT,30000.0,Jun-2013,other,4.84,695.0
120216656,24000.0, 60 months,30.84,G,G2,3 years,RENT,75000.0,Oct-2017,credit_card,13.35,665.0
11445019,15325.0, 60 months,25.8,G,G1,7 years,OWN,53000.0,Feb-2014,small_business,21.81,670.0
103752502,15000.0, 60 months,30.79,G,G1,3 years,RENT,70000.0,Apr-2017,debt_consolidation,24.58,680.0
828539,20500.0, 60 months,22.85,G,G3,10+ years,RENT,58000.0,Aug-2011,debt_consolidation,23.07,660.0
130141977,35000.0, 60 months,30.79,G,G1,10+ years,MORTGAGE,38000.0,Mar-2018,credit_card,29.91,750.0
76295339,15625.0, 36 months,28.67,G,G4,4 years,MORTGAGE,68589.0,Apr-2016,debt_consolidation,32.46,660.0
75708217,10800.0, 60 months,27.34,G,G1,10+ years,MORTGAGE,103000.0,Mar-2016,other,31.67,665.0
98927979,32000.0, 60 months,30.84,G,G2,1 year,MORTGAGE,86000.0,Feb-2017,debt_consolidation,24.74,685.0
116772451,12000.0, 36 months,30.99,G,G5,8 years,RENT,45000.0,Sep-2017,other,21.04,690.0
88782759,17475.0, 60 months,28.18,G,G1,< 1 year,MORTGAGE,46000.0,Sep-2016,debt_consolidation,34.52,665.0
117238443,10000.0, 36 months,30.99,G,G5,10+ years,MORTGAGE,54000.0,Aug-2017,credit_card,9.42,660.0
1376475,33000.0, 60 months,24.2,G,G1,10+ years,MORTGAGE,100000.0,Jul-2012,debt_consolidation,21.37,665.0
121926083,16075.0, 60 months,30.89,G,G3,10+ years,RENT,66000.0,Nov-2017,debt_consolidation,8.09,660.0
36611375,12125.0, 60 months,26.06,G,G5,10+ years,MORTGAGE,36000.0,Dec-2014,debt_consolidation,13.83,665.0
46671263,26500.0, 60 months,25.8,G,G1,10+ years,MORTGAGE,85000.0,Apr-2015,home_improvement,24.44,715.0
6905266,24000.0, 60 months,25.8,G,G1,< 1 year,RENT,130000.0,Aug-2013,debt_consolidation,27.58,685.0
109340989,35000.0, 36 months,30.99,G,G5,10+ years,MORTGAGE,95000.0,Jun-2017,small_business,16.07,695.0
118154965,35000.0, 36 months,30.99,G,G5,< 1 year,RENT,25000.0,Sep-2017,small_business,79.5,680.0
117875389,16000.0, 60 months,30.79,G,G1,5 years,MORTGAGE,38675.0,Sep-2017,other,30.32,675.0
115467549,14500.0, 60 months,30.99,G,G5,3 years,RENT,37752.0,Aug-2017,debt_consolidation,22.0,680.0
28082006,11975.0, 60 months,25.83,G,G2,< 1 year,RENT,40000.0,Oct-2014,small_business,5.67,710.0
107079006,12000.0, 60 months,30.89,G,G3,10+ years,MORTGAGE,100000.0,Apr-2017,major_purchase,31.03,690.0
1119853,20000.0, 60 months,23.13,G,G2,,MORTGAGE,53136.0,Feb-2012,home_improvement,3.36,660.0
12397850,18525.0, 60 months,25.89,G,G3,1 year,MORTGAGE,300000.0,Mar-2014,debt_consolidation,3.42,660.0
129092521,23975.0, 60 months,30.99,G,G5,< 1 year,RENT,86000.0,Feb-2018,other,29.19,700.0
12646268,14375.0, 60 months,25.83,G,G2,1 year,OWN,40000.0,Mar-2014,home_improvement,16.14,675.0
23283063,25925.0, 60 months,26.06,G,G5,10+ years,MORTGAGE,78360.0,Aug-2014,credit_card,33.71,665.0
98947825,18050.0, 60 months,30.84,G,G2,< 1 year,RENT,50180.0,Feb-2017,debt_consolidation,22.65,675.0
8084564,18225.0, 60 months,25.99,G,G4,10+ years,MORTGAGE,47000.0,Oct-2013,other,31.48,665.0
94418299,17525.0, 60 months,30.79,G,G1,3 years,MORTGAGE,46150.0,Dec-2016,debt_consolidation,26.35,665.0
1954802,30000.0, 60 months,24.89,G,G3,1 year,MORTGAGE,85000.0,Nov-2012,debt_consolidation,17.92,685.0
111828331,16000.0, 60 months,30.99,G,G5,2 years,MORTGAGE,75000.0,Jul-2017,debt_consolidation,24.4,660.0
115359795,14000.0, 60 months,30.94,G,G4,< 1 year,MORTGAGE,65000.0,Sep-2017,debt_consolidation,47.27,665.0
61382299,22700.0, 60 months,26.77,G,G1,5 years,RENT,236500.0,Oct-2015,debt_consolidation,12.09,660.0
33391526,12800.0, 60 months,25.99,G,G4,4 years,RENT,34000.0,Nov-2014,car,30.11,665.0
132885710,35000.0, 60 months,30.79,G,G1,1 year,RENT,47000.0,May-2018,credit_card,40.65,675.0
90785713,12125.0, 60 months,29.67,G,G3,7 years,RENT,33708.0,Oct-2016,debt_consolidation,7.58,660.0
59809543,35000.0, 60 months,27.31,G,G2,10+ years,RENT,130000.0,Sep-2015,debt_consolidation,10.39,715.0
111856053,15600.0, 60 months,30.79,G,G1,3 years,RENT,52000.0,Jul-2017,debt_consolidation,15.99,670.0
3698365,3500.0, 60 months,24.89,G,G5,5 years,RENT,33280.0,Mar-2013,other,14.42,665.0
77200131,18050.0, 60 months,29.67,G,G3,7 years,MORTGAGE,88000.0,May-2016,house,21.86,685.0
121373731,35000.0, 36 months,30.84,G,G2,,MORTGAGE,30000.0,Oct-2017,debt_consolidation,142.64,665.0
94186135,18000.0, 60 months,30.79,G,G1,10+ years,MORTGAGE,50000.0,Dec-2016,debt_consolidation,9.43,670.0
61361363,18000.0, 60 months,27.88,G,G3,8 years,MORTGAGE,105000.0,Oct-2015,debt_consolidation,11.66,680.0
19117435,13600.0, 60 months,26.06,G,G5,7 years,RENT,50000.0,Jun-2014,debt_consolidation,12.15,660.0
106806249,20000.0, 36 months,30.79,G,G1,6 years,RENT,85000.0,May-2017,debt_consolidation,34.22,670.0
79240728,20000.0, 60 months,29.96,G,G4,8 years,RENT,50000.0,Jun-2016,other,33.8,660.0
532621,24000.0, 60 months,20.9,G,G3,4 years,MORTGAGE,136000.0,Jun-2010,debt_consolidation,22.93,665.0
118068950,35000.0, 60 months,30.99,G,G5,1 year,OWN,137500.0,Sep-2017,credit_card,26.63,665.0
133396150,26100.0, 60 months,30.79,G,G1,< 1 year,RENT,50000.0,May-2018,house,1.44,715.0
32359085,5000.0, 36 months,25.89,G,G3,1 year,RENT,15000.0,Nov-2014,small_business,9.6,665.0
36733266,16975.0, 60 months,26.06,G,G5,10+ years,MORTGAGE,79120.0,Dec-2014,other,12.01,755.0
83174306,35000.0, 60 months,29.96,G,G4,10+ years,MORTGAGE,99625.0,Jun-2016,debt_consolidation,18.59,690.0
55948923,19200.0, 60 months,27.88,G,G3,10+ years,MORTGAGE,60000.0,Jul-2015,other,11.54,675.0
109952994,20000.0, 60 months,30.79,G,G1,< 1 year,OWN,46000.0,May-2017,debt_consolidation,20.35,700.0
26388532,29975.0, 60 months,26.06,G,G5,8 years,MORTGAGE,120000.0,Sep-2014,other,23.45,680.0
132669868,17600.0, 60 months,30.79,G,G1,,OWN,31000.0,May-2018,debt_consolidation,37.79,660.0
91128296,22000.0, 60 months,29.67,G,G3,< 1 year,MORTGAGE,59860.0,Oct-2016,debt_consolidation,21.55,695.0
72512424,11700.0, 60 months,27.34,G,G1,10+ years,MORTGAGE,39000.0,Feb-2016,debt_consolidation,23.78,690.0
94159186,35000.0, 60 months,30.94,G,G4,3 years,RENT,76887.0,Dec-2016,major_purchase,18.0,690.0
85562244,24000.0, 60 months,29.96,G,G4,4 years,OWN,75000.0,Jul-2016,credit_card,15.63,660.0
130789653,35000.0, 60 months,30.79,G,G1,,MORTGAGE,0.0,Mar-2018,debt_consolidation,,730.0
18976102,24525.0, 60 months,25.89,G,G3,5 years,RENT,77000.0,Jun-2014,debt_consolidation,26.34,675.0
68867005,35000.0, 60 months,26.99,G,G1,4 years,MORTGAGE,97500.0,Jan-2016,debt_consolidation,26.49,665.0
97162550,12000.0, 60 months,30.94,G,G4,8 years,MORTGAGE,60000.0,Jan-2017,credit_card,20.44,685.0
1422561,27000.0, 60 months,24.7,G,G1,5 years,RENT,68000.0,Aug-2012,debt_consolidation,19.76,670.0
77530658,7000.0, 36 months,28.18,G,G1,< 1 year,MORTGAGE,14000.0,Apr-2016,debt_consolidation,46.31,670.0
9068240,21100.0, 60 months,25.8,G,G1,3 years,MORTGAGE,48000.0,Dec-2013,debt_consolidation,16.55,660.0
61411915,16925.0, 60 months,28.49,G,G4,3 years,RENT,55000.0,Oct-2015,debt_consolidation,15.73,705.0
67397506,16625.0, 60 months,28.99,G,G5,10+ years,MORTGAGE,52000.0,Dec-2015,house,27.26,775.0
65794319,5000.0, 36 months,27.88,G,G3,,RENT,16668.0,Dec-2015,debt_consolidation,30.02,695.0
35074060,10500.0, 60 months,25.8,G,G1,< 1 year,OWN,35000.0,Nov-2014,debt_consolidation,31.14,715.0
87444908,12075.0, 60 months,28.88,G,G2,5 years,RENT,60000.0,Aug-2016,home_improvement,21.72,710.0
96974108,12600.0, 60 months,30.79,G,G1,5 years,MORTGAGE,88000.0,Jan-2017,credit_card,32.14,705.0
20719618,29325.0, 60 months,25.83,G,G2,6 years,MORTGAGE,70000.0,Jul-2014,home_improvement,9.25,715.0
94152512,12000.0, 60 months,30.79,G,G1,< 1 year,RENT,60000.0,Dec-2016,other,4.9,665.0
119299984,13075.0, 60 months,30.99,G,G5,3 years,OWN,31000.0,Sep-2017,debt_consolidation,14.32,660.0
62236589,28750.0, 60 months,26.77,G,G1,3 years,RENT,57500.0,Oct-2015,debt_consolidation,29.12,695.0
16922531,24500.0, 60 months,26.06,G,G5,10+ years,RENT,90000.0,May-2014,debt_consolidation,27.39,660.0
113964648,12000.0, 60 months,30.94,G,G4,8 years,RENT,74000.0,Sep-2017,house,16.12,660.0
58270341,27000.0, 60 months,26.77,G,G1,5 years,RENT,54000.0,Sep-2015,other,15.91,725.0
115360371,20000.0, 60 months,30.79,G,G1,8 years,RENT,48000.0,Sep-2017,other,23.88,700.0
113395268,37000.0, 60 months,30.99,G,G5,2 years,RENT,99125.0,Jul-2017,debt_consolidation,30.94,690.0
120207964,21000.0, 60 months,30.94,G,G4,10+ years,MORTGAGE,151000.0,Oct-2017,credit_card,27.69,665.0
66470236,18225.0, 60 months,27.88,G,G3,6 years,MORTGAGE,50000.0,Dec-2015,debt_consolidation,28.44,680.0
66461094,19025.0, 60 months,27.31,G,G2,7 years,RENT,46000.0,Dec-2015,other,26.58,680.0
9675820,35000.0, 60 months,25.8,G,G1,< 1 year,RENT,90000.0,Dec-2013,debt_consolidation,11.83,705.0
69614032,13500.0, 60 months,26.99,G,G1,3 years,MORTGAGE,45000.0,Jan-2016,debt_consolidation,34.08,665.0
48584616,22800.0, 60 months,25.8,G,G1,7 years,MORTGAGE,57000.0,May-2015,debt_consolidation,35.91,685.0
7679046,24575.0, 60 months,26.06,G,G5,10+ years,MORTGAGE,70200.0,Oct-2013,debt_consolidation,18.55,665.0
109232366,27600.0, 60 months,30.94,G,G4,3 years,RENT,60000.0,Jun-2017,other,34.23,680.0
23844771,3200.0, 36 months,25.8,G,G1,,RENT,9624.0,Aug-2014,medical,32.92,670.0
116828261,3550.0, 36 months,30.79,G,G1,< 1 year,RENT,43000.0,Sep-2017,debt_consolidation,34.3,690.0
93687205,10800.0, 60 months,30.89,G,G3,,MORTGAGE,38000.0,Nov-2016,moving,0.85,685.0
93790996,30000.0, 60 months,30.84,G,G2,10+ years,RENT,95000.0,Dec-2016,credit_card,29.45,660.0
44683686,4175.0, 36 months,25.8,G,G1,2 years,RENT,17000.0,Apr-2015,small_business,21.19,685.0
138814163,5775.0, 36 months,30.89,G,G3,< 1 year,RENT,16000.0,Aug-2018,other,30.91,690.0
60365862,18900.0, 60 months,27.88,G,G3,9 years,RENT,45000.0,Sep-2015,debt_consolidation,19.73,680.0
95091494,15000.0, 36 months,30.99,G,G5,< 1 year,OWN,52000.0,Dec-2016,credit_card,33.9,660.0
94038044,10850.0, 60 months,30.79,G,G1,2 years,MORTGAGE,34000.0,Dec-2016,debt_consolidation,18.99,670.0
45424955,21450.0, 60 months,25.83,G,G2,1 year,MORTGAGE,180000.0,Apr-2015,home_improvement,4.46,755.0
95063415,13200.0, 60 months,30.84,G,G2,7 years,MORTGAGE,40000.0,Dec-2016,medical,22.98,660.0
120230292,21000.0, 36 months,30.89,G,G3,5 years,MORTGAGE,120000.0,Oct-2017,debt_consolidation,9.33,665.0
76083860,11550.0, 60 months,28.67,G,G4,1 year,RENT,38000.0,Apr-2016,credit_card,24.26,675.0
46684935,12575.0, 60 months,25.99,G,G4,10+ years,MORTGAGE,30000.0,May-2015,debt_consolidation,16.84,710.0
24755065,25450.0, 60 months,25.83,G,G2,2 years,MORTGAGE,67000.0,Aug-2014,debt_consolidation,32.37,690.0
85086303,31700.0, 60 months,28.18,G,G1,5 years,MORTGAGE,129000.0,Jul-2016,home_improvement,30.58,700.0
23403149,17100.0, 60 months,25.8,G,G1,10+ years,RENT,68000.0,Aug-2014,debt_consolidation,37.38,685.0
7729007,28000.0, 60 months,26.06,G,G5,3 years,RENT,120000.0,Oct-2013,debt_consolidation,14.55,665.0
79291206,18050.0, 60 months,28.88,G,G2,9 years,RENT,70000.0,Jun-2016,debt_consolidation,29.59,670.0
46775510,11625.0, 60 months,25.89,G,G3,10+ years,MORTGAGE,50000.0,Apr-2015,debt_consolidation,13.58,660.0
15501222,25250.0, 60 months,25.99,G,G4,10+ years,MORTGAGE,72000.0,Jun-2014,debt_consolidation,18.92,670.0
73191549,10325.0, 60 months,28.14,G,G2,6 years,OWN,62000.0,Mar-2016,debt_consolidation,7.72,660.0
136625400,35000.0, 60 months,30.79,G,G1,10+ years,RENT,50000.0,Jul-2018,other,26.55,750.0
76201459,3900.0, 36 months,28.67,G,G4,,OWN,14000.0,Apr-2016,debt_consolidation,32.16,660.0
74743056,3600.0, 36 months,27.34,G,G1,,RENT,27000.0,Apr-2016,other,29.07,685.0
69977880,34000.0, 60 months,26.99,G,G1,2 years,OWN,68000.0,Jan-2016,debt_consolidation,23.72,700.0
2994578,34475.0, 60 months,24.7,G,G1,10+ years,RENT,116562.0,Jan-2013,debt_consolidation,14.22,680.0
66404212,32725.0, 60 months,28.49,G,G4,< 1 year,MORTGAGE,86000.0,Dec-2015,debt_consolidation,18.03,660.0
32389332,16875.0, 60 months,25.8,G,G1,2 years,RENT,67400.0,Nov-2014,debt_consolidation,27.21,700.0
41072413,23200.0, 60 months,25.99,G,G4,10+ years,RENT,70000.0,Feb-2015,house,22.78,725.0
106211896,10000.0, 60 months,30.79,G,G1,< 1 year,RENT,47000.0,Apr-2017,debt_consolidation,36.59,665.0
13957668,19275.0, 60 months,26.06,G,G5,10+ years,MORTGAGE,97000.0,Apr-2014,house,4.19,700.0
67266837,6600.0, 36 months,27.88,G,G3,9 years,RENT,22000.0,Dec-2015,debt_consolidation,34.81,690.0
121359340,14250.0, 36 months,30.94,G,G4,10+ years,RENT,96000.0,Nov-2017,other,9.13,675.0
3297740,26375.0, 60 months,24.7,G,G1,4 years,MORTGAGE,60000.0,Feb-2013,debt_consolidation,12.52,665.0
9185432,14825.0, 60 months,25.83,G,G2,10+ years,OWN,120000.0,Dec-2013,other,9.73,680.0
113151118,15000.0, 60 months,30.84,G,G2,9 years,MORTGAGE,63000.0,Aug-2017,credit_card,31.71,665.0
104302315,35000.0, 60 months,30.84,G,G2,7 years,RENT,91600.0,Apr-2017,debt_consolidation,16.12,750.0
54127673,12100.0, 36 months,26.77,G,G1,2 years,RENT,60000.0,Jul-2015,small_business,6.8,665.0
7617087,35000.0, 60 months,25.89,G,G3,10+ years,MORTGAGE,120000.0,Oct-2013,debt_consolidation,27.74,665.0
109981888,24000.0, 36 months,30.79,G,G1,2 years,MORTGAGE,50000.0,May-2017,small_business,31.54,715.0
56350414,29000.0, 60 months,27.31,G,G2,10+ years,OWN,58000.0,Jul-2015,home_improvement,9.93,670.0
90006753,14400.0, 60 months,29.96,G,G4,< 1 year,OWN,40000.0,Sep-2016,other,15.78,675.0
85676832,10000.0, 60 months,29.67,G,G3,10+ years,RENT,42000.0,Aug-2016,small_business,8.09,765.0
115350303,20000.0, 60 months,30.84,G,G2,,MORTGAGE,73678.0,Sep-2017,debt_consolidation,9.24,660.0
73701407,10500.0, 60 months,28.34,G,G3,5 years,RENT,35000.0,Mar-2016,debt_consolidation,33.06,665.0
121833872,22075.0, 60 months,30.79,G,G1,10+ years,RENT,70000.0,Oct-2017,credit_card,36.34,710.0
98169277,22000.0, 60 months,30.79,G,G1,< 1 year,RENT,87500.0,Feb-2017,debt_consolidation,16.18,735.0
12978598,24925.0, 60 months,26.06,G,G5,8 years,MORTGAGE,60000.0,Apr-2014,debt_consolidation,8.24,665.0
111740903,35000.0, 60 months,30.79,G,G1,10+ years,MORTGAGE,200000.0,Jul-2017,debt_consolidation,4.78,705.0
6697268,25000.0, 60 months,25.89,G,G3,3 years,RENT,93000.0,Aug-2013,wedding,4.4,725.0
60824866,35000.0, 60 months,26.77,G,G1,10+ years,MORTGAGE,105000.0,Oct-2015,debt_consolidation,14.63,690.0
56533114,25450.0, 36 months,27.31,G,G2,10+ years,MORTGAGE,67000.0,Aug-2015,debt_consolidation,30.25,660.0
76233386,10000.0, 60 months,27.34,G,G1,3 years,RENT,34000.0,Apr-2016,debt_consolidation,41.4,670.0
118180443,35000.0, 60 months,30.94,G,G4,< 1 year,OWN,66000.0,Sep-2017,major_purchase,22.69,705.0
92055226,30000.0, 60 months,30.94,G,G4,10+ years,MORTGAGE,73300.0,Oct-2016,debt_consolidation,30.93,710.0
119248329,20000.0, 60 months,30.94,G,G4,4 years,OWN,52000.0,Sep-2017,debt_consolidation,27.39,660.0
51817699,15300.0, 60 months,27.88,G,G3,2 years,MORTGAGE,45000.0,Jun-2015,debt_consolidation,26.37,680.0
10096288,8000.0, 60 months,25.8,G,G1,4 years,RENT,50000.0,Jan-2014,other,3.91,665.0
51546212,12300.0, 60 months,28.99,G,G5,4 years,OWN,41000.0,Jun-2015,debt_consolidation,29.51,695.0
19967246,12825.0, 60 months,25.8,G,G1,5 years,MORTGAGE,42066.0,Jul-2014,other,30.41,660.0
135035375,25000.0, 60 months,30.79,G,G1,6 years,RENT,80000.0,Jun-2018,debt_consolidation,22.85,685.0
118323393,12000.0, 60 months,30.79,G,G1,10+ years,OWN,42000.0,Sep-2017,debt_consolidation,28.74,665.0
77200329,27600.0, 60 months,27.34,G,G1,4 years,RENT,75000.0,Apr-2016,debt_consolidation,28.72,675.0
113086221,30000.0, 60 months,30.94,G,G4,3 years,MORTGAGE,35000.0,Aug-2017,credit_card,22.02,665.0
51025286,26000.0, 60 months,27.31,G,G2,10+ years,OWN,65000.0,Jun-2015,other,16.03,685.0
94337083,30000.0, 60 months,30.79,G,G1,10+ years,RENT,60000.0,Dec-2016,debt_consolidation,30.22,665.0
119413613,12175.0, 60 months,30.99,G,G5,,MORTGAGE,20400.0,Sep-2017,debt_consolidation,82.82,680.0
100455646,30000.0, 60 months,30.99,G,G5,10+ years,MORTGAGE,92000.0,Mar-2017,debt_consolidation,17.38,665.0
71856544,12600.0, 60 months,28.14,G,G2,10+ years,MORTGAGE,35000.0,Feb-2016,debt_consolidation,32.54,685.0
57588374,25500.0, 60 months,28.49,G,G4,6 years,MORTGAGE,75000.0,Aug-2015,small_business,22.7,675.0
22373027,25000.0, 60 months,25.83,G,G2,8 years,OWN,117000.0,Aug-2014,other,18.49,670.0
113144672,15000.0, 60 months,30.94,G,G4,5 years,RENT,60000.0,Jul-2017,debt_consolidation,12.02,665.0
105153981,10000.0, 60 months,30.89,G,G3,4 years,RENT,38000.0,May-2017,other,16.41,685.0
88655579,12950.0, 60 months,29.96,G,G4,2 years,OWN,36000.0,Aug-2016,house,24.5,660.0
113494633,24000.0, 60 months,30.94,G,G4,10+ years,MORTGAGE,47500.0,Aug-2017,debt_consolidation,24.89,670.0
77440247,30000.0, 36 months,28.88,G,G2,9 years,RENT,110855.0,May-2016,other,13.57,705.0
67205543,8425.0, 36 months,27.31,G,G2,4 years,OWN,35000.0,Dec-2015,small_business,4.87,675.0
5115188,26325.0, 60 months,24.7,G,G1,2 years,RENT,60000.0,May-2013,debt_consolidation,9.18,665.0
97789441,35000.0, 36 months,30.89,G,G3,7 years,MORTGAGE,85000.0,Feb-2017,debt_consolidation,24.75,680.0
120162695,6000.0, 36 months,30.84,G,G2,10+ years,OWN,125000.0,Oct-2017,debt_consolidation,5.19,660.0
75050761,13200.0, 60 months,28.14,G,G2,10+ years,RENT,33000.0,Apr-2016,debt_consolidation,45.45,675.0
19176229,35000.0, 60 months,25.99,G,G4,7 years,RENT,120000.0,Jun-2014,house,13.78,700.0
75953671,30800.0, 60 months,27.34,G,G1,2 years,RENT,67000.0,Apr-2016,debt_consolidation,4.21,670.0
6578402,35000.0, 60 months,25.99,G,G4,8 years,MORTGAGE,130000.0,Aug-2013,small_business,14.35,680.0
79613201,22000.0, 60 months,28.18,G,G1,3 years,RENT,50000.0,Jun-2016,debt_consolidation,35.33,665.0
70911336,12600.0, 60 months,28.99,G,G5,7 years,MORTGAGE,30000.0,Feb-2016,debt_consolidation,6.44,710.0
54238521,31450.0, 60 months,27.31,G,G2,10+ years,RENT,165000.0,Jul-2015,debt_consolidation,15.07,660.0
121837934,20000.0, 60 months,30.79,G,G1,4 years,RENT,50000.0,Oct-2017,debt_consolidation,12.46,680.0
110050911,14325.0, 36 months,30.94,G,G4,1 year,RENT,50000.0,Jun-2017,debt_consolidation,28.47,675.0
143520082,1000.0, 36 months,30.84,G,G2,3 years,RENT,19437.0,Nov-2018,other,30.27,710.0
6897501,30000.0, 60 months,25.8,G,G1,6 years,OWN,93000.0,Sep-2013,credit_card,29.33,700.0
90936136,14000.0, 60 months,30.99,G,G5,2 years,RENT,95000.0,Oct-2016,other,11.42,665.0
112062985,17300.0, 36 months,30.89,G,G3,10+ years,OWN,85000.0,Jun-2017,debt_consolidation,31.18,670.0
61540951,4550.0, 36 months,28.49,G,G4,9 years,MORTGAGE,30000.0,Oct-2015,credit_card,23.84,660.0
65984314,15025.0, 60 months,27.88,G,G3,< 1 year,RENT,63000.0,Dec-2015,other,15.77,675.0
29214248,10750.0, 60 months,25.8,G,G1,< 1 year,RENT,30000.0,Oct-2014,other,20.2,685.0
112876221,2150.0, 36 months,30.94,G,G4,3 years,RENT,50000.0,Jul-2017,moving,6.07,660.0
129686778,20475.0, 60 months,30.79,G,G1,1 year,MORTGAGE,61000.0,Mar-2018,debt_consolidation,31.09,675.0
8644687,20000.0, 60 months,25.8,G,G1,< 1 year,RENT,57888.0,Nov-2013,debt_consolidation,9.04,670.0
15651382,11200.0, 60 months,25.8,G,G1,4 years,RENT,35000.0,May-2014,other,29.82,680.0
20169045,34550.0, 60 months,26.06,G,G5,9 years,MORTGAGE,96000.0,Jul-2014,other,12.35,680.0
57704004,10875.0, 60 months,28.99,G,G5,10+ years,RENT,34000.0,Aug-2015,credit_card,31.31,670.0
109235606,10000.0, 60 months,30.89,G,G3,3 years,OWN,31200.0,May-2017,credit_card,32.31,660.0
90926525,19025.0, 60 months,28.18,G,G1,6 years,RENT,63000.0,Oct-2016,debt_consolidation,28.44,665.0
50578354,17300.0, 36 months,26.77,G,G1,2 years,RENT,48100.0,Jun-2015,moving,14.15,745.0
116845022,36000.0, 60 months,30.79,G,G1,10+ years,MORTGAGE,72000.0,Sep-2017,small_business,23.78,700.0
75233756,35000.0, 60 months,27.34,G,G1,10+ years,MORTGAGE,95000.0,Mar-2016,debt_consolidation,22.3,660.0
12516200,23000.0, 60 months,25.83,G,G2,10+ years,MORTGAGE,80000.0,Feb-2014,debt_consolidation,21.26,670.0
27109856,18000.0, 60 months,25.89,G,G3,10+ years,OWN,55000.0,Sep-2014,debt_consolidation,12.87,710.0
95269782,23550.0, 60 months,30.79,G,G1,< 1 year,MORTGAGE,54000.0,Jan-2017,debt_consolidation,19.11,715.0
23232758,25000.0, 60 months,25.83,G,G2,2 years,RENT,90000.0,Aug-2014,moving,15.73,705.0
55928303,33425.0, 60 months,28.99,G,G5,< 1 year,RENT,88000.0,Jul-2015,debt_consolidation,15.96,660.0
7255108,25000.0, 60 months,25.83,G,G2,< 1 year,RENT,147500.0,Oct-2013,debt_consolidation,13.92,690.0
75517756,19050.0, 60 months,28.34,G,G3,,MORTGAGE,38136.0,Apr-2016,debt_consolidation,9.41,670.0
65353022,14000.0, 60 months,27.88,G,G3,8 years,RENT,55000.0,Nov-2015,other,18.07,690.0
117879735,6000.0, 36 months,30.79,G,G1,10+ years,MORTGAGE,87000.0,Sep-2017,debt_consolidation,20.94,665.0
75232245,4150.0, 36 months,27.34,G,G1,< 1 year,RENT,27000.0,Mar-2016,debt_consolidation,24.8,710.0
71683308,35000.0, 60 months,27.34,G,G1,2 years,MORTGAGE,248900.0,Feb-2016,home_improvement,35.95,715.0
121722351,20700.0, 60 months,30.84,G,G2,5 years,MORTGAGE,45000.0,Oct-2017,other,24.16,685.0
68995018,14475.0, 36 months,27.49,G,G2,8 years,RENT,58000.0,Jan-2016,other,12.09,700.0
106501885,35000.0, 60 months,30.84,G,G2,1 year,RENT,76600.0,May-2017,debt_consolidation,10.78,705.0
112872781,28000.0, 36 months,30.99,G,G5,10+ years,RENT,92163.0,Jul-2017,debt_consolidation,21.13,710.0
40217709,24800.0, 60 months,25.83,G,G2,6 years,OWN,128000.0,Jan-2015,debt_consolidation,14.79,665.0
60476170,28000.0, 60 months,27.31,G,G2,2 years,RENT,250000.0,Sep-2015,other,23.51,745.0
28743086,18675.0, 60 months,25.83,G,G2,7 years,MORTGAGE,55000.0,Oct-2014,debt_consolidation,21.91,690.0
57991149,6375.0, 36 months,28.49,G,G4,8 years,OWN,24000.0,Aug-2015,debt_consolidation,19.4,695.0
70620494,12000.0, 60 months,28.14,G,G2,10+ years,MORTGAGE,95000.0,Feb-2016,other,31.13,670.0
93676154,7475.0, 36 months,30.79,G,G1,,RENT,24999.0,Dec-2016,debt_consolidation,26.07,675.0
11717932,28000.0, 60 months,25.8,G,G1,10+ years,MORTGAGE,150000.0,Feb-2014,credit_card,24.47,690.0
137040795,4000.0, 36 months,30.84,G,G2,6 years,MORTGAGE,40000.0,Jul-2018,other,11.88,700.0
590102,20000.0, 60 months,21.27,G,G4,3 years,MORTGAGE,126000.0,Oct-2010,debt_consolidation,9.39,665.0
5976653,17475.0, 60 months,25.83,G,G2,10+ years,MORTGAGE,70000.0,Jul-2013,small_business,23.93,675.0
90392702,33525.0, 60 months,28.88,G,G2,,RENT,111000.0,Sep-2016,other,12.13,755.0
91011684,19675.0, 60 months,28.18,G,G1,6 years,MORTGAGE,65000.0,Oct-2016,debt_consolidation,31.06,720.0
42285293,29250.0, 60 months,25.8,G,G1,6 years,MORTGAGE,144000.0,Mar-2015,debt_consolidation,12.03,665.0
54393585,3875.0, 36 months,28.49,G,G4,9 years,OWN,20000.0,Jul-2015,house,20.05,715.0
24174701,12700.0, 60 months,25.83,G,G2,7 years,RENT,37482.0,Aug-2014,debt_consolidation,17.74,660.0
99657842,35000.0, 60 months,30.79,G,G1,5 years,MORTGAGE,94000.0,Feb-2017,debt_consolidation,17.13,710.0
21921401,21750.0, 60 months,25.99,G,G4,10+ years,MORTGAGE,68000.0,Jul-2014,credit_card,26.21,670.0
85689208,11000.0, 60 months,28.88,G,G2,6 years,MORTGAGE,55000.0,Jul-2016,home_improvement,33.54,690.0
70947060,20225.0, 60 months,27.34,G,G1,10+ years,OWN,59500.0,Feb-2016,debt_consolidation,44.71,670.0
1133113,16100.0, 60 months,22.74,G,G1,< 1 year,RENT,65000.0,Feb-2012,debt_consolidation,24.38,660.0
47777166,35000.0, 36 months,25.99,G,G4,9 years,MORTGAGE,271000.0,May-2015,debt_consolidation,15.97,665.0
11385462,4375.0, 60 months,25.89,G,G3,5 years,RENT,180000.0,Jan-2014,medical,3.13,675.0
73491677,33000.0, 60 months,28.67,G,G4,2 years,RENT,75000.0,Mar-2016,debt_consolidation,36.73,695.0
46125590,22375.0, 60 months,25.89,G,G3,9 years,OWN,70000.0,Apr-2015,credit_card,23.45,680.0
12356620,8225.0, 60 months,26.06,G,G5,10+ years,MORTGAGE,60000.0,Feb-2014,medical,7.46,670.0
77436411,23900.0, 60 months,28.67,G,G4,10+ years,RENT,86250.0,Apr-2016,debt_consolidation,19.35,670.0
12565931,22100.0, 60 months,26.06,G,G5,10+ years,RENT,65000.0,Mar-2014,debt_consolidation,28.82,690.0
787086,20000.0, 60 months,22.11,G,G1,9 years,RENT,85000.0,Jun-2011,debt_consolidation,13.68,660.0
56572640,30000.0, 60 months,26.77,G,G1,7 years,MORTGAGE,80000.0,Jul-2015,debt_consolidation,21.36,675.0
1367016,25000.0, 60 months,24.33,G,G2,5 years,RENT,65000.0,Jul-2012,credit_card,14.1,665.0
44066460,30000.0, 60 months,25.89,G,G3,10+ years,MORTGAGE,111339.0,Mar-2015,debt_consolidation,18.31,675.0
4895227,20000.0, 60 months,24.7,G,G1,10+ years,MORTGAGE,72000.0,May-2013,home_improvement,14.52,685.0
84554822,14000.0, 60 months,28.18,G,G1,4 years,MORTGAGE,128000.0,Jul-2016,debt_consolidation,33.36,690.0
74541404,20000.0, 60 months,27.34,G,G1,10+ years,RENT,90000.0,Mar-2016,credit_card,19.19,660.0
114161248,15000.0, 60 months,30.89,G,G3,5 years,MORTGAGE,60000.0,Aug-2017,debt_consolidation,13.2,660.0
1691812,25200.0, 60 months,24.83,G,G2,6 years,RENT,61000.0,Nov-2012,credit_card,18.18,695.0
7495648,32875.0, 60 months,25.8,G,G1,10+ years,MORTGAGE,73572.0,Oct-2013,debt_consolidation,16.1,690.0
113124779,30000.0, 60 months,30.99,G,G5,10+ years,RENT,130000.0,Jul-2017,debt_consolidation,16.25,705.0
13367326,13300.0, 60 months,25.83,G,G2,9 years,RENT,52000.0,Apr-2014,small_business,9.46,695.0
76061968,23550.0, 60 months,28.99,G,G5,2 years,RENT,62000.0,Mar-2016,debt_consolidation,40.11,675.0
6564601,30000.0, 60 months,25.8,G,G1,10+ years,MORTGAGE,90000.0,Aug-2013,debt_consolidation,24.92,675.0
113012398,24250.0, 60 months,30.99,G,G5,1 year,MORTGAGE,115000.0,Jul-2017,debt_consolidation,28.54,680.0
107970488,21300.0, 60 months,30.99,G,G5,10+ years,MORTGAGE,92087.0,Jun-2017,debt_consolidation,29.23,715.0
28422620,29175.0, 60 months,25.89,G,G3,10+ years,MORTGAGE,66435.0,Oct-2014,debt_consolidation,36.94,660.0
116803768,35000.0, 60 months,30.84,G,G2,10+ years,RENT,165756.0,Sep-2017,credit_card,33.74,665.0
72144368,15000.0, 36 months,28.99,G,G5,1 year,RENT,50000.0,Feb-2016,debt_consolidation,31.23,660.0
280733,10100.0, 36 months,17.97,G,G3,2 years,RENT,47216.0,Mar-2008,debt_consolidation,23.53,640.0
